date,structural_liquidity_bln,stress_label,stress_intensity
2014-01-01,2629.11,0,0.0
2014-01-02,2500.73,0,0.0
2014-01-03,2631.12,0,0.0
2014-01-04,2584.64,0,0.0
2014-01-05,2614.44,0,0.0
2014-01-06,2626.06,0,0.0
2014-01-07,2624.31,0,0.0
2014-01-08,2699.13,0,0.0
2014-01-09,2610.21,0,0.0
2014-01-10,2621.28,0,0.0
2014-01-11,2696.43,0,0.0
2014-01-12,2734.29,0,0.0
2014-01-13,2610.84,0,0.0
2014-01-14,2579.7,0,0.0
2014-01-15,2583.92,0,0.0
2014-01-16,2644.28,0,0.0
2014-01-17,2602.76,0,0.0
2014-01-18,2323.27,0,0.0
2014-01-19,2510.97,0,0.0
2014-01-20,2491.97,0,0.0
2014-01-21,2514.49,0,0.0
2014-01-22,2528.32,0,0.0
2014-01-23,2454.34,0,0.0
2014-01-24,2459.87,0,0.0
2014-01-25,2509.36,0,0.0
2014-01-26,2365.94,0,0.0
2014-01-27,2423.0,0,0.0
2014-01-28,2443.04,0,0.0
2014-01-29,2507.81,0,0.0
2014-01-30,2413.87,0,0.0
2014-01-31,2403.57,0,0.0
2014-02-01,2422.83,0,0.0
2014-02-02,2482.36,0,0.0
2014-02-03,2448.38,0,0.0
2014-02-04,2359.5,0,0.0
2014-02-05,2553.3,0,0.0
2014-02-06,2644.64,0,0.0
2014-02-07,2647.78,0,0.0
2014-02-08,2639.51,0,0.0
2014-02-09,2608.1,0,0.0
2014-02-10,2690.87,0,0.0
2014-02-11,2664.63,0,0.0
2014-02-12,2663.39,0,0.0
2014-02-13,2666.67,0,0.0
2014-02-14,2747.4,0,0.0
2014-02-15,2577.96,0,0.0
2014-02-16,2618.13,0,0.0
2014-02-17,2624.61,0,0.0
2014-02-18,2549.18,0,0.0
2014-02-19,2444.1,0,0.0
2014-02-20,2417.85,0,0.0
2014-02-21,2463.44,0,0.0
2014-02-22,2478.08,0,0.0
2014-02-23,2550.0,0,0.0
2014-02-24,2448.51,0,0.0
2014-02-25,2429.46,0,0.0
2014-02-26,2415.96,0,0.0
2014-02-27,2453.67,0,0.0
2014-02-28,2643.64,0,0.0
2014-03-01,2502.81,0,0.0
2014-03-02,2517.78,0,0.0
2014-03-03,2479.82,0,0.0
2014-03-04,2489.71,0,0.0
2014-03-05,2532.84,0,0.0
2014-03-06,2519.23,0,0.0
2014-03-07,2506.29,0,0.0
2014-03-08,2665.58,0,0.0
2014-03-09,2642.56,0,0.0
2014-03-10,2693.98,0,0.0
2014-03-11,2672.75,0,0.0
2014-03-12,2806.88,0,0.0
2014-03-13,2737.46,0,0.0
2014-03-14,2626.27,0,0.0
2014-03-15,2594.99,0,0.0
2014-03-16,2646.05,0,0.0
2014-03-17,2602.44,0,0.0
2014-03-18,2463.97,0,0.0
2014-03-19,2431.65,0,0.0
2014-03-20,2474.32,0,0.0
2014-03-21,2476.01,0,0.0
2014-03-22,2506.96,0,0.0
2014-03-23,2484.85,0,0.0
2014-03-24,2440.54,0,0.0
2014-03-25,2579.06,0,0.0
2014-03-26,2527.18,0,0.0
2014-03-27,2466.49,0,0.0
2014-03-28,2445.17,0,0.0
2014-03-29,2408.28,0,0.0
2014-03-30,2404.41,0,0.0
2014-03-31,2573.5,0,0.0
2014-04-01,2567.48,0,0.0
2014-04-02,2469.2,0,0.0
2014-04-03,2596.85,0,0.0
2014-04-04,2549.01,0,0.0
2014-04-05,2523.0,0,0.0
2014-04-06,2566.68,0,0.0
2014-04-07,2551.71,0,0.0
2014-04-08,2702.36,0,0.0
2014-04-09,2677.63,0,0.0
2014-04-10,2687.12,0,0.0
2014-04-11,2590.42,0,0.0
2014-04-12,2643.74,0,0.0
2014-04-13,2813.64,0,0.0
2014-04-14,2643.69,0,0.0
2014-04-15,2578.02,0,0.0
2014-04-16,2757.9,0,0.0
2014-04-17,2716.14,0,0.0
2014-04-18,2540.63,0,0.0
2014-04-19,2511.4,0,0.0
2014-04-20,2581.66,0,0.0
2014-04-21,2622.71,0,0.0
2014-04-22,2490.2,0,0.0
2014-04-23,2566.05,0,0.0
2014-04-24,2598.42,0,0.0
2014-04-25,2488.98,0,0.0
2014-04-26,2625.46,0,0.0
2014-04-27,2600.62,0,0.0
2014-04-28,2448.2,0,0.0
2014-04-29,2633.4,0,0.0
2014-04-30,2453.2,0,0.0
2014-05-01,2486.62,0,0.0
2014-05-02,2576.53,0,0.0
2014-05-03,2600.57,0,0.0
2014-05-04,2540.06,0,0.0
2014-05-05,2493.48,0,0.0
2014-05-06,2698.29,0,0.0
2014-05-07,2691.36,0,0.0
2014-05-08,2771.4,0,0.0
2014-05-09,2691.1,0,0.0
2014-05-10,2675.87,0,0.0
2014-05-11,2622.97,0,0.0
2014-05-12,2681.11,0,0.0
2014-05-13,2712.79,0,0.0
2014-05-14,2647.75,0,0.0
2014-05-15,2608.55,0,0.0
2014-05-16,2786.39,0,0.0
2014-05-17,2658.4,0,0.0
2014-05-18,2459.04,0,0.0
2014-05-19,2646.89,0,0.0
2014-05-20,2600.76,0,0.0
2014-05-21,2612.96,0,0.0
2014-05-22,2579.85,0,0.0
2014-05-23,2632.96,0,0.0
2014-05-24,2605.85,0,0.0
2014-05-25,2526.74,0,0.0
2014-05-26,2480.59,0,0.0
2014-05-27,2467.11,0,0.0
2014-05-28,2542.12,0,0.0
2014-05-29,2480.38,0,0.0
2014-05-30,2500.71,0,0.0
2014-05-31,2543.33,0,0.0
2014-06-01,2644.76,0,0.0
2014-06-02,2456.38,0,0.0
2014-06-03,2557.16,0,0.0
2014-06-04,2474.55,0,0.0
2014-06-05,2700.38,0,0.0
2014-06-06,2797.63,0,0.0
2014-06-07,2682.7,0,0.0
2014-06-08,2721.36,0,0.0
2014-06-09,2748.28,0,0.0
2014-06-10,2785.32,0,0.0
2014-06-11,2704.76,0,0.0
2014-06-12,2822.95,0,0.0
2014-06-13,2712.68,0,0.0
2014-06-14,2773.72,0,0.0
2014-06-15,2730.5,0,0.0
2014-06-16,2791.61,0,0.0
2014-06-17,2875.84,0,0.0
2014-06-18,2546.61,0,0.0
2014-06-19,2564.2,0,0.0
2014-06-20,2537.75,0,0.0
2014-06-21,2528.33,0,0.0
2014-06-22,2521.54,0,0.0
2014-06-23,2566.36,0,0.0
2014-06-24,2517.64,0,0.0
2014-06-25,2520.17,0,0.0
2014-06-26,2363.51,0,0.0
2014-06-27,2659.84,0,0.0
2014-06-28,2677.22,0,0.0
2014-06-29,2613.09,0,0.0
2014-06-30,2514.66,0,0.0
2014-07-01,2489.88,0,0.0
2014-07-02,2470.84,0,0.0
2014-07-03,2614.61,0,0.0
2014-07-04,2655.83,0,0.0
2014-07-05,2584.9,0,0.0
2014-07-06,2630.38,0,0.0
2014-07-07,2604.05,0,0.0
2014-07-08,2705.53,0,0.0
2014-07-09,2821.75,0,0.0
2014-07-10,2818.09,0,0.0
2014-07-11,2692.74,0,0.0
2014-07-12,2810.07,0,0.0
2014-07-13,2748.49,0,0.0
2014-07-14,2741.61,0,0.0
2014-07-15,2784.42,0,0.0
2014-07-16,2782.88,0,0.0
2014-07-17,2817.73,0,0.0
2014-07-18,2525.21,0,0.0
2014-07-19,2617.63,0,0.0
2014-07-20,2505.92,0,0.0
2014-07-21,2570.14,0,0.0
2014-07-22,2574.91,0,0.0
2014-07-23,2645.68,0,0.0
2014-07-24,2583.65,0,0.0
2014-07-25,2566.45,0,0.0
2014-07-26,2676.57,0,0.0
2014-07-27,2556.41,0,0.0
2014-07-28,2554.08,0,0.0
2014-07-29,2463.13,0,0.0
2014-07-30,2571.4,0,0.0
2014-07-31,2524.81,0,0.0
2014-08-01,2569.98,0,0.0
2014-08-02,2602.25,0,0.0
2014-08-03,2516.5,0,0.0
2014-08-04,2533.91,0,0.0
2014-08-05,2663.8,0,0.0
2014-08-06,2734.99,0,0.0
2014-08-07,2707.09,0,0.0
2014-08-08,2908.2,0,0.0
2014-08-09,2866.94,0,0.0
2014-08-10,2856.73,0,0.0
2014-08-11,2685.69,0,0.0
2014-08-12,2758.65,0,0.0
2014-08-13,2692.29,0,0.0
2014-08-14,2890.6,0,0.0
2014-08-15,2825.15,0,0.0
2014-08-16,2703.02,0,0.0
2014-08-17,2795.76,0,0.0
2014-08-18,2495.67,0,0.0
2014-08-19,2583.46,0,0.0
2014-08-20,2581.2,0,0.0
2014-08-21,2640.97,0,0.0
2014-08-22,2657.38,0,0.0
2014-08-23,2594.76,0,0.0
2014-08-24,2579.15,0,0.0
2014-08-25,2383.67,0,0.0
2014-08-26,2695.76,0,0.0
2014-08-27,2551.72,0,0.0
2014-08-28,2601.35,0,0.0
2014-08-29,2741.79,0,0.0
2014-08-30,2517.57,0,0.0
2014-08-31,2596.79,0,0.0
2014-09-01,2627.93,0,0.0
2014-09-02,2666.86,0,0.0
2014-09-03,2596.14,0,0.0
2014-09-04,2672.68,0,0.0
2014-09-05,2749.45,0,0.0
2014-09-06,2811.99,0,0.0
2014-09-07,2803.75,0,0.0
2014-09-08,2771.11,0,0.0
2014-09-09,2798.24,0,0.0
2014-09-10,2720.53,0,0.0
2014-09-11,2758.14,0,0.0
2014-09-12,2694.06,0,0.0
2014-09-13,2749.16,0,0.0
2014-09-14,2852.0,0,0.0
2014-09-15,2805.49,0,0.0
2014-09-16,2798.32,0,0.0
2014-09-17,2674.51,0,0.0
2014-09-18,2619.37,0,0.0
2014-09-19,2594.61,0,0.0
2014-09-20,2633.74,0,0.0
2014-09-21,2688.83,0,0.0
2014-09-22,2572.44,0,0.0
2014-09-23,2578.61,0,0.0
2014-09-24,2658.9,0,0.0
2014-09-25,2560.09,0,0.0
2014-09-26,2605.07,0,0.0
2014-09-27,2469.69,0,0.0
2014-09-28,2579.52,0,0.0
2014-09-29,2684.44,0,0.0
2014-09-30,2621.47,0,0.0
2014-10-01,2658.19,0,0.0
2014-10-02,2661.93,0,0.0
2014-10-03,2687.51,0,0.0
2014-10-04,2577.28,0,0.0
2014-10-05,2661.12,0,0.0
2014-10-06,2745.98,0,0.0001
2014-10-07,2598.18,0,0.0001
2014-10-08,2694.11,0,0.0001
2014-10-09,2741.21,0,0.0001
2014-10-10,2810.29,0,0.0002
2014-10-11,2671.8,0,0.0002
2014-10-12,2730.21,0,0.0003
2014-10-13,2758.23,0,0.0003
2014-10-14,2786.7,0,0.0004
2014-10-15,2896.2,0,0.0005
2014-10-16,2823.97,0,0.0007
2014-10-17,2706.65,0,0.0009
2014-10-18,2850.19,0,0.0011
2014-10-19,2597.41,0,0.0014
2014-10-20,2488.87,0,0.0018
2014-10-21,2530.13,0,0.0022
2014-10-22,2529.96,0,0.0027
2014-10-23,2508.77,0,0.0034
2014-10-24,2628.92,0,0.0041
2014-10-25,2421.25,0,0.0051
2014-10-26,2657.29,0,0.0062
2014-10-27,2645.01,0,0.0076
2014-10-28,2560.77,0,0.0092
2014-10-29,2648.04,0,0.0111
2014-10-30,2515.24,0,0.0134
2014-10-31,2528.87,0,0.016
2014-11-01,2616.27,0,0.0192
2014-11-02,2563.35,0,0.0228
2014-11-03,2532.2,0,0.027
2014-11-04,2560.69,0,0.0319
2014-11-05,2828.32,0,0.0375
2014-11-06,2819.55,0,0.0439
2014-11-07,2756.93,0,0.0513
2014-11-08,2698.08,0,0.0596
2014-11-09,2745.98,0,0.069
2014-11-10,2645.82,0,0.0796
2014-11-11,2766.45,0,0.0914
2014-11-12,2739.55,0,0.1046
2014-11-13,2789.25,0,0.1192
2014-11-14,2596.04,0,0.1353
2014-11-15,2570.95,0,0.1531
2014-11-16,2648.4,0,0.1724
2014-11-17,2574.56,0,0.1935
2014-11-18,2455.45,0,0.2163
2014-11-19,2452.64,0,0.2408
2014-11-20,2452.5,0,0.2671
2014-11-21,2318.82,0,0.295
2014-11-22,2343.87,0,0.3247
2014-11-23,2223.15,0,0.3559
2014-11-24,2239.58,0,0.3886
2014-11-25,2189.4,0,0.4226
2014-11-26,2152.21,1,0.4578
2014-11-27,2243.02,1,0.4941
2014-11-28,2001.79,1,0.5311
2014-11-29,2052.74,1,0.5687
2014-11-30,2020.32,1,0.6065
2014-12-01,2022.4,1,0.6444
2014-12-02,1873.31,1,0.6819
2014-12-03,1889.82,1,0.7189
2014-12-04,1836.06,1,0.7548
2014-12-05,1695.17,1,0.7895
2014-12-06,2065.39,1,0.8226
2014-12-07,1864.43,1,0.8537
2014-12-08,1828.07,1,0.8825
2014-12-09,1968.63,1,0.9087
2014-12-10,1862.75,1,0.9321
2014-12-11,1845.43,1,0.9523
2014-12-12,1830.29,1,0.9692
2014-12-13,1905.39,1,0.9826
2014-12-14,1790.18,1,0.9922
2014-12-15,1858.83,1,0.998
2014-12-16,1743.77,1,1.0
2014-12-17,1840.89,1,0.998
2014-12-18,1703.28,1,0.9922
2014-12-19,1744.72,1,0.9826
2014-12-20,1565.0,1,0.9692
2014-12-21,1662.07,1,0.9523
2014-12-22,1804.09,1,0.9321
2014-12-23,1781.92,1,0.9087
2014-12-24,1733.59,1,0.8825
2014-12-25,1773.75,1,0.8537
2014-12-26,1821.94,1,0.8226
2014-12-27,1809.38,1,0.7895
2014-12-28,1901.72,1,0.7548
2014-12-29,1931.79,1,0.7189
2014-12-30,1862.1,1,0.6819
2014-12-31,1937.96,1,0.6444
2015-01-01,1975.81,1,0.6065
2015-01-02,2024.24,1,0.5687
2015-01-03,2093.64,1,0.5311
2015-01-04,2122.55,1,0.4941
2015-01-05,2098.0,1,0.4578
2015-01-06,2264.91,0,0.4226
2015-01-07,2209.99,0,0.3886
2015-01-08,2515.38,0,0.3559
2015-01-09,2543.03,0,0.3247
2015-01-10,2408.24,0,0.295
2015-01-11,2471.3,0,0.2671
2015-01-12,2500.5,0,0.2408
2015-01-13,2570.79,0,0.2163
2015-01-14,2618.79,0,0.1935
2015-01-15,2600.62,0,0.1724
2015-01-16,2573.15,0,0.1531
2015-01-17,2732.63,0,0.1353
2015-01-18,2431.58,0,0.1192
2015-01-19,2521.66,0,0.1046
2015-01-20,2483.02,0,0.0914
2015-01-21,2491.91,0,0.0796
2015-01-22,2549.44,0,0.069
2015-01-23,2614.33,0,0.0596
2015-01-24,2541.21,0,0.0513
2015-01-25,2496.02,0,0.0439
2015-01-26,2629.55,0,0.0375
2015-01-27,2570.22,0,0.0319
2015-01-28,2553.26,0,0.027
2015-01-29,2612.42,0,0.0228
2015-01-30,2569.44,0,0.0192
2015-01-31,2710.58,0,0.016
2015-02-01,2552.94,0,0.0134
2015-02-02,2629.11,0,0.0111
2015-02-03,2584.34,0,0.0092
2015-02-04,2585.06,0,0.0076
2015-02-05,2713.7,0,0.0062
2015-02-06,2714.49,0,0.0051
2015-02-07,2770.26,0,0.0041
2015-02-08,2681.67,0,0.0034
2015-02-09,2700.69,0,0.0027
2015-02-10,2738.97,0,0.0022
2015-02-11,2818.38,0,0.0018
2015-02-12,2742.69,0,0.0014
2015-02-13,2741.29,0,0.0011
2015-02-14,2667.86,0,0.0009
2015-02-15,2846.42,0,0.0007
2015-02-16,2807.65,0,0.0005
2015-02-17,2814.42,0,0.0004
2015-02-18,2460.15,0,0.0003
2015-02-19,2576.83,0,0.0003
2015-02-20,2492.38,0,0.0002
2015-02-21,2602.89,0,0.0002
2015-02-22,2573.01,0,0.0001
2015-02-23,2585.17,0,0.0001
2015-02-24,2504.2,0,0.0001
2015-02-25,2482.52,0,0.0001
2015-02-26,2507.78,0,0.0
2015-02-27,2568.74,0,0.0
2015-02-28,2532.3,0,0.0
2015-03-01,2563.8,0,0.0
2015-03-02,2480.08,0,0.0
2015-03-03,2545.51,0,0.0
2015-03-04,2635.9,0,0.0
2015-03-05,2566.1,0,0.0
2015-03-06,2569.44,0,0.0
2015-03-07,2569.24,0,0.0
2015-03-08,2689.04,0,0.0
2015-03-09,2827.65,0,0.0
2015-03-10,2744.05,0,0.0
2015-03-11,2731.62,0,0.0
2015-03-12,2764.01,0,0.0
2015-03-13,2779.75,0,0.0
2015-03-14,2636.89,0,0.0
2015-03-15,2720.76,0,0.0
2015-03-16,2861.62,0,0.0
2015-03-17,2823.16,0,0.0
2015-03-18,2527.88,0,0.0
2015-03-19,2581.35,0,0.0
2015-03-20,2512.02,0,0.0
2015-03-21,2555.46,0,0.0
2015-03-22,2501.9,0,0.0
2015-03-23,2500.01,0,0.0
2015-03-24,2491.64,0,0.0
2015-03-25,2638.67,0,0.0
2015-03-26,2497.3,0,0.0
2015-03-27,2601.94,0,0.0
2015-03-28,2498.86,0,0.0
2015-03-29,2490.62,0,0.0
2015-03-30,2550.62,0,0.0
2015-03-31,2440.08,0,0.0
2015-04-01,2566.88,0,0.0
2015-04-02,2514.01,0,0.0
2015-04-03,2486.24,0,0.0
2015-04-04,2471.46,0,0.0
2015-04-05,2648.52,0,0.0
2015-04-06,2517.32,0,0.0
2015-04-07,2513.75,0,0.0
2015-04-08,2754.62,0,0.0
2015-04-09,2642.33,0,0.0
2015-04-10,2769.92,0,0.0
2015-04-11,2693.02,0,0.0
2015-04-12,2604.55,0,0.0
2015-04-13,2659.16,0,0.0
2015-04-14,2621.61,0,0.0
2015-04-15,2697.21,0,0.0
2015-04-16,2639.49,0,0.0
2015-04-17,2631.47,0,0.0
2015-04-18,2528.33,0,0.0
2015-04-19,2511.33,0,0.0
2015-04-20,2586.19,0,0.0
2015-04-21,2582.44,0,0.0
2015-04-22,2509.83,0,0.0
2015-04-23,2537.44,0,0.0
2015-04-24,2412.59,0,0.0
2015-04-25,2548.44,0,0.0
2015-04-26,2529.0,0,0.0
2015-04-27,2563.43,0,0.0
2015-04-28,2480.62,0,0.0
2015-04-29,2480.29,0,0.0
2015-04-30,2479.8,0,0.0
2015-05-01,2591.08,0,0.0
2015-05-02,2515.32,0,0.0
2015-05-03,2398.79,0,0.0
2015-05-04,2537.0,0,0.0
2015-05-05,2464.09,0,0.0
2015-05-06,2743.79,0,0.0
2015-05-07,2707.4,0,0.0
2015-05-08,2752.09,0,0.0
2015-05-09,2738.07,0,0.0
2015-05-10,2730.55,0,0.0
2015-05-11,2742.44,0,0.0
2015-05-12,2720.75,0,0.0
2015-05-13,2621.75,0,0.0
2015-05-14,2591.58,0,0.0
2015-05-15,2611.02,0,0.0
2015-05-16,2711.55,0,0.0
2015-05-17,2518.6,0,0.0
2015-05-18,2481.18,0,0.0
2015-05-19,2463.96,0,0.0
2015-05-20,2559.85,0,0.0
2015-05-21,2471.74,0,0.0
2015-05-22,2454.46,0,0.0
2015-05-23,2563.0,0,0.0
2015-05-24,2470.54,0,0.0
2015-05-25,2459.09,0,0.0
2015-05-26,2442.81,0,0.0
2015-05-27,2492.23,0,0.0
2015-05-28,2451.16,0,0.0
2015-05-29,2450.43,0,0.0
2015-05-30,2565.05,0,0.0
2015-05-31,2473.01,0,0.0
2015-06-01,2439.73,0,0.0
2015-06-02,2403.22,0,0.0
2015-06-03,2479.84,0,0.0
2015-06-04,2429.59,0,0.0
2015-06-05,2621.06,0,0.0
2015-06-06,2588.69,0,0.0
2015-06-07,2655.86,0,0.0
2015-06-08,2557.38,0,0.0
2015-06-09,2667.87,0,0.0
2015-06-10,2604.63,0,0.0
2015-06-11,2685.75,0,0.0
2015-06-12,2669.74,0,0.0
2015-06-13,2643.98,0,0.0
2015-06-14,2691.24,0,0.0
2015-06-15,2736.46,0,0.0
2015-06-16,2716.73,0,0.0
2015-06-17,2548.09,0,0.0
2015-06-18,2412.96,0,0.0
2015-06-19,2419.94,0,0.0
2015-06-20,2491.85,0,0.0
2015-06-21,2415.41,0,0.0
2015-06-22,2411.87,0,0.0
2015-06-23,2399.66,0,0.0
2015-06-24,2465.82,0,0.0
2015-06-25,2486.66,0,0.0
2015-06-26,2365.66,0,0.0
2015-06-27,2409.99,0,0.0
2015-06-28,2319.25,0,0.0
2015-06-29,2285.98,0,0.0
2015-06-30,2471.95,0,0.0
2015-07-01,2459.95,0,0.0
2015-07-02,2449.66,0,0.0
2015-07-03,2540.61,0,0.0
2015-07-04,2327.54,0,0.0
2015-07-05,2300.26,0,0.0
2015-07-06,2361.45,0,0.0
2015-07-07,2295.7,0,0.0
2015-07-08,2572.61,0,0.0
2015-07-09,2649.36,0,0.0
2015-07-10,2629.76,0,0.0
2015-07-11,2676.27,0,0.0
2015-07-12,2632.58,0,0.0
2015-07-13,2581.22,0,0.0
2015-07-14,2572.3,0,0.0
2015-07-15,2633.92,0,0.0
2015-07-16,2505.03,0,0.0
2015-07-17,2396.94,0,0.0
2015-07-18,2447.85,0,0.0
2015-07-19,2436.72,0,0.0
2015-07-20,2522.49,0,0.0
2015-07-21,2464.75,0,0.0
2015-07-22,2438.58,0,0.0
2015-07-23,2397.2,0,0.0
2015-07-24,2363.76,0,0.0
2015-07-25,2397.27,0,0.0
2015-07-26,2476.57,0,0.0
2015-07-27,2443.63,0,0.0
2015-07-28,2473.21,0,0.0
2015-07-29,2418.43,0,0.0
2015-07-30,2352.02,0,0.0
2015-07-31,2484.93,0,0.0
2015-08-01,2478.05,0,0.0
2015-08-02,2419.56,0,0.0
2015-08-03,2442.64,0,0.0
2015-08-04,2438.06,0,0.0
2015-08-05,2554.06,0,0.0
2015-08-06,2566.6,0,0.0
2015-08-07,2523.39,0,0.0
2015-08-08,2564.37,0,0.0
2015-08-09,2647.53,0,0.0
2015-08-10,2634.2,0,0.0
2015-08-11,2614.84,0,0.0
2015-08-12,2639.89,0,0.0
2015-08-13,2552.81,0,0.0
2015-08-14,2499.3,0,0.0
2015-08-15,2564.38,0,0.0
2015-08-16,2568.53,0,0.0
2015-08-17,2616.52,0,0.0
2015-08-18,2424.85,0,0.0
2015-08-19,2456.31,0,0.0
2015-08-20,2258.66,0,0.0
2015-08-21,2336.78,0,0.0
2015-08-22,2381.72,0,0.0
2015-08-23,2417.84,0,0.0
2015-08-24,2521.83,0,0.0
2015-08-25,2321.19,0,0.0
2015-08-26,2337.6,0,0.0
2015-08-27,2355.24,0,0.0
2015-08-28,2333.32,0,0.0
2015-08-29,2323.07,0,0.0
2015-08-30,2382.81,0,0.0
2015-08-31,2442.79,0,0.0
2015-09-01,2385.64,0,0.0
2015-09-02,2321.03,0,0.0
2015-09-03,2363.18,0,0.0
2015-09-04,2307.46,0,0.0
2015-09-05,2617.9,0,0.0
2015-09-06,2648.66,0,0.0
2015-09-07,2448.39,0,0.0
2015-09-08,2566.0,0,0.0
2015-09-09,2499.56,0,0.0
2015-09-10,2553.27,0,0.0
2015-09-11,2542.67,0,0.0
2015-09-12,2460.1,0,0.0
2015-09-13,2624.89,0,0.0
2015-09-14,2535.5,0,0.0
2015-09-15,2513.86,0,0.0
2015-09-16,2551.02,0,0.0
2015-09-17,2485.92,0,0.0
2015-09-18,2349.63,0,0.0
2015-09-19,2241.19,0,0.0
2015-09-20,2206.46,0,0.0
2015-09-21,2295.68,0,0.0
2015-09-22,2323.19,0,0.0
2015-09-23,2242.65,0,0.0
2015-09-24,2323.59,0,0.0
2015-09-25,2320.3,0,0.0
2015-09-26,2350.06,0,0.0
2015-09-27,2393.05,0,0.0
2015-09-28,2463.49,0,0.0
2015-09-29,2379.11,0,0.0
2015-09-30,2286.39,0,0.0
2015-10-01,2392.75,0,0.0
2015-10-02,2439.55,0,0.0
2015-10-03,2274.78,0,0.0
2015-10-04,2277.48,0,0.0
2015-10-05,2253.4,0,0.0
2015-10-06,2308.17,0,0.0
2015-10-07,2368.21,0,0.0
2015-10-08,2619.46,0,0.0
2015-10-09,2580.1,0,0.0
2015-10-10,2546.3,0,0.0
2015-10-11,2523.32,0,0.0
2015-10-12,2544.9,0,0.0
2015-10-13,2547.84,0,0.0
2015-10-14,2602.37,0,0.0
2015-10-15,2515.42,0,0.0
2015-10-16,2532.91,0,0.0
2015-10-17,2488.46,0,0.0
2015-10-18,2341.5,0,0.0
2015-10-19,2316.59,0,0.0
2015-10-20,2255.06,0,0.0
2015-10-21,2388.27,0,0.0
2015-10-22,2427.37,0,0.0
2015-10-23,2327.34,0,0.0
2015-10-24,2350.49,0,0.0
2015-10-25,2384.05,0,0.0
2015-10-26,2317.87,0,0.0
2015-10-27,2338.66,0,0.0
2015-10-28,2311.38,0,0.0
2015-10-29,2288.91,0,0.0
2015-10-30,2357.69,0,0.0
2015-10-31,2356.25,0,0.0
2015-11-01,2382.06,0,0.0
2015-11-02,2321.04,0,0.0
2015-11-03,2242.44,0,0.0
2015-11-04,2391.59,0,0.0
2015-11-05,2451.02,0,0.0
2015-11-06,2449.07,0,0.0
2015-11-07,2462.54,0,0.0
2015-11-08,2382.97,0,0.0
2015-11-09,2481.34,0,0.0
2015-11-10,2534.93,0,0.0
2015-11-11,2465.68,0,0.0
2015-11-12,2580.04,0,0.0
2015-11-13,2575.21,0,0.0
2015-11-14,2549.26,0,0.0
2015-11-15,2364.89,0,0.0
2015-11-16,2583.06,0,0.0
2015-11-17,2473.66,0,0.0
2015-11-18,2417.39,0,0.0
2015-11-19,2268.24,0,0.0
2015-11-20,2297.64,0,0.0
2015-11-21,2311.78,0,0.0
2015-11-22,2244.58,0,0.0
2015-11-23,2199.08,0,0.0
2015-11-24,2147.8,0,0.0
2015-11-25,2494.82,0,0.0
2015-11-26,2193.67,0,0.0
2015-11-27,2193.81,0,0.0
2015-11-28,2337.81,0,0.0
2015-11-29,2207.33,0,0.0
2015-11-30,2194.51,0,0.0
2015-12-01,2111.56,0,0.0
2015-12-02,2316.69,0,0.0
2015-12-03,2227.38,0,0.0
2015-12-04,2338.02,0,0.0
2015-12-05,2290.55,0,0.0
2015-12-06,2480.32,0,0.0
2015-12-07,2444.57,0,0.0
2015-12-08,2455.4,0,0.0
2015-12-09,2414.46,0,0.0
2015-12-10,2419.91,0,0.0
2015-12-11,2400.04,0,0.0
2015-12-12,2568.93,0,0.0
2015-12-13,2444.08,0,0.0
2015-12-14,2321.92,0,0.0
2015-12-15,2485.27,0,0.0
2015-12-16,2415.53,0,0.0
2015-12-17,2464.2,0,0.0
2015-12-18,2268.9,0,0.0
2015-12-19,2382.62,0,0.0
2015-12-20,2260.16,0,0.0
2015-12-21,2337.48,0,0.0
2015-12-22,2329.96,0,0.0
2015-12-23,2194.3,0,0.0
2015-12-24,2294.68,0,0.0
2015-12-25,2232.54,0,0.0
2015-12-26,2202.63,0,0.0
2015-12-27,2202.25,0,0.0
2015-12-28,2333.32,0,0.0
2015-12-29,2451.1,0,0.0
2015-12-30,2226.34,0,0.0
2015-12-31,2292.09,0,0.0
2016-01-01,2297.63,0,0.0
2016-01-02,2242.39,0,0.0
2016-01-03,2367.73,0,0.0
2016-01-04,2418.44,0,0.0
2016-01-05,2236.19,0,0.0
2016-01-06,2387.19,0,0.0
2016-01-07,2238.33,0,0.0
2016-01-08,2390.22,0,0.0
2016-01-09,2443.65,0,0.0
2016-01-10,2508.62,0,0.0
2016-01-11,2444.8,0,0.0
2016-01-12,2498.96,0,0.0
2016-01-13,2465.17,0,0.0
2016-01-14,2537.83,0,0.0
2016-01-15,2483.84,0,0.0
2016-01-16,2548.28,0,0.0
2016-01-17,2392.51,0,0.0
2016-01-18,2254.5,0,0.0
2016-01-19,2267.09,0,0.0
2016-01-20,2211.16,0,0.0
2016-01-21,2200.68,0,0.0
2016-01-22,2290.46,0,0.0
2016-01-23,2308.36,0,0.0
2016-01-24,2271.93,0,0.0
2016-01-25,2332.94,0,0.0
2016-01-26,2191.89,0,0.0
2016-01-27,2237.7,0,0.0
2016-01-28,2185.94,0,0.0
2016-01-29,2271.21,0,0.0
2016-01-30,2293.38,0,0.0
2016-01-31,2348.41,0,0.0
2016-02-01,2184.2,0,0.0
2016-02-02,2284.47,0,0.0
2016-02-03,2353.15,0,0.0
2016-02-04,2194.24,0,0.0
2016-02-05,2358.55,0,0.0
2016-02-06,2342.62,0,0.0
2016-02-07,2478.61,0,0.0
2016-02-08,2390.43,0,0.0
2016-02-09,2468.23,0,0.0
2016-02-10,2422.68,0,0.0
2016-02-11,2553.37,0,0.0
2016-02-12,2487.11,0,0.0
2016-02-13,2383.25,0,0.0
2016-02-14,2415.45,0,0.0
2016-02-15,2485.9,0,0.0
2016-02-16,2364.84,0,0.0
2016-02-17,2510.75,0,0.0
2016-02-18,2237.26,0,0.0
2016-02-19,2305.73,0,0.0
2016-02-20,2240.03,0,0.0
2016-02-21,2218.36,0,0.0
2016-02-22,2207.36,0,0.0
2016-02-23,2364.29,0,0.0
2016-02-24,2232.16,0,0.0
2016-02-25,2451.23,0,0.0
2016-02-26,2260.52,0,0.0
2016-02-27,2195.01,0,0.0
2016-02-28,2146.94,0,0.0
2016-02-29,2329.79,0,0.0
2016-03-01,2236.74,0,0.0
2016-03-02,2302.5,0,0.0
2016-03-03,2399.66,0,0.0
2016-03-04,2291.88,0,0.0
2016-03-05,2270.03,0,0.0
2016-03-06,2327.52,0,0.0
2016-03-07,2479.79,0,0.0
2016-03-08,2345.16,0,0.0
2016-03-09,2513.59,0,0.0
2016-03-10,2423.7,0,0.0
2016-03-11,2526.61,0,0.0
2016-03-12,2459.12,0,0.0
2016-03-13,2503.35,0,0.0
2016-03-14,2411.05,0,0.0
2016-03-15,2326.78,0,0.0
2016-03-16,2461.81,0,0.0
2016-03-17,2488.43,0,0.0
2016-03-18,2208.5,0,0.0
2016-03-19,2231.26,0,0.0
2016-03-20,2100.33,0,0.0
2016-03-21,2233.95,0,0.0
2016-03-22,2162.56,0,0.0
2016-03-23,2277.25,0,0.0
2016-03-24,2265.21,0,0.0
2016-03-25,2244.23,0,0.0
2016-03-26,2329.03,0,0.0
2016-03-27,2258.54,0,0.0
2016-03-28,2255.28,0,0.0
2016-03-29,2263.44,0,0.0
2016-03-30,2204.49,0,0.0
2016-03-31,2306.65,0,0.0
2016-04-01,2182.49,0,0.0
2016-04-02,2269.39,0,0.0
2016-04-03,2320.98,0,0.0
2016-04-04,2174.91,0,0.0
2016-04-05,2154.24,0,0.0
2016-04-06,2173.5,0,0.0
2016-04-07,2359.36,0,0.0
2016-04-08,2381.53,0,0.0
2016-04-09,2343.0,0,0.0
2016-04-10,2444.74,0,0.0
2016-04-11,2243.78,0,0.0
2016-04-12,2358.68,0,0.0
2016-04-13,2512.56,0,0.0
2016-04-14,2358.46,0,0.0
2016-04-15,2403.53,0,0.0
2016-04-16,2439.53,0,0.0
2016-04-17,2439.5,0,0.0
2016-04-18,2205.68,0,0.0
2016-04-19,2275.75,0,0.0
2016-04-20,2334.19,0,0.0
2016-04-21,2171.14,0,0.0
2016-04-22,2208.62,0,0.0
2016-04-23,2233.24,0,0.0
2016-04-24,2285.54,0,0.0
2016-04-25,2242.18,0,0.0
2016-04-26,2231.75,0,0.0
2016-04-27,2139.3,0,0.0
2016-04-28,2166.35,0,0.0
2016-04-29,2252.53,0,0.0
2016-04-30,2206.61,0,0.0
2016-05-01,2217.79,0,0.0
2016-05-02,2236.02,0,0.0
2016-05-03,2392.27,0,0.0
2016-05-04,2207.76,0,0.0
2016-05-05,2330.28,0,0.0
2016-05-06,2505.57,0,0.0
2016-05-07,2472.46,0,0.0
2016-05-08,2365.18,0,0.0
2016-05-09,2429.24,0,0.0
2016-05-10,2395.0,0,0.0
2016-05-11,2551.39,0,0.0
2016-05-12,2447.22,0,0.0
2016-05-13,2406.75,0,0.0
2016-05-14,2536.71,0,0.0
2016-05-15,2397.87,0,0.0
2016-05-16,2456.73,0,0.0
2016-05-17,2466.63,0,0.0
2016-05-18,2263.66,0,0.0
2016-05-19,2234.28,0,0.0
2016-05-20,2295.75,0,0.0
2016-05-21,2200.49,0,0.0
2016-05-22,2313.96,0,0.0
2016-05-23,2223.41,0,0.0
2016-05-24,2328.8,0,0.0
2016-05-25,2310.0,0,0.0
2016-05-26,2277.84,0,0.0
2016-05-27,2236.43,0,0.0
2016-05-28,2314.13,0,0.0
2016-05-29,2279.74,0,0.0
2016-05-30,2033.72,0,0.0
2016-05-31,2189.82,0,0.0
2016-06-01,2254.13,0,0.0
2016-06-02,2261.53,0,0.0
2016-06-03,2289.51,0,0.0
2016-06-04,2344.42,0,0.0
2016-06-05,2462.08,0,0.0
2016-06-06,2288.68,0,0.0
2016-06-07,2437.22,0,0.0
2016-06-08,2503.62,0,0.0
2016-06-09,2432.08,0,0.0
2016-06-10,2438.28,0,0.0
2016-06-11,2393.17,0,0.0
2016-06-12,2487.24,0,0.0
2016-06-13,2402.83,0,0.0
2016-06-14,2464.58,0,0.0
2016-06-15,2454.16,0,0.0
2016-06-16,2430.09,0,0.0
2016-06-17,2458.3,0,0.0
2016-06-18,2260.22,0,0.0
2016-06-19,2330.42,0,0.0
2016-06-20,2291.67,0,0.0
2016-06-21,2315.55,0,0.0
2016-06-22,2198.61,0,0.0
2016-06-23,2194.84,0,0.0
2016-06-24,2252.95,0,0.0
2016-06-25,2297.91,0,0.0
2016-06-26,2284.05,0,0.0
2016-06-27,2201.0,0,0.0
2016-06-28,2300.9,0,0.0
2016-06-29,2209.69,0,0.0
2016-06-30,2294.63,0,0.0
2016-07-01,2269.8,0,0.0
2016-07-02,2236.9,0,0.0
2016-07-03,2217.04,0,0.0
2016-07-04,2260.9,0,0.0
2016-07-05,2258.01,0,0.0
2016-07-06,2184.95,0,0.0
2016-07-07,2292.49,0,0.0
2016-07-08,2508.92,0,0.0
2016-07-09,2490.06,0,0.0
2016-07-10,2454.99,0,0.0
2016-07-11,2405.66,0,0.0
2016-07-12,2443.69,0,0.0
2016-07-13,2427.17,0,0.0
2016-07-14,2444.2,0,0.0
2016-07-15,2497.41,0,0.0
2016-07-16,2429.94,0,0.0
2016-07-17,2317.96,0,0.0
2016-07-18,2309.79,0,0.0
2016-07-19,2284.07,0,0.0
2016-07-20,2268.44,0,0.0
2016-07-21,2182.81,0,0.0
2016-07-22,2205.49,0,0.0
2016-07-23,2213.55,0,0.0
2016-07-24,2222.57,0,0.0
2016-07-25,2229.12,0,0.0
2016-07-26,2184.64,0,0.0
2016-07-27,2401.78,0,0.0
2016-07-28,2360.04,0,0.0
2016-07-29,2280.91,0,0.0
2016-07-30,2261.19,0,0.0
2016-07-31,2382.6,0,0.0
2016-08-01,2369.92,0,0.0
2016-08-02,2216.79,0,0.0
2016-08-03,2281.49,0,0.0
2016-08-04,2254.05,0,0.0
2016-08-05,2428.92,0,0.0
2016-08-06,2436.19,0,0.0
2016-08-07,2441.91,0,0.0
2016-08-08,2461.71,0,0.0
2016-08-09,2462.62,0,0.0
2016-08-10,2542.57,0,0.0
2016-08-11,2397.19,0,0.0
2016-08-12,2513.04,0,0.0
2016-08-13,2380.87,0,0.0
2016-08-14,2466.7,0,0.0
2016-08-15,2519.69,0,0.0
2016-08-16,2489.43,0,0.0
2016-08-17,2432.46,0,0.0
2016-08-18,2292.11,0,0.0
2016-08-19,2381.58,0,0.0
2016-08-20,2236.31,0,0.0
2016-08-21,2312.19,0,0.0
2016-08-22,2338.69,0,0.0
2016-08-23,2251.34,0,0.0
2016-08-24,2389.97,0,0.0
2016-08-25,2412.54,0,0.0
2016-08-26,2349.51,0,0.0
2016-08-27,2350.27,0,0.0
2016-08-28,2167.28,0,0.0
2016-08-29,2194.41,0,0.0
2016-08-30,2275.41,0,0.0
2016-08-31,2238.79,0,0.0
2016-09-01,2322.86,0,0.0
2016-09-02,2097.75,0,0.0
2016-09-03,2323.74,0,0.0
2016-09-04,2272.71,0,0.0
2016-09-05,2429.57,0,0.0
2016-09-06,2589.38,0,0.0
2016-09-07,2446.09,0,0.0
2016-09-08,2361.7,0,0.0
2016-09-09,2497.16,0,0.0
2016-09-10,2492.98,0,0.0
2016-09-11,2457.52,0,0.0
2016-09-12,2622.34,0,0.0
2016-09-13,2483.86,0,0.0
2016-09-14,2536.86,0,0.0
2016-09-15,2492.59,0,0.0
2016-09-16,2554.88,0,0.0
2016-09-17,2451.5,0,0.0
2016-09-18,2224.59,0,0.0
2016-09-19,2344.2,0,0.0
2016-09-20,2314.6,0,0.0
2016-09-21,2347.56,0,0.0
2016-09-22,2256.51,0,0.0
2016-09-23,2328.54,0,0.0
2016-09-24,2194.43,0,0.0
2016-09-25,2267.61,0,0.0
2016-09-26,2253.73,0,0.0
2016-09-27,2332.52,0,0.0
2016-09-28,2269.56,0,0.0
2016-09-29,2212.55,0,0.0
2016-09-30,2265.6,0,0.0
2016-10-01,2342.2,0,0.0
2016-10-02,2312.58,0,0.0
2016-10-03,2256.4,0,0.0
2016-10-04,2360.15,0,0.0
2016-10-05,2408.12,0,0.0
2016-10-06,2366.22,0,0.0
2016-10-07,2157.94,0,0.0
2016-10-08,2504.13,0,0.0
2016-10-09,2480.28,0,0.0
2016-10-10,2357.97,0,0.0
2016-10-11,2407.21,0,0.0
2016-10-12,2543.82,0,0.0
2016-10-13,2504.76,0,0.0
2016-10-14,2498.73,0,0.0
2016-10-15,2452.04,0,0.0
2016-10-16,2565.46,0,0.0
2016-10-17,2415.99,0,0.0
2016-10-18,2259.03,0,0.0
2016-10-19,2296.91,0,0.0
2016-10-20,2219.21,0,0.0
2016-10-21,2261.91,0,0.0
2016-10-22,2389.05,0,0.0
2016-10-23,2266.0,0,0.0
2016-10-24,2372.47,0,0.0
2016-10-25,2363.82,0,0.0
2016-10-26,2312.45,0,0.0
2016-10-27,2232.01,0,0.0
2016-10-28,2329.21,0,0.0
2016-10-29,2188.74,0,0.0
2016-10-30,2292.41,0,0.0
2016-10-31,2343.46,0,0.0
2016-11-01,2385.03,0,0.0
2016-11-02,2319.51,0,0.0
2016-11-03,2290.72,0,0.0
2016-11-04,2286.38,0,0.0
2016-11-05,2481.54,0,0.0
2016-11-06,2553.42,0,0.0
2016-11-07,2536.48,0,0.0
2016-11-08,2513.17,0,0.0
2016-11-09,2556.44,0,0.0
2016-11-10,2516.41,0,0.0
2016-11-11,2430.49,0,0.0
2016-11-12,2445.98,0,0.0
2016-11-13,2558.15,0,0.0
2016-11-14,2430.63,0,0.0
2016-11-15,2496.07,0,0.0
2016-11-16,2514.31,0,0.0
2016-11-17,2455.46,0,0.0
2016-11-18,2235.13,0,0.0
2016-11-19,2268.08,0,0.0
2016-11-20,2227.72,0,0.0
2016-11-21,2386.02,0,0.0
2016-11-22,2373.01,0,0.0
2016-11-23,2298.72,0,0.0
2016-11-24,2260.13,0,0.0
2016-11-25,2425.74,0,0.0
2016-11-26,2379.47,0,0.0
2016-11-27,2311.41,0,0.0
2016-11-28,2429.87,0,0.0
2016-11-29,2362.58,0,0.0
2016-11-30,2375.23,0,0.0
2016-12-01,2287.77,0,0.0
2016-12-02,2257.87,0,0.0
2016-12-03,2255.31,0,0.0
2016-12-04,2493.7,0,0.0
2016-12-05,2305.45,0,0.0
2016-12-06,2544.42,0,0.0
2016-12-07,2571.0,0,0.0
2016-12-08,2540.72,0,0.0
2016-12-09,2533.0,0,0.0
2016-12-10,2532.5,0,0.0
2016-12-11,2576.12,0,0.0
2016-12-12,2478.29,0,0.0
2016-12-13,2518.2,0,0.0
2016-12-14,2398.05,0,0.0
2016-12-15,2427.65,0,0.0
2016-12-16,2465.33,0,0.0
2016-12-17,2606.16,0,0.0
2016-12-18,2353.9,0,0.0
2016-12-19,2417.92,0,0.0
2016-12-20,2398.58,0,0.0
2016-12-21,2391.43,0,0.0
2016-12-22,2314.13,0,0.0
2016-12-23,2381.33,0,0.0
2016-12-24,2393.97,0,0.0
2016-12-25,2521.45,0,0.0
2016-12-26,2356.89,0,0.0
2016-12-27,2427.95,0,0.0
2016-12-28,2373.28,0,0.0
2016-12-29,2336.66,0,0.0
2016-12-30,2439.81,0,0.0
2016-12-31,2507.22,0,0.0
2017-01-01,2402.28,0,0.0
2017-01-02,2341.83,0,0.0
2017-01-03,2417.6,0,0.0
2017-01-04,2406.36,0,0.0
2017-01-05,2533.25,0,0.0
2017-01-06,2438.41,0,0.0
2017-01-07,2330.47,0,0.0
2017-01-08,2654.99,0,0.0
2017-01-09,2623.53,0,0.0
2017-01-10,2634.92,0,0.0
2017-01-11,2604.02,0,0.0
2017-01-12,2641.64,0,0.0
2017-01-13,2605.73,0,0.0
2017-01-14,2561.55,0,0.0
2017-01-15,2587.8,0,0.0
2017-01-16,2572.53,0,0.0
2017-01-17,2603.25,0,0.0
2017-01-18,2407.22,0,0.0
2017-01-19,2382.6,0,0.0
2017-01-20,2392.24,0,0.0
2017-01-21,2404.81,0,0.0
2017-01-22,2290.27,0,0.0
2017-01-23,2473.63,0,0.0
2017-01-24,2430.65,0,0.0
2017-01-25,2369.29,0,0.0
2017-01-26,2448.46,0,0.0
2017-01-27,2378.0,0,0.0
2017-01-28,2379.0,0,0.0
2017-01-29,2437.38,0,0.0
2017-01-30,2507.02,0,0.0
2017-01-31,2433.22,0,0.0
2017-02-01,2365.6,0,0.0
2017-02-02,2394.16,0,0.0
2017-02-03,2473.21,0,0.0
2017-02-04,2445.3,0,0.0
2017-02-05,2662.39,0,0.0
2017-02-06,2626.6,0,0.0
2017-02-07,2652.13,0,0.0
2017-02-08,2733.87,0,0.0
2017-02-09,2516.13,0,0.0
2017-02-10,2761.49,0,0.0
2017-02-11,2666.9,0,0.0
2017-02-12,2777.65,0,0.0
2017-02-13,2544.11,0,0.0
2017-02-14,2633.88,0,0.0
2017-02-15,2620.38,0,0.0
2017-02-16,2668.45,0,0.0
2017-02-17,2642.55,0,0.0
2017-02-18,2456.27,0,0.0
2017-02-19,2484.64,0,0.0
2017-02-20,2428.07,0,0.0
2017-02-21,2402.48,0,0.0
2017-02-22,2466.46,0,0.0
2017-02-23,2404.34,0,0.0
2017-02-24,2430.83,0,0.0
2017-02-25,2346.31,0,0.0
2017-02-26,2444.61,0,0.0
2017-02-27,2381.61,0,0.0
2017-02-28,2440.82,0,0.0
2017-03-01,2373.36,0,0.0
2017-03-02,2443.69,0,0.0
2017-03-03,2504.42,0,0.0
2017-03-04,2408.2,0,0.0
2017-03-05,2387.25,0,0.0
2017-03-06,2499.71,0,0.0
2017-03-07,2509.25,0,0.0
2017-03-08,2658.43,0,0.0
2017-03-09,2601.6,0,0.0
2017-03-10,2591.91,0,0.0
2017-03-11,2612.28,0,0.0
2017-03-12,2630.96,0,0.0
2017-03-13,2523.63,0,0.0
2017-03-14,2572.86,0,0.0
2017-03-15,2719.05,0,0.0
2017-03-16,2652.2,0,0.0
2017-03-17,2719.45,0,0.0
2017-03-18,2526.69,0,0.0
2017-03-19,2441.34,0,0.0
2017-03-20,2443.29,0,0.0
2017-03-21,2526.42,0,0.0
2017-03-22,2513.87,0,0.0
2017-03-23,2529.71,0,0.0
2017-03-24,2465.61,0,0.0
2017-03-25,2476.73,0,0.0
2017-03-26,2451.81,0,0.0
2017-03-27,2465.91,0,0.0
2017-03-28,2425.78,0,0.0
2017-03-29,2466.44,0,0.0
2017-03-30,2461.86,0,0.0
2017-03-31,2443.4,0,0.0
2017-04-01,2525.6,0,0.0
2017-04-02,2383.46,0,0.0
2017-04-03,2498.01,0,0.0
2017-04-04,2417.12,0,0.0
2017-04-05,2422.86,0,0.0
2017-04-06,2429.38,0,0.0
2017-04-07,2510.47,0,0.0
2017-04-08,2514.06,0,0.0
2017-04-09,2672.71,0,0.0
2017-04-10,2665.64,0,0.0
2017-04-11,2600.56,0,0.0
2017-04-12,2676.4,0,0.0
2017-04-13,2586.63,0,0.0
2017-04-14,2663.57,0,0.0
2017-04-15,2586.03,0,0.0
2017-04-16,2801.55,0,0.0
2017-04-17,2725.19,0,0.0
2017-04-18,2506.14,0,0.0
2017-04-19,2428.95,0,0.0
2017-04-20,2474.05,0,0.0
2017-04-21,2477.65,0,0.0
2017-04-22,2509.51,0,0.0
2017-04-23,2520.6,0,0.0
2017-04-24,2510.22,0,0.0
2017-04-25,2518.76,0,0.0
2017-04-26,2486.38,0,0.0
2017-04-27,2520.58,0,0.0
2017-04-28,2457.75,0,0.0
2017-04-29,2430.99,0,0.0
2017-04-30,2621.12,0,0.0
2017-05-01,2528.94,0,0.0
2017-05-02,2620.18,0,0.0
2017-05-03,2485.82,0,0.0
2017-05-04,2661.26,0,0.0
2017-05-05,2510.62,0,0.0
2017-05-06,2760.81,0,0.0
2017-05-07,2689.33,0,0.0
2017-05-08,2698.79,0,0.0
2017-05-09,2681.45,0,0.0
2017-05-10,2657.78,0,0.0
2017-05-11,2754.39,0,0.0
2017-05-12,2690.96,0,0.0
2017-05-13,2746.37,0,0.0
2017-05-14,2752.0,0,0.0
2017-05-15,2786.04,0,0.0
2017-05-16,2722.33,0,0.0
2017-05-17,2597.59,0,0.0
2017-05-18,2495.84,0,0.0
2017-05-19,2515.85,0,0.0
2017-05-20,2519.14,0,0.0
2017-05-21,2604.86,0,0.0
2017-05-22,2593.86,0,0.0
2017-05-23,2511.41,0,0.0
2017-05-24,2679.61,0,0.0
2017-05-25,2499.81,0,0.0
2017-05-26,2505.9,0,0.0
2017-05-27,2453.11,0,0.0
2017-05-28,2423.59,0,0.0
2017-05-29,2449.04,0,0.0
2017-05-30,2592.43,0,0.0
2017-05-31,2575.55,0,0.0
2017-06-01,2470.73,0,0.0
2017-06-02,2535.45,0,0.0
2017-06-03,2582.17,0,0.0
2017-06-04,2398.37,0,0.0
2017-06-05,2826.52,0,0.0
2017-06-06,2780.53,0,0.0
2017-06-07,2765.58,0,0.0
2017-06-08,2791.8,0,0.0
2017-06-09,2581.74,0,0.0
2017-06-10,2701.01,0,0.0
2017-06-11,2797.77,0,0.0
2017-06-12,2716.29,0,0.0
2017-06-13,2765.78,0,0.0
2017-06-14,2812.39,0,0.0
2017-06-15,2764.75,0,0.0
2017-06-16,2703.01,0,0.0
2017-06-17,2757.92,0,0.0
2017-06-18,2432.63,0,0.0
2017-06-19,2573.85,0,0.0
2017-06-20,2591.44,0,0.0
2017-06-21,2553.26,0,0.0
2017-06-22,2619.67,0,0.0
2017-06-23,2563.0,0,0.0
2017-06-24,2555.16,0,0.0
2017-06-25,2665.43,0,0.0
2017-06-26,2484.78,0,0.0
2017-06-27,2638.23,0,0.0
2017-06-28,2633.79,0,0.0
2017-06-29,2604.09,0,0.0
2017-06-30,2523.54,0,0.0
2017-07-01,2572.8,0,0.0
2017-07-02,2498.94,0,0.0
2017-07-03,2515.36,0,0.0
2017-07-04,2561.12,0,0.0
2017-07-05,2495.81,0,0.0
2017-07-06,2538.75,0,0.0
2017-07-07,2482.96,0,0.0
2017-07-08,2777.69,0,0.0
2017-07-09,2842.17,0,0.0
2017-07-10,2879.36,0,0.0
2017-07-11,2670.03,0,0.0
2017-07-12,2682.1,0,0.0
2017-07-13,2735.25,0,0.0
2017-07-14,2792.58,0,0.0
2017-07-15,2733.78,0,0.0
2017-07-16,2810.43,0,0.0
2017-07-17,2783.01,0,0.0
2017-07-18,2454.14,0,0.0
2017-07-19,2573.26,0,0.0
2017-07-20,2489.73,0,0.0
2017-07-21,2534.13,0,0.0
2017-07-22,2544.68,0,0.0
2017-07-23,2620.22,0,0.0
2017-07-24,2570.71,0,0.0
2017-07-25,2542.91,0,0.0
2017-07-26,2710.01,0,0.0
2017-07-27,2516.25,0,0.0
2017-07-28,2593.61,0,0.0
2017-07-29,2618.83,0,0.0
2017-07-30,2586.92,0,0.0
2017-07-31,2518.15,0,0.0
2017-08-01,2515.39,0,0.0
2017-08-02,2617.96,0,0.0
2017-08-03,2646.1,0,0.0
2017-08-04,2575.3,0,0.0
2017-08-05,2673.6,0,0.0
2017-08-06,2760.43,0,0.0
2017-08-07,2858.75,0,0.0
2017-08-08,2695.41,0,0.0
2017-08-09,2740.68,0,0.0
2017-08-10,2765.61,0,0.0
2017-08-11,2833.08,0,0.0
2017-08-12,2728.43,0,0.0
2017-08-13,2794.82,0,0.0
2017-08-14,2854.26,0,0.0
2017-08-15,2668.02,0,0.0
2017-08-16,2679.6,0,0.0
2017-08-17,2759.2,0,0.0
2017-08-18,2649.49,0,0.0
2017-08-19,2607.87,0,0.0
2017-08-20,2656.24,0,0.0
2017-08-21,2476.52,0,0.0
2017-08-22,2610.1,0,0.0
2017-08-23,2403.03,0,0.0
2017-08-24,2674.77,0,0.0
2017-08-25,2666.23,0,0.0
2017-08-26,2568.04,0,0.0
2017-08-27,2439.69,0,0.0
2017-08-28,2576.67,0,0.0
2017-08-29,2663.23,0,0.0
2017-08-30,2617.98,0,0.0
2017-08-31,2711.67,0,0.0
2017-09-01,2572.62,0,0.0
2017-09-02,2724.25,0,0.0
2017-09-03,2461.22,0,0.0
2017-09-04,2543.69,0,0.0
2017-09-05,2689.22,0,0.0
2017-09-06,2821.64,0,0.0
2017-09-07,2695.41,0,0.0
2017-09-08,2839.96,0,0.0
2017-09-09,2819.49,0,0.0
2017-09-10,2786.96,0,0.0
2017-09-11,2768.21,0,0.0
2017-09-12,2707.44,0,0.0
2017-09-13,2815.27,0,0.0
2017-09-14,2743.36,0,0.0
2017-09-15,2826.44,0,0.0
2017-09-16,2874.2,0,0.0
2017-09-17,2757.06,0,0.0
2017-09-18,2683.29,0,0.0
2017-09-19,2610.11,0,0.0
2017-09-20,2636.86,0,0.0
2017-09-21,2512.43,0,0.0
2017-09-22,2554.03,0,0.0
2017-09-23,2553.61,0,0.0
2017-09-24,2686.73,0,0.0
2017-09-25,2576.71,0,0.0
2017-09-26,2640.64,0,0.0
2017-09-27,2595.12,0,0.0
2017-09-28,2577.12,0,0.0
2017-09-29,2504.9,0,0.0
2017-09-30,2476.74,0,0.0
2017-10-01,2579.06,0,0.0
2017-10-02,2583.09,0,0.0
2017-10-03,2544.44,0,0.0
2017-10-04,2611.23,0,0.0
2017-10-05,2729.66,0,0.0
2017-10-06,2699.28,0,0.0
2017-10-07,2601.37,0,0.0
2017-10-08,2783.83,0,0.0
2017-10-09,2821.89,0,0.0
2017-10-10,2796.45,0,0.0
2017-10-11,2822.39,0,0.0
2017-10-12,2798.68,0,0.0
2017-10-13,2787.05,0,0.0
2017-10-14,2738.73,0,0.0
2017-10-15,2804.0,0,0.0
2017-10-16,2633.58,0,0.0
2017-10-17,2797.99,0,0.0
2017-10-18,2466.57,0,0.0
2017-10-19,2618.34,0,0.0
2017-10-20,2537.61,0,0.0
2017-10-21,2684.43,0,0.0
2017-10-22,2607.31,0,0.0
2017-10-23,2601.74,0,0.0
2017-10-24,2628.14,0,0.0
2017-10-25,2545.71,0,0.0
2017-10-26,2674.92,0,0.0
2017-10-27,2647.18,0,0.0
2017-10-28,2566.41,0,0.0
2017-10-29,2533.5,0,0.0
2017-10-30,2575.03,0,0.0
2017-10-31,2592.4,0,0.0
2017-11-01,2528.97,0,0.0
2017-11-02,2569.86,0,0.0
2017-11-03,2561.17,0,0.0
2017-11-04,2586.54,0,0.0
2017-11-05,2767.11,0,0.0
2017-11-06,2811.52,0,0.0
2017-11-07,2781.87,0,0.0
2017-11-08,2806.01,0,0.0
2017-11-09,2796.08,0,0.0
2017-11-10,2767.27,0,0.0
2017-11-11,2824.4,0,0.0
2017-11-12,2601.62,0,0.0
2017-11-13,2756.67,0,0.0
2017-11-14,2742.91,0,0.0
2017-11-15,2787.76,0,0.0
2017-11-16,2738.76,0,0.0
2017-11-17,2815.66,0,0.0
2017-11-18,2647.12,0,0.0
2017-11-19,2509.99,0,0.0
2017-11-20,2614.45,0,0.0
2017-11-21,2516.63,0,0.0
2017-11-22,2631.03,0,0.0
2017-11-23,2569.48,0,0.0
2017-11-24,2547.49,0,0.0
2017-11-25,2488.53,0,0.0
2017-11-26,2593.65,0,0.0
2017-11-27,2524.31,0,0.0
2017-11-28,2503.08,0,0.0
2017-11-29,2611.52,0,0.0
2017-11-30,2662.35,0,0.0
2017-12-01,2624.9,0,0.0
2017-12-02,2506.16,0,0.0
2017-12-03,2590.18,0,0.0
2017-12-04,2643.2,0,0.0
2017-12-05,2589.99,0,0.0
2017-12-06,2799.9,0,0.0
2017-12-07,2750.2,0,0.0
2017-12-08,2753.49,0,0.0
2017-12-09,2735.49,0,0.0
2017-12-10,2818.01,0,0.0
2017-12-11,2821.96,0,0.0
2017-12-12,2741.85,0,0.0
2017-12-13,2826.85,0,0.0
2017-12-14,2684.87,0,0.0
2017-12-15,2766.34,0,0.0
2017-12-16,2689.3,0,0.0
2017-12-17,2703.54,0,0.0
2017-12-18,2508.16,0,0.0
2017-12-19,2554.12,0,0.0
2017-12-20,2636.84,0,0.0
2017-12-21,2591.26,0,0.0
2017-12-22,2558.2,0,0.0
2017-12-23,2584.67,0,0.0
2017-12-24,2462.07,0,0.0
2017-12-25,2632.68,0,0.0
2017-12-26,2449.19,0,0.0
2017-12-27,2549.09,0,0.0
2017-12-28,2589.69,0,0.0
2017-12-29,2623.54,0,0.0
2017-12-30,2609.87,0,0.0
2017-12-31,2590.87,0,0.0
2018-01-01,2688.56,0,0.0
2018-01-02,2724.53,0,0.0
2018-01-03,2593.75,0,0.0
2018-01-04,2586.52,0,0.0
2018-01-05,2582.36,0,0.0
2018-01-06,2552.75,0,0.0
2018-01-07,2616.6,0,0.0
2018-01-08,2854.53,0,0.0
2018-01-09,2609.72,0,0.0
2018-01-10,2760.24,0,0.0
2018-01-11,2867.72,0,0.0
2018-01-12,2796.2,0,0.0
2018-01-13,2797.22,0,0.0
2018-01-14,2665.94,0,0.0
2018-01-15,2815.31,0,0.0
2018-01-16,2834.92,0,0.0
2018-01-17,2781.99,0,0.0
2018-01-18,2546.03,0,0.0
2018-01-19,2617.07,0,0.0
2018-01-20,2520.47,0,0.0
2018-01-21,2511.51,0,0.0
2018-01-22,2639.34,0,0.0
2018-01-23,2658.06,0,0.0
2018-01-24,2538.18,0,0.0
2018-01-25,2510.32,0,0.0
2018-01-26,2528.62,0,0.0
2018-01-27,2598.13,0,0.0
2018-01-28,2509.22,0,0.0
2018-01-29,2667.93,0,0.0
2018-01-30,2553.86,0,0.0
2018-01-31,2607.47,0,0.0
2018-02-01,2534.94,0,0.0
2018-02-02,2620.78,0,0.0
2018-02-03,2625.67,0,0.0
2018-02-04,2472.9,0,0.0
2018-02-05,2717.34,0,0.0
2018-02-06,2750.89,0,0.0
2018-02-07,2726.49,0,0.0
2018-02-08,2816.82,0,0.0
2018-02-09,2720.9,0,0.0
2018-02-10,2805.71,0,0.0
2018-02-11,2790.28,0,0.0
2018-02-12,2751.29,0,0.0
2018-02-13,2806.99,0,0.0
2018-02-14,2657.38,0,0.0
2018-02-15,2752.85,0,0.0
2018-02-16,2706.04,0,0.0
2018-02-17,2748.92,0,0.0
2018-02-18,2544.85,0,0.0
2018-02-19,2578.76,0,0.0
2018-02-20,2574.96,0,0.0
2018-02-21,2582.85,0,0.0
2018-02-22,2584.9,0,0.0
2018-02-23,2610.05,0,0.0
2018-02-24,2490.43,0,0.0
2018-02-25,2604.82,0,0.0
2018-02-26,2472.85,0,0.0
2018-02-27,2388.99,0,0.0
2018-02-28,2698.29,0,0.0
2018-03-01,2508.5,0,0.0
2018-03-02,2539.84,0,0.0
2018-03-03,2447.26,0,0.0
2018-03-04,2538.29,0,0.0
2018-03-05,2580.7,0,0.0
2018-03-06,2582.46,0,0.0
2018-03-07,2487.66,0,0.0
2018-03-08,2716.68,0,0.0
2018-03-09,2768.89,0,0.0
2018-03-10,2759.83,0,0.0
2018-03-11,2752.06,0,0.0
2018-03-12,2792.55,0,0.0
2018-03-13,2735.43,0,0.0
2018-03-14,2832.4,0,0.0
2018-03-15,2722.23,0,0.0
2018-03-16,2785.81,0,0.0
2018-03-17,2787.49,0,0.0
2018-03-18,2452.86,0,0.0
2018-03-19,2587.43,0,0.0
2018-03-20,2516.52,0,0.0
2018-03-21,2491.91,0,0.0
2018-03-22,2529.25,0,0.0
2018-03-23,2566.7,0,0.0
2018-03-24,2453.82,0,0.0
2018-03-25,2556.62,0,0.0
2018-03-26,2540.07,0,0.0
2018-03-27,2621.02,0,0.0
2018-03-28,2511.69,0,0.0
2018-03-29,2629.53,0,0.0
2018-03-30,2576.65,0,0.0
2018-03-31,2548.65,0,0.0
2018-04-01,2632.93,0,0.0
2018-04-02,2674.41,0,0.0
2018-04-03,2535.06,0,0.0
2018-04-04,2499.94,0,0.0
2018-04-05,2575.23,0,0.0
2018-04-06,2454.14,0,0.0
2018-04-07,2461.35,0,0.0
2018-04-08,2810.15,0,0.0
2018-04-09,2761.65,0,0.0
2018-04-10,2667.98,0,0.0
2018-04-11,2926.81,0,0.0
2018-04-12,2632.46,0,0.0
2018-04-13,2761.85,0,0.0
2018-04-14,2669.05,0,0.0
2018-04-15,2835.85,0,0.0
2018-04-16,2684.82,0,0.0
2018-04-17,2700.08,0,0.0
2018-04-18,2420.26,0,0.0
2018-04-19,2672.44,0,0.0
2018-04-20,2496.14,0,0.0
2018-04-21,2566.76,0,0.0
2018-04-22,2535.08,0,0.0
2018-04-23,2498.16,0,0.0
2018-04-24,2388.43,0,0.0
2018-04-25,2517.61,0,0.0
2018-04-26,2514.01,0,0.0
2018-04-27,2551.6,0,0.0
2018-04-28,2669.55,0,0.0
2018-04-29,2571.19,0,0.0
2018-04-30,2584.39,0,0.0
2018-05-01,2507.87,0,0.0
2018-05-02,2441.54,0,0.0
2018-05-03,2507.94,0,0.0
2018-05-04,2477.54,0,0.0
2018-05-05,2521.22,0,0.0
2018-05-06,2671.54,0,0.0
2018-05-07,2593.79,0,0.0
2018-05-08,2784.37,0,0.0
2018-05-09,2692.04,0,0.0
2018-05-10,2678.91,0,0.0
2018-05-11,2627.72,0,0.0
2018-05-12,2667.79,0,0.0
2018-05-13,2641.74,0,0.0
2018-05-14,2619.41,0,0.0
2018-05-15,2706.75,0,0.0
2018-05-16,2664.85,0,0.0
2018-05-17,2743.13,0,0.0
2018-05-18,2490.2,0,0.0
2018-05-19,2520.23,0,0.0
2018-05-20,2517.52,0,0.0
2018-05-21,2536.06,0,0.0
2018-05-22,2455.51,0,0.0
2018-05-23,2567.76,0,0.0
2018-05-24,2431.75,0,0.0
2018-05-25,2510.33,0,0.0
2018-05-26,2428.38,0,0.0
2018-05-27,2497.98,0,0.0
2018-05-28,2562.85,0,0.0
2018-05-29,2540.17,0,0.0
2018-05-30,2571.98,0,0.0
2018-05-31,2482.58,0,0.0
2018-06-01,2560.47,0,0.0
2018-06-02,2455.51,0,0.0
2018-06-03,2469.81,0,0.0
2018-06-04,2507.16,0,0.0
2018-06-05,2733.06,0,0.0
2018-06-06,2641.33,0,0.0
2018-06-07,2721.18,0,0.0
2018-06-08,2690.12,0,0.0
2018-06-09,2696.08,0,0.0
2018-06-10,2617.72,0,0.0
2018-06-11,2647.35,0,0.0
2018-06-12,2665.35,0,0.0
2018-06-13,2692.46,0,0.0
2018-06-14,2617.12,0,0.0
2018-06-15,2584.7,0,0.0
2018-06-16,2529.12,0,0.0
2018-06-17,2715.3,0,0.0
2018-06-18,2547.26,0,0.0
2018-06-19,2354.33,0,0.0
2018-06-20,2488.95,0,0.0
2018-06-21,2458.58,0,0.0
2018-06-22,2561.26,0,0.0
2018-06-23,2467.55,0,0.0
2018-06-24,2515.73,0,0.0
2018-06-25,2451.69,0,0.0
2018-06-26,2433.72,0,0.0
2018-06-27,2527.31,0,0.0
2018-06-28,2546.58,0,0.0
2018-06-29,2393.06,0,0.0
2018-06-30,2548.85,0,0.0
2018-07-01,2410.27,0,0.0
2018-07-02,2321.09,0,0.0
2018-07-03,2472.42,0,0.0
2018-07-04,2503.73,0,0.0
2018-07-05,2371.28,0,0.0
2018-07-06,2339.96,0,0.0
2018-07-07,2435.72,0,0.0
2018-07-08,2606.06,0,0.0
2018-07-09,2734.97,0,0.0
2018-07-10,2645.76,0,0.0
2018-07-11,2691.75,0,0.0
2018-07-12,2656.67,0,0.0
2018-07-13,2744.03,0,0.0
2018-07-14,2583.13,0,0.0
2018-07-15,2634.4,0,0.0
2018-07-16,2537.16,0,0.0
2018-07-17,2690.91,0,0.0
2018-07-18,2529.6,0,0.0
2018-07-19,2512.94,0,0.0
2018-07-20,2447.13,0,0.0
2018-07-21,2357.44,0,0.0
2018-07-22,2447.65,0,0.0
2018-07-23,2408.23,0,0.0
2018-07-24,2511.27,0,0.0
2018-07-25,2422.58,0,0.0
2018-07-26,2420.2,0,0.0
2018-07-27,2589.65,0,0.0
2018-07-28,2499.31,0,0.0
2018-07-29,2516.3,0,0.0
2018-07-30,2412.09,0,0.0
2018-07-31,2372.86,0,0.0
2018-08-01,2512.74,0,0.0
2018-08-02,2539.39,0,0.0
2018-08-03,2357.79,0,0.0
2018-08-04,2406.78,0,0.0
2018-08-05,2560.0,0,0.0
2018-08-06,2649.72,0,0.0
2018-08-07,2688.05,0,0.0
2018-08-08,2592.5,0,0.0
2018-08-09,2591.31,0,0.0
2018-08-10,2487.26,0,0.0
2018-08-11,2551.42,0,0.0
2018-08-12,2710.43,0,0.0
2018-08-13,2643.48,0,0.0
2018-08-14,2670.66,0,0.0
2018-08-15,2585.72,0,0.0
2018-08-16,2590.71,0,0.0
2018-08-17,2608.67,0,0.0
2018-08-18,2447.53,0,0.0
2018-08-19,2514.9,0,0.0
2018-08-20,2380.73,0,0.0
2018-08-21,2414.48,0,0.0
2018-08-22,2370.9,0,0.0
2018-08-23,2293.53,0,0.0
2018-08-24,2480.27,0,0.0
2018-08-25,2533.04,0,0.0
2018-08-26,2468.21,0,0.0
2018-08-27,2432.43,0,0.0
2018-08-28,2536.93,0,0.0
2018-08-29,2445.29,0,0.0
2018-08-30,2466.64,0,0.0
2018-08-31,2422.62,0,0.0
2018-09-01,2431.55,0,0.0
2018-09-02,2402.82,0,0.0
2018-09-03,2464.58,0,0.0
2018-09-04,2338.53,0,0.0
2018-09-05,2615.72,0,0.0
2018-09-06,2532.02,0,0.0
2018-09-07,2619.61,0,0.0
2018-09-08,2741.09,0,0.0
2018-09-09,2629.97,0,0.0
2018-09-10,2659.79,0,0.0
2018-09-11,2641.15,0,0.0
2018-09-12,2430.32,0,0.0
2018-09-13,2571.94,0,0.0
2018-09-14,2608.62,0,0.0
2018-09-15,2442.73,0,0.0
2018-09-16,2559.07,0,0.0
2018-09-17,2571.38,0,0.0
2018-09-18,2315.48,0,0.0
2018-09-19,2331.52,0,0.0
2018-09-20,2480.48,0,0.0
2018-09-21,2159.81,0,0.0
2018-09-22,2409.22,0,0.0
2018-09-23,2466.22,0,0.0
2018-09-24,2387.84,0,0.0
2018-09-25,2480.18,0,0.0
2018-09-26,2359.86,0,0.0
2018-09-27,2327.82,0,0.0
2018-09-28,2385.06,0,0.0
2018-09-29,2359.89,0,0.0
2018-09-30,2346.54,0,0.0
2018-10-01,2371.0,0,0.0
2018-10-02,2330.27,0,0.0
2018-10-03,2326.31,0,0.0
2018-10-04,2306.87,0,0.0
2018-10-05,2405.9,0,0.0
2018-10-06,2312.92,0,0.0
2018-10-07,2296.15,0,0.0
2018-10-08,2486.12,0,0.0
2018-10-09,2568.31,0,0.0
2018-10-10,2597.49,0,0.0
2018-10-11,2601.83,0,0.0
2018-10-12,2565.98,0,0.0
2018-10-13,2585.89,0,0.0
2018-10-14,2546.56,0,0.0
2018-10-15,2578.78,0,0.0
2018-10-16,2576.82,0,0.0
2018-10-17,2499.82,0,0.0
2018-10-18,2296.37,0,0.0
2018-10-19,2453.23,0,0.0
2018-10-20,2372.53,0,0.0
2018-10-21,2431.8,0,0.0
2018-10-22,2290.99,0,0.0
2018-10-23,2335.18,0,0.0
2018-10-24,2271.11,0,0.0
2018-10-25,2401.66,0,0.0
2018-10-26,2318.77,0,0.0
2018-10-27,2321.74,0,0.0
2018-10-28,2483.96,0,0.0
2018-10-29,2399.21,0,0.0
2018-10-30,2397.48,0,0.0
2018-10-31,2275.9,0,0.0
2018-11-01,2232.36,0,0.0
2018-11-02,2415.27,0,0.0
2018-11-03,2205.63,0,0.0
2018-11-04,2317.73,0,0.0
2018-11-05,2476.65,0,0.0
2018-11-06,2468.35,0,0.0
2018-11-07,2498.91,0,0.0
2018-11-08,2458.04,0,0.0
2018-11-09,2446.71,0,0.0
2018-11-10,2541.42,0,0.0
2018-11-11,2593.24,0,0.0
2018-11-12,2410.17,0,0.0
2018-11-13,2534.83,0,0.0
2018-11-14,2556.41,0,0.0
2018-11-15,2549.35,0,0.0
2018-11-16,2505.05,0,0.0
2018-11-17,2479.72,0,0.0
2018-11-18,2386.95,0,0.0
2018-11-19,2358.55,0,0.0
2018-11-20,2212.74,0,0.0
2018-11-21,2320.62,0,0.0
2018-11-22,2337.71,0,0.0
2018-11-23,2262.14,0,0.0
2018-11-24,2316.53,0,0.0
2018-11-25,2363.43,0,0.0
2018-11-26,2276.84,0,0.0
2018-11-27,2344.89,0,0.0
2018-11-28,2264.56,0,0.0
2018-11-29,2247.64,0,0.0
2018-11-30,2367.18,0,0.0
2018-12-01,2402.62,0,0.0
2018-12-02,2248.51,0,0.0
2018-12-03,2386.55,0,0.0
2018-12-04,2322.91,0,0.0
2018-12-05,2179.04,0,0.0
2018-12-06,2408.8,0,0.0
2018-12-07,2540.78,0,0.0
2018-12-08,2394.85,0,0.0
2018-12-09,2459.37,0,0.0
2018-12-10,2493.46,0,0.0
2018-12-11,2527.04,0,0.0
2018-12-12,2509.1,0,0.0
2018-12-13,2598.23,0,0.0
2018-12-14,2442.44,0,0.0
2018-12-15,2501.06,0,0.0
2018-12-16,2523.26,0,0.0
2018-12-17,2539.34,0,0.0
2018-12-18,2380.56,0,0.0
2018-12-19,2283.22,0,0.0
2018-12-20,2352.98,0,0.0
2018-12-21,2249.66,0,0.0
2018-12-22,2304.01,0,0.0
2018-12-23,2340.85,0,0.0
2018-12-24,2370.89,0,0.0
2018-12-25,2343.77,0,0.0
2018-12-26,2311.82,0,0.0
2018-12-27,2299.99,0,0.0
2018-12-28,2340.06,0,0.0
2018-12-29,2445.93,0,0.0
2018-12-30,2358.42,0,0.0
2018-12-31,2326.91,0,0.0
2019-01-01,2212.37,0,0.0
2019-01-02,2245.71,0,0.0
2019-01-03,2278.79,0,0.0
2019-01-04,2358.27,0,0.0
2019-01-05,2237.49,0,0.0
2019-01-06,2339.4,0,0.0
2019-01-07,2304.69,0,0.0
2019-01-08,2499.25,0,0.0
2019-01-09,2461.42,0,0.0
2019-01-10,2435.96,0,0.0
2019-01-11,2410.73,0,0.0
2019-01-12,2513.06,0,0.0
2019-01-13,2467.61,0,0.0
2019-01-14,2401.88,0,0.0
2019-01-15,2485.71,0,0.0
2019-01-16,2693.01,0,0.0
2019-01-17,2456.71,0,0.0
2019-01-18,2396.64,0,0.0
2019-01-19,2120.39,0,0.0
2019-01-20,2270.17,0,0.0
2019-01-21,2349.14,0,0.0
2019-01-22,2287.42,0,0.0
2019-01-23,2243.97,0,0.0
2019-01-24,2283.36,0,0.0
2019-01-25,2348.45,0,0.0
2019-01-26,2423.08,0,0.0
2019-01-27,2352.36,0,0.0
2019-01-28,2249.65,0,0.0
2019-01-29,2266.68,0,0.0
2019-01-30,2266.52,0,0.0
2019-01-31,2224.17,0,0.0
2019-02-01,2269.83,0,0.0
2019-02-02,2261.49,0,0.0
2019-02-03,2200.63,0,0.0
2019-02-04,2332.53,0,0.0
2019-02-05,2484.8,0,0.0
2019-02-06,2415.17,0,0.0
2019-02-07,2465.83,0,0.0
2019-02-08,2392.93,0,0.0
2019-02-09,2419.13,0,0.0
2019-02-10,2499.14,0,0.0
2019-02-11,2484.47,0,0.0
2019-02-12,2419.91,0,0.0
2019-02-13,2472.94,0,0.0
2019-02-14,2447.29,0,0.0
2019-02-15,2386.73,0,0.0
2019-02-16,2440.12,0,0.0
2019-02-17,2478.51,0,0.0
2019-02-18,2289.78,0,0.0
2019-02-19,2159.31,0,0.0
2019-02-20,2279.58,0,0.0
2019-02-21,2269.9,0,0.0
2019-02-22,2144.32,0,0.0
2019-02-23,2214.66,0,0.0
2019-02-24,2298.61,0,0.0
2019-02-25,2356.14,0,0.0
2019-02-26,2158.98,0,0.0
2019-02-27,2328.76,0,0.0
2019-02-28,2142.37,0,0.0
2019-03-01,2354.93,0,0.0
2019-03-02,2248.08,0,0.0
2019-03-03,2216.65,0,0.0
2019-03-04,2285.66,0,0.0
2019-03-05,2199.57,0,0.0
2019-03-06,2295.19,0,0.0
2019-03-07,2253.12,0,0.0
2019-03-08,2193.06,0,0.0
2019-03-09,2387.55,0,0.0
2019-03-10,2452.21,0,0.0
2019-03-11,2508.66,0,0.0
2019-03-12,2460.44,0,0.0
2019-03-13,2506.73,0,0.0
2019-03-14,2379.9,0,0.0
2019-03-15,2484.87,0,0.0
2019-03-16,2485.53,0,0.0
2019-03-17,2330.71,0,0.0
2019-03-18,2327.77,0,0.0
2019-03-19,2277.17,0,0.0
2019-03-20,2237.19,0,0.0
2019-03-21,2235.66,0,0.0
2019-03-22,2187.21,0,0.0
2019-03-23,2295.29,0,0.0
2019-03-24,2273.53,0,0.0
2019-03-25,2291.41,0,0.0
2019-03-26,2258.27,0,0.0
2019-03-27,2266.14,0,0.0
2019-03-28,2233.17,0,0.0
2019-03-29,2322.03,0,0.0
2019-03-30,2291.1,0,0.0
2019-03-31,2262.56,0,0.0
2019-04-01,2242.24,0,0.0
2019-04-02,2135.72,0,0.0
2019-04-03,2121.3,0,0.0
2019-04-04,2226.03,0,0.0
2019-04-05,2332.11,0,0.0
2019-04-06,2203.51,0,0.0
2019-04-07,2205.75,0,0.0
2019-04-08,2365.5,0,0.0
2019-04-09,2344.52,0,0.0
2019-04-10,2368.69,0,0.0
2019-04-11,2445.92,0,0.0
2019-04-12,2395.55,0,0.0
2019-04-13,2392.31,0,0.0
2019-04-14,2386.25,0,0.0
2019-04-15,2442.09,0,0.0
2019-04-16,2451.79,0,0.0
2019-04-17,2304.67,0,0.0
2019-04-18,2196.48,0,0.0
2019-04-19,2239.84,0,0.0
2019-04-20,2273.93,0,0.0
2019-04-21,2253.46,0,0.0
2019-04-22,2298.41,0,0.0
2019-04-23,2152.93,0,0.0
2019-04-24,2271.46,0,0.0
2019-04-25,2377.59,0,0.0
2019-04-26,2247.14,0,0.0
2019-04-27,2249.58,0,0.0
2019-04-28,2277.38,0,0.0
2019-04-29,2207.98,0,0.0
2019-04-30,2181.69,0,0.0
2019-05-01,2246.83,0,0.0
2019-05-02,2135.36,0,0.0
2019-05-03,2268.44,0,0.0
2019-05-04,2279.22,0,0.0
2019-05-05,2138.11,0,0.0
2019-05-06,2432.8,0,0.0
2019-05-07,2407.98,0,0.0
2019-05-08,2517.97,0,0.0
2019-05-09,2506.9,0,0.0
2019-05-10,2476.33,0,0.0
2019-05-11,2500.19,0,0.0
2019-05-12,2397.63,0,0.0
2019-05-13,2438.14,0,0.0
2019-05-14,2404.72,0,0.0
2019-05-15,2356.21,0,0.0
2019-05-16,2426.29,0,0.0
2019-05-17,2415.41,0,0.0
2019-05-18,2227.58,0,0.0
2019-05-19,2236.79,0,0.0
2019-05-20,2244.51,0,0.0
2019-05-21,2298.2,0,0.0
2019-05-22,2202.42,0,0.0
2019-05-23,2157.17,0,0.0
2019-05-24,2284.36,0,0.0
2019-05-25,2295.91,0,0.0
2019-05-26,2263.45,0,0.0
2019-05-27,2166.12,0,0.0
2019-05-28,2231.56,0,0.0
2019-05-29,2258.6,0,0.0
2019-05-30,2170.61,0,0.0
2019-05-31,2190.34,0,0.0
2019-06-01,2230.49,0,0.0
2019-06-02,2316.9,0,0.0
2019-06-03,2254.64,0,0.0
2019-06-04,2202.79,0,0.0
2019-06-05,2406.9,0,0.0
2019-06-06,2376.71,0,0.0
2019-06-07,2393.26,0,0.0
2019-06-08,2467.01,0,0.0
2019-06-09,2295.29,0,0.0
2019-06-10,2505.6,0,0.0
2019-06-11,2562.47,0,0.0
2019-06-12,2430.78,0,0.0
2019-06-13,2366.25,0,0.0
2019-06-14,2495.93,0,0.0
2019-06-15,2438.45,0,0.0
2019-06-16,2386.27,0,0.0
2019-06-17,2357.36,0,0.0
2019-06-18,2214.23,0,0.0
2019-06-19,2253.21,0,0.0
2019-06-20,2298.99,0,0.0
2019-06-21,2259.35,0,0.0
2019-06-22,2270.5,0,0.0
2019-06-23,2219.39,0,0.0
2019-06-24,2296.77,0,0.0
2019-06-25,2227.88,0,0.0
2019-06-26,2360.91,0,0.0
2019-06-27,2199.14,0,0.0
2019-06-28,2267.38,0,0.0
2019-06-29,2384.16,0,0.0
2019-06-30,2309.72,0,0.0
2019-07-01,2290.59,0,0.0
2019-07-02,2261.59,0,0.0
2019-07-03,2245.89,0,0.0
2019-07-04,2231.33,0,0.0
2019-07-05,2206.28,0,0.0
2019-07-06,2143.16,0,0.0
2019-07-07,2284.8,0,0.0
2019-07-08,2323.38,0,0.0
2019-07-09,2465.89,0,0.0
2019-07-10,2403.65,0,0.0
2019-07-11,2361.85,0,0.0
2019-07-12,2515.53,0,0.0
2019-07-13,2330.19,0,0.0
2019-07-14,2381.3,0,0.0
2019-07-15,2387.61,0,0.0
2019-07-16,2434.79,0,0.0
2019-07-17,2385.48,0,0.0
2019-07-18,2340.56,0,0.0
2019-07-19,2156.66,0,0.0
2019-07-20,2511.6,0,0.0
2019-07-21,2177.49,0,0.0
2019-07-22,2438.71,0,0.0
2019-07-23,2317.89,0,0.0
2019-07-24,2239.95,0,0.0
2019-07-25,2262.13,0,0.0
2019-07-26,2223.07,0,0.0
2019-07-27,2270.54,0,0.0
2019-07-28,2200.37,0,0.0
2019-07-29,2294.66,0,0.0
2019-07-30,2260.72,0,0.0
2019-07-31,2184.88,0,0.0
2019-08-01,2277.28,0,0.0
2019-08-02,2273.59,0,0.0
2019-08-03,2203.56,0,0.0
2019-08-04,2222.7,0,0.0
2019-08-05,2464.15,0,0.0
2019-08-06,2502.09,0,0.0
2019-08-07,2422.29,0,0.0
2019-08-08,2492.38,0,0.0
2019-08-09,2508.11,0,0.0
2019-08-10,2517.33,0,0.0
2019-08-11,2460.09,0,0.0
2019-08-12,2374.75,0,0.0
2019-08-13,2491.68,0,0.0
2019-08-14,2421.69,0,0.0
2019-08-15,2467.44,0,0.0
2019-08-16,2394.03,0,0.0
2019-08-17,2396.31,0,0.0
2019-08-18,2210.13,0,0.0
2019-08-19,2170.01,0,0.0
2019-08-20,2218.41,0,0.0
2019-08-21,2189.83,0,0.0
2019-08-22,2294.21,0,0.0
2019-08-23,2188.61,0,0.0
2019-08-24,2214.75,0,0.0
2019-08-25,2258.92,0,0.0
2019-08-26,2376.96,0,0.0
2019-08-27,2214.62,0,0.0
2019-08-28,2170.22,0,0.0
2019-08-29,2175.25,0,0.0
2019-08-30,2205.05,0,0.0
2019-08-31,2218.77,0,0.0
2019-09-01,2411.74,0,0.0
2019-09-02,2325.26,0,0.0
2019-09-03,2242.43,0,0.0
2019-09-04,2383.83,0,0.0
2019-09-05,2404.07,0,0.0
2019-09-06,2417.66,0,0.0
2019-09-07,2414.27,0,0.0
2019-09-08,2512.15,0,0.0
2019-09-09,2441.37,0,0.0
2019-09-10,2544.42,0,0.0
2019-09-11,2475.17,0,0.0
2019-09-12,2506.58,0,0.0
2019-09-13,2329.98,0,0.0
2019-09-14,2338.12,0,0.0
2019-09-15,2340.8,0,0.0
2019-09-16,2421.83,0,0.0
2019-09-17,2350.18,0,0.0
2019-09-18,2351.38,0,0.0
2019-09-19,2258.38,0,0.0
2019-09-20,2311.89,0,0.0
2019-09-21,2240.46,0,0.0
2019-09-22,2326.65,0,0.0
2019-09-23,2145.89,0,0.0
2019-09-24,2271.02,0,0.0
2019-09-25,2307.34,0,0.0
2019-09-26,2313.41,0,0.0
2019-09-27,2255.33,0,0.0
2019-09-28,2165.37,0,0.0
2019-09-29,2342.92,0,0.0
2019-09-30,2252.3,0,0.0
2019-10-01,2258.56,0,0.0
2019-10-02,2423.28,0,0.0
2019-10-03,2285.94,0,0.0
2019-10-04,2246.56,0,0.0
2019-10-05,2243.3,0,0.0
2019-10-06,2323.49,0,0.0
2019-10-07,2228.84,0,0.0
2019-10-08,2496.1,0,0.0
2019-10-09,2535.08,0,0.0
2019-10-10,2458.41,0,0.0
2019-10-11,2529.01,0,0.0
2019-10-12,2460.99,0,0.0
2019-10-13,2421.45,0,0.0
2019-10-14,2358.61,0,0.0
2019-10-15,2485.36,0,0.0
2019-10-16,2487.4,0,0.0
2019-10-17,2532.63,0,0.0
2019-10-18,2347.05,0,0.0
2019-10-19,2424.6,0,0.0
2019-10-20,2253.15,0,0.0
2019-10-21,2314.75,0,0.0
2019-10-22,2247.62,0,0.0
2019-10-23,2353.48,0,0.0
2019-10-24,2233.48,0,0.0
2019-10-25,2353.84,0,0.0
2019-10-26,2247.29,0,0.0
2019-10-27,2345.71,0,0.0
2019-10-28,2375.03,0,0.0
2019-10-29,2196.33,0,0.0
2019-10-30,2210.51,0,0.0
2019-10-31,2314.08,0,0.0
2019-11-01,2307.91,0,0.0
2019-11-02,2281.31,0,0.0
2019-11-03,2270.09,0,0.0
2019-11-04,2246.21,0,0.0
2019-11-05,2504.08,0,0.0
2019-11-06,2420.63,0,0.0
2019-11-07,2507.88,0,0.0
2019-11-08,2447.51,0,0.0
2019-11-09,2458.14,0,0.0
2019-11-10,2565.42,0,0.0
2019-11-11,2549.21,0,0.0
2019-11-12,2423.15,0,0.0
2019-11-13,2432.0,0,0.0
2019-11-14,2540.08,0,0.0
2019-11-15,2397.11,0,0.0
2019-11-16,2585.62,0,0.0
2019-11-17,2500.69,0,0.0
2019-11-18,2275.12,0,0.0
2019-11-19,2314.19,0,0.0
2019-11-20,2402.79,0,0.0
2019-11-21,2176.61,0,0.0
2019-11-22,2382.66,0,0.0
2019-11-23,2394.41,0,0.0
2019-11-24,2296.73,0,0.0
2019-11-25,2313.76,0,0.0
2019-11-26,2328.1,0,0.0
2019-11-27,2367.75,0,0.0
2019-11-28,2273.47,0,0.0
2019-11-29,2320.79,0,0.0
2019-11-30,2316.08,0,0.0
2019-12-01,2367.54,0,0.0
2019-12-02,2498.16,0,0.0
2019-12-03,2277.41,0,0.0
2019-12-04,2331.09,0,0.0
2019-12-05,2277.36,0,0.0
2019-12-06,2475.9,0,0.0
2019-12-07,2438.6,0,0.0
2019-12-08,2409.91,0,0.0
2019-12-09,2587.15,0,0.0
2019-12-10,2534.27,0,0.0
2019-12-11,2518.04,0,0.0
2019-12-12,2456.07,0,0.0
2019-12-13,2508.88,0,0.0
2019-12-14,2439.47,0,0.0
2019-12-15,2513.74,0,0.0
2019-12-16,2538.09,0,0.0
2019-12-17,2482.02,0,0.0
2019-12-18,2288.98,0,0.0
2019-12-19,2307.06,0,0.0
2019-12-20,2392.92,0,0.0
2019-12-21,2353.96,0,0.0
2019-12-22,2237.3,0,0.0
2019-12-23,2389.68,0,0.0
2019-12-24,2378.87,0,0.0
2019-12-25,2356.63,0,0.0
2019-12-26,2452.34,0,0.0
2019-12-27,2347.84,0,0.0
2019-12-28,2375.2,0,0.0
2019-12-29,2378.63,0,0.0
2019-12-30,2406.07,0,0.0
2019-12-31,2335.47,0,0.0
2020-01-01,2308.96,0,0.0
2020-01-02,2415.05,0,0.0
2020-01-03,2412.61,0,0.0
2020-01-04,2436.52,0,0.0
2020-01-05,2381.6,0,0.0
2020-01-06,2248.35,0,0.0
2020-01-07,2367.12,0,0.0
2020-01-08,2539.58,0,0.0
2020-01-09,2618.24,0,0.0
2020-01-10,2608.07,0,0.0
2020-01-11,2580.04,0,0.0
2020-01-12,2406.41,0,0.0
2020-01-13,2488.49,0,0.0
2020-01-14,2519.37,0,0.0
2020-01-15,2521.81,0,0.0
2020-01-16,2555.8,0,0.0
2020-01-17,2642.12,0,0.0
2020-01-18,2417.51,0,0.0
2020-01-19,2308.08,0,0.0
2020-01-20,2314.91,0,0.0
2020-01-21,2310.0,0,0.0
2020-01-22,2363.1,0,0.0
2020-01-23,2424.02,0,0.0
2020-01-24,2435.28,0,0.0
2020-01-25,2349.13,0,0.0
2020-01-26,2372.59,0,0.0
2020-01-27,2484.34,0,0.0
2020-01-28,2279.97,0,0.0
2020-01-29,2418.93,0,0.0
2020-01-30,2412.88,0,0.0
2020-01-31,2360.12,0,0.0
2020-02-01,2379.18,0,0.0
2020-02-02,2408.67,0,0.0
2020-02-03,2363.19,0,0.0
2020-02-04,2341.87,0,0.0
2020-02-05,2517.95,0,0.0
2020-02-06,2686.31,0,0.0
2020-02-07,2537.64,0,0.0
2020-02-08,2580.32,0,0.0
2020-02-09,2619.26,0,0.0
2020-02-10,2555.46,0,0.0
2020-02-11,2572.52,0,0.0
2020-02-12,2603.86,0,0.0
2020-02-13,2517.05,0,0.0
2020-02-14,2473.28,0,0.0
2020-02-15,2526.65,0,0.0
2020-02-16,2687.48,0,0.0
2020-02-17,2538.74,0,0.0
2020-02-18,2405.61,0,0.0
2020-02-19,2311.93,0,0.0
2020-02-20,2486.34,0,0.0
2020-02-21,2380.52,0,0.0
2020-02-22,2371.52,0,0.0
2020-02-23,2393.41,0,0.0
2020-02-24,2566.43,0,0.0
2020-02-25,2432.77,0,0.0
2020-02-26,2394.88,0,0.0
2020-02-27,2218.68,0,0.0
2020-02-28,2495.01,0,0.0
2020-02-29,2362.89,0,0.0
2020-03-01,2353.64,0,0.0
2020-03-02,2360.45,0,0.0
2020-03-03,2506.28,0,0.0
2020-03-04,2409.32,0,0.0
2020-03-05,2314.12,0,0.0
2020-03-06,2400.79,0,0.0
2020-03-07,2541.0,0,0.0
2020-03-08,2619.42,0,0.0
2020-03-09,2571.94,0,0.0
2020-03-10,2496.05,0,0.0
2020-03-11,2593.69,0,0.0
2020-03-12,2596.36,0,0.0
2020-03-13,2519.58,0,0.0
2020-03-14,2474.65,0,0.0
2020-03-15,2621.42,0,0.0
2020-03-16,2585.81,0,0.0
2020-03-17,2591.07,0,0.0
2020-03-18,2474.53,0,0.0
2020-03-19,2301.04,0,0.0
2020-03-20,2431.97,0,0.0
2020-03-21,2472.12,0,0.0
2020-03-22,2418.18,0,0.0
2020-03-23,2339.0,0,0.0
2020-03-24,2389.09,0,0.0
2020-03-25,2403.7,0,0.0
2020-03-26,2331.41,0,0.0
2020-03-27,2459.18,0,0.0
2020-03-28,2436.24,0,0.0
2020-03-29,2395.24,0,0.0
2020-03-30,2502.08,0,0.0
2020-03-31,2405.09,0,0.0
2020-04-01,2536.21,0,0.0
2020-04-02,2423.52,0,0.0
2020-04-03,2379.95,0,0.0
2020-04-04,2382.91,0,0.0
2020-04-05,2449.9,0,0.0
2020-04-06,2375.39,0,0.0
2020-04-07,2455.35,0,0.0
2020-04-08,2600.92,0,0.0
2020-04-09,2600.42,0,0.0
2020-04-10,2626.22,0,0.0
2020-04-11,2695.22,0,0.0
2020-04-12,2595.6,0,0.0
2020-04-13,2643.85,0,0.0
2020-04-14,2661.75,0,0.0
2020-04-15,2555.21,0,0.0
2020-04-16,2668.81,0,0.0
2020-04-17,2688.81,0,0.0
2020-04-18,2519.59,0,0.0
2020-04-19,2385.7,0,0.0
2020-04-20,2391.22,0,0.0
2020-04-21,2456.19,0,0.0
2020-04-22,2453.47,0,0.0
2020-04-23,2462.93,0,0.0
2020-04-24,2439.46,0,0.0
2020-04-25,2475.69,0,0.0
2020-04-26,2298.57,0,0.0
2020-04-27,2508.33,0,0.0
2020-04-28,2562.19,0,0.0
2020-04-29,2431.54,0,0.0
2020-04-30,2481.6,0,0.0
2020-05-01,2578.65,0,0.0
2020-05-02,2472.55,0,0.0
2020-05-03,2491.18,0,0.0
2020-05-04,2592.0,0,0.0
2020-05-05,2605.61,0,0.0
2020-05-06,2585.25,0,0.0
2020-05-07,2628.4,0,0.0
2020-05-08,2714.19,0,0.0
2020-05-09,2689.36,0,0.0
2020-05-10,2703.89,0,0.0
2020-05-11,2488.54,0,0.0
2020-05-12,2532.89,0,0.0
2020-05-13,2776.81,0,0.0
2020-05-14,2712.07,0,0.0
2020-05-15,2685.7,0,0.0
2020-05-16,2582.9,0,0.0
2020-05-17,2637.61,0,0.0
2020-05-18,2522.54,0,0.0
2020-05-19,2396.54,0,0.0
2020-05-20,2441.53,0,0.0
2020-05-21,2512.7,0,0.0
2020-05-22,2527.56,0,0.0
2020-05-23,2456.15,0,0.0
2020-05-24,2554.91,0,0.0
2020-05-25,2553.72,0,0.0
2020-05-26,2376.37,0,0.0
2020-05-27,2600.28,0,0.0
2020-05-28,2570.54,0,0.0
2020-05-29,2509.06,0,0.0
2020-05-30,2487.61,0,0.0
2020-05-31,2548.75,0,0.0
2020-06-01,2533.03,0,0.0
2020-06-02,2481.59,0,0.0
2020-06-03,2604.55,0,0.0
2020-06-04,2364.23,0,0.0
2020-06-05,2638.71,0,0.0
2020-06-06,2711.92,0,0.0
2020-06-07,2680.31,0,0.0
2020-06-08,2730.06,0,0.0
2020-06-09,2594.81,0,0.0
2020-06-10,2669.8,0,0.0
2020-06-11,2761.99,0,0.0
2020-06-12,2591.0,0,0.0
2020-06-13,2673.33,0,0.0
2020-06-14,2655.33,0,0.0
2020-06-15,2714.32,0,0.0
2020-06-16,2717.11,0,0.0
2020-06-17,2698.73,0,0.0
2020-06-18,2494.43,0,0.0
2020-06-19,2518.24,0,0.0
2020-06-20,2504.28,0,0.0
2020-06-21,2513.72,0,0.0
2020-06-22,2611.38,0,0.0
2020-06-23,2439.37,0,0.0
2020-06-24,2540.56,0,0.0
2020-06-25,2457.95,0,0.0
2020-06-26,2647.1,0,0.0
2020-06-27,2526.64,0,0.0
2020-06-28,2439.27,0,0.0
2020-06-29,2507.43,0,0.0
2020-06-30,2428.49,0,0.0
2020-07-01,2482.98,0,0.0
2020-07-02,2564.98,0,0.0
2020-07-03,2614.25,0,0.0
2020-07-04,2596.82,0,0.0
2020-07-05,2520.56,0,0.0
2020-07-06,2565.23,0,0.0
2020-07-07,2581.53,0,0.0
2020-07-08,2856.0,0,0.0
2020-07-09,2671.3,0,0.0
2020-07-10,2809.46,0,0.0
2020-07-11,2641.15,0,0.0
2020-07-12,2789.61,0,0.0
2020-07-13,2673.35,0,0.0
2020-07-14,2670.02,0,0.0
2020-07-15,2696.73,0,0.0
2020-07-16,2665.56,0,0.0
2020-07-17,2744.46,0,0.0
2020-07-18,2617.25,0,0.0
2020-07-19,2401.03,0,0.0
2020-07-20,2527.68,0,0.0
2020-07-21,2469.15,0,0.0
2020-07-22,2599.35,0,0.0
2020-07-23,2633.59,0,0.0
2020-07-24,2530.65,0,0.0
2020-07-25,2497.02,0,0.0
2020-07-26,2438.48,0,0.0
2020-07-27,2670.86,0,0.0
2020-07-28,2630.64,0,0.0
2020-07-29,2417.03,0,0.0
2020-07-30,2588.95,0,0.0
2020-07-31,2474.77,0,0.0
2020-08-01,2514.71,0,0.0
2020-08-02,2467.31,0,0.0
2020-08-03,2419.11,0,0.0
2020-08-04,2546.89,0,0.0
2020-08-05,2853.75,0,0.0
2020-08-06,2671.04,0,0.0
2020-08-07,2789.85,0,0.0
2020-08-08,2800.73,0,0.0
2020-08-09,2780.18,0,0.0
2020-08-10,2863.71,0,0.0
2020-08-11,2796.69,0,0.0
2020-08-12,2852.57,0,0.0
2020-08-13,2661.36,0,0.0
2020-08-14,2785.03,0,0.0
2020-08-15,2835.43,0,0.0
2020-08-16,2687.69,0,0.0
2020-08-17,2511.91,0,0.0
2020-08-18,2476.77,0,0.0
2020-08-19,2512.67,0,0.0
2020-08-20,2596.89,0,0.0
2020-08-21,2524.21,0,0.0
2020-08-22,2561.85,0,0.0
2020-08-23,2522.98,0,0.0
2020-08-24,2554.52,0,0.0
2020-08-25,2559.18,0,0.0
2020-08-26,2522.98,0,0.0
2020-08-27,2618.06,0,0.0
2020-08-28,2654.99,0,0.0
2020-08-29,2491.19,0,0.0
2020-08-30,2580.57,0,0.0
2020-08-31,2474.11,0,0.0
2020-09-01,2453.67,0,0.0
2020-09-02,2635.54,0,0.0
2020-09-03,2699.22,0,0.0
2020-09-04,2547.95,0,0.0
2020-09-05,2869.02,0,0.0
2020-09-06,2708.27,0,0.0
2020-09-07,2735.71,0,0.0
2020-09-08,2859.9,0,0.0
2020-09-09,2692.71,0,0.0
2020-09-10,2812.15,0,0.0
2020-09-11,2730.45,0,0.0
2020-09-12,2706.77,0,0.0
2020-09-13,2721.06,0,0.0
2020-09-14,2613.71,0,0.0
2020-09-15,2837.13,0,0.0
2020-09-16,2770.37,0,0.0
2020-09-17,2746.54,0,0.0
2020-09-18,2531.62,0,0.0
2020-09-19,2597.41,0,0.0
2020-09-20,2635.06,0,0.0
2020-09-21,2560.27,0,0.0
2020-09-22,2641.22,0,0.0
2020-09-23,2596.94,0,0.0
2020-09-24,2573.46,0,0.0
2020-09-25,2639.29,0,0.0
2020-09-26,2547.43,0,0.0
2020-09-27,2499.54,0,0.0
2020-09-28,2577.89,0,0.0
2020-09-29,2584.07,0,0.0
2020-09-30,2567.76,0,0.0
2020-10-01,2659.99,0,0.0
2020-10-02,2615.6,0,0.0
2020-10-03,2576.01,0,0.0
2020-10-04,2583.55,0,0.0
2020-10-05,2589.56,0,0.0
2020-10-06,2618.92,0,0.0
2020-10-07,2588.54,0,0.0
2020-10-08,2755.48,0,0.0
2020-10-09,2679.19,0,0.0
2020-10-10,2720.16,0,0.0
2020-10-11,2784.68,0,0.0
2020-10-12,2779.27,0,0.0
2020-10-13,2670.88,0,0.0
2020-10-14,2731.26,0,0.0
2020-10-15,2707.71,0,0.0
2020-10-16,2857.2,0,0.0
2020-10-17,2785.17,0,0.0
2020-10-18,2617.17,0,0.0
2020-10-19,2585.19,0,0.0
2020-10-20,2549.15,0,0.0
2020-10-21,2561.24,0,0.0
2020-10-22,2622.54,0,0.0
2020-10-23,2573.93,0,0.0
2020-10-24,2623.85,0,0.0
2020-10-25,2600.75,0,0.0
2020-10-26,2610.97,0,0.0
2020-10-27,2614.58,0,0.0
2020-10-28,2558.14,0,0.0
2020-10-29,2572.42,0,0.0
2020-10-30,2651.98,0,0.0
2020-10-31,2711.9,0,0.0
2020-11-01,2653.12,0,0.0
2020-11-02,2412.44,0,0.0
2020-11-03,2544.71,0,0.0
2020-11-04,2601.69,0,0.0
2020-11-05,2703.1,0,0.0
2020-11-06,2700.29,0,0.0
2020-11-07,2747.74,0,0.0
2020-11-08,2797.64,0,0.0
2020-11-09,2815.56,0,0.0
2020-11-10,2751.76,0,0.0
2020-11-11,2746.99,0,0.0
2020-11-12,2721.23,0,0.0
2020-11-13,2809.23,0,0.0
2020-11-14,2805.07,0,0.0
2020-11-15,2835.63,0,0.0
2020-11-16,2785.29,0,0.0
2020-11-17,2691.81,0,0.0
2020-11-18,2574.54,0,0.0
2020-11-19,2653.09,0,0.0
2020-11-20,2484.75,0,0.0
2020-11-21,2592.2,0,0.0
2020-11-22,2616.41,0,0.0
2020-11-23,2728.26,0,0.0
2020-11-24,2559.1,0,0.0
2020-11-25,2590.4,0,0.0
2020-11-26,2708.14,0,0.0
2020-11-27,2560.33,0,0.0
2020-11-28,2668.55,0,0.0
2020-11-29,2624.34,0,0.0
2020-11-30,2584.56,0,0.0
2020-12-01,2628.39,0,0.0
2020-12-02,2589.54,0,0.0
2020-12-03,2745.98,0,0.0
2020-12-04,2465.06,0,0.0
2020-12-05,2581.04,0,0.0
2020-12-06,2763.02,0,0.0
2020-12-07,2770.84,0,0.0
2020-12-08,2849.85,0,0.0
2020-12-09,2750.63,0,0.0
2020-12-10,2811.72,0,0.0
2020-12-11,2794.84,0,0.0
2020-12-12,2834.34,0,0.0
2020-12-13,2770.96,0,0.0
2020-12-14,2800.85,0,0.0
2020-12-15,2771.92,0,0.0
2020-12-16,2715.87,0,0.0
2020-12-17,2883.92,0,0.0
2020-12-18,2550.45,0,0.0
2020-12-19,2568.9,0,0.0
2020-12-20,2544.31,0,0.0
2020-12-21,2626.13,0,0.0
2020-12-22,2568.9,0,0.0
2020-12-23,2698.46,0,0.0
2020-12-24,2634.66,0,0.0
2020-12-25,2581.93,0,0.0
2020-12-26,2540.76,0,0.0
2020-12-27,2592.66,0,0.0
2020-12-28,2633.61,0,0.0
2020-12-29,2596.78,0,0.0
2020-12-30,2590.58,0,0.0
2020-12-31,2533.31,0,0.0
2021-01-01,2745.38,0,0.0
2021-01-02,2586.44,0,0.0
2021-01-03,2510.09,0,0.0
2021-01-04,2529.47,0,0.0
2021-01-05,2576.89,0,0.0
2021-01-06,2725.58,0,0.0
2021-01-07,2587.99,0,0.0
2021-01-08,2754.6,0,0.0
2021-01-09,2833.76,0,0.0
2021-01-10,2838.39,0,0.0
2021-01-11,2821.46,0,0.0
2021-01-12,2791.48,0,0.0
2021-01-13,2706.58,0,0.0
2021-01-14,2729.41,0,0.0
2021-01-15,2674.67,0,0.0
2021-01-16,2763.37,0,0.0
2021-01-17,2750.18,0,0.0
2021-01-18,2563.27,0,0.0
2021-01-19,2615.61,0,0.0
2021-01-20,2554.57,0,0.0
2021-01-21,2574.98,0,0.0
2021-01-22,2565.32,0,0.0
2021-01-23,2594.67,0,0.0
2021-01-24,2620.25,0,0.0
2021-01-25,2508.96,0,0.0
2021-01-26,2625.61,0,0.0
2021-01-27,2613.11,0,0.0
2021-01-28,2622.94,0,0.0
2021-01-29,2604.17,0,0.0
2021-01-30,2618.78,0,0.0
2021-01-31,2568.03,0,0.0
2021-02-01,2623.63,0,0.0
2021-02-02,2668.97,0,0.0
2021-02-03,2562.13,0,0.0
2021-02-04,2564.23,0,0.0
2021-02-05,2814.8,0,0.0
2021-02-06,2737.55,0,0.0
2021-02-07,2726.54,0,0.0
2021-02-08,2800.46,0,0.0
2021-02-09,2744.76,0,0.0
2021-02-10,2851.87,0,0.0
2021-02-11,2741.86,0,0.0
2021-02-12,2718.63,0,0.0
2021-02-13,2771.26,0,0.0
2021-02-14,2799.57,0,0.0
2021-02-15,2791.77,0,0.0
2021-02-16,2805.67,0,0.0
2021-02-17,2734.36,0,0.0
2021-02-18,2663.8,0,0.0
2021-02-19,2482.06,0,0.0
2021-02-20,2538.57,0,0.0
2021-02-21,2591.47,0,0.0
2021-02-22,2543.32,0,0.0
2021-02-23,2568.15,0,0.0
2021-02-24,2524.12,0,0.0
2021-02-25,2574.03,0,0.0
2021-02-26,2617.29,0,0.0
2021-02-27,2552.01,0,0.0
2021-02-28,2529.31,0,0.0
2021-03-01,2556.1,0,0.0
2021-03-02,2657.42,0,0.0
2021-03-03,2656.49,0,0.0
2021-03-04,2553.8,0,0.0
2021-03-05,2617.51,0,0.0
2021-03-06,2582.87,0,0.0
2021-03-07,2667.11,0,0.0
2021-03-08,2775.68,0,0.0
2021-03-09,2749.71,0,0.0
2021-03-10,2866.37,0,0.0
2021-03-11,2701.9,0,0.0
2021-03-12,2782.25,0,0.0
2021-03-13,2849.86,0,0.0
2021-03-14,2803.91,0,0.0
2021-03-15,2710.57,0,0.0
2021-03-16,2706.62,0,0.0
2021-03-17,2667.69,0,0.0
2021-03-18,2675.16,0,0.0
2021-03-19,2504.66,0,0.0
2021-03-20,2624.19,0,0.0
2021-03-21,2484.61,0,0.0
2021-03-22,2743.06,0,0.0
2021-03-23,2488.41,0,0.0
2021-03-24,2578.62,0,0.0
2021-03-25,2654.13,0,0.0
2021-03-26,2529.14,0,0.0
2021-03-27,2610.98,0,0.0
2021-03-28,2555.49,0,0.0
2021-03-29,2598.52,0,0.0
2021-03-30,2643.02,0,0.0
2021-03-31,2544.39,0,0.0
2021-04-01,2669.0,0,0.0
2021-04-02,2594.07,0,0.0
2021-04-03,2697.26,0,0.0
2021-04-04,2515.99,0,0.0
2021-04-05,2527.77,0,0.0
2021-04-06,2553.85,0,0.0
2021-04-07,2489.56,0,0.0
2021-04-08,2808.0,0,0.0
2021-04-09,2742.31,0,0.0
2021-04-10,2672.17,0,0.0
2021-04-11,2692.6,0,0.0
2021-04-12,2688.95,0,0.0
2021-04-13,2804.94,0,0.0
2021-04-14,2774.03,0,0.0
2021-04-15,2735.09,0,0.0
2021-04-16,2719.36,0,0.0
2021-04-17,2726.98,0,0.0
2021-04-18,2677.66,0,0.0
2021-04-19,2546.06,0,0.0
2021-04-20,2616.39,0,0.0
2021-04-21,2538.61,0,0.0
2021-04-22,2668.75,0,0.0
2021-04-23,2479.51,0,0.0
2021-04-24,2610.57,0,0.0
2021-04-25,2508.11,0,0.0
2021-04-26,2700.69,0,0.0
2021-04-27,2601.5,0,0.0
2021-04-28,2444.77,0,0.0
2021-04-29,2494.31,0,0.0
2021-04-30,2598.73,0,0.0
2021-05-01,2596.28,0,0.0
2021-05-02,2590.75,0,0.0
2021-05-03,2562.35,0,0.0
2021-05-04,2530.76,0,0.0
2021-05-05,2621.45,0,0.0
2021-05-06,2673.95,0,0.0
2021-05-07,2732.9,0,0.0
2021-05-08,2688.42,0,0.0
2021-05-09,2682.53,0,0.0
2021-05-10,2697.49,0,0.0
2021-05-11,2678.82,0,0.0
2021-05-12,2761.63,0,0.0
2021-05-13,2629.24,0,0.0
2021-05-14,2752.48,0,0.0
2021-05-15,2682.51,0,0.0
2021-05-16,2724.99,0,0.0
2021-05-17,2711.43,0,0.0
2021-05-18,2509.09,0,0.0
2021-05-19,2619.66,0,0.0
2021-05-20,2515.95,0,0.0
2021-05-21,2585.04,0,0.0
2021-05-22,2585.13,0,0.0
2021-05-23,2520.09,0,0.0
2021-05-24,2455.29,0,0.0
2021-05-25,2478.95,0,0.0
2021-05-26,2618.65,0,0.0
2021-05-27,2566.77,0,0.0
2021-05-28,2543.01,0,0.0
2021-05-29,2496.35,0,0.0
2021-05-30,2645.0,0,0.0
2021-05-31,2475.22,0,0.0
2021-06-01,2539.94,0,0.0
2021-06-02,2562.69,0,0.0
2021-06-03,2444.41,0,0.0
2021-06-04,2479.18,0,0.0
2021-06-05,2677.94,0,0.0
2021-06-06,2762.9,0,0.0
2021-06-07,2677.61,0,0.0
2021-06-08,2611.91,0,0.0
2021-06-09,2604.85,0,0.0
2021-06-10,2653.78,0,0.0
2021-06-11,2605.96,0,0.0
2021-06-12,2751.95,0,0.0
2021-06-13,2753.68,0,0.0
2021-06-14,2700.8,0,0.0
2021-06-15,2682.4,0,0.0
2021-06-16,2746.88,0,0.0
2021-06-17,2743.35,0,0.0
2021-06-18,2452.86,0,0.0
2021-06-19,2461.0,0,0.0
2021-06-20,2561.23,0,0.0
2021-06-21,2532.04,0,0.0
2021-06-22,2553.14,0,0.0
2021-06-23,2454.64,0,0.0
2021-06-24,2463.03,0,0.0
2021-06-25,2541.18,0,0.0
2021-06-26,2465.83,0,0.0
2021-06-27,2410.5,0,0.0
2021-06-28,2465.08,0,0.0
2021-06-29,2494.22,0,0.0
2021-06-30,2617.26,0,0.0
2021-07-01,2451.3,0,0.0
2021-07-02,2500.91,0,0.0
2021-07-03,2636.83,0,0.0
2021-07-04,2432.08,0,0.0
2021-07-05,2545.19,0,0.0
2021-07-06,2455.16,0,0.0
2021-07-07,2526.59,0,0.0
2021-07-08,2831.33,0,0.0
2021-07-09,2730.13,0,0.0
2021-07-10,2687.65,0,0.0
2021-07-11,2615.06,0,0.0
2021-07-12,2664.57,0,0.0
2021-07-13,2638.32,0,0.0
2021-07-14,2579.87,0,0.0
2021-07-15,2534.86,0,0.0
2021-07-16,2618.35,0,0.0
2021-07-17,2669.36,0,0.0
2021-07-18,2563.25,0,0.0
2021-07-19,2441.59,0,0.0
2021-07-20,2501.1,0,0.0
2021-07-21,2377.15,0,0.0
2021-07-22,2434.77,0,0.0
2021-07-23,2326.79,0,0.0
2021-07-24,2630.15,0,0.0
2021-07-25,2496.87,0,0.0
2021-07-26,2493.88,0,0.0
2021-07-27,2516.92,0,0.0
2021-07-28,2645.79,0,0.0
2021-07-29,2451.95,0,0.0
2021-07-30,2415.55,0,0.0
2021-07-31,2608.37,0,0.0
2021-08-01,2397.4,0,0.0
2021-08-02,2560.84,0,0.0
2021-08-03,2470.72,0,0.0
2021-08-04,2502.73,0,0.0
2021-08-05,2560.22,0,0.0
2021-08-06,2821.23,0,0.0
2021-08-07,2626.85,0,0.0
2021-08-08,2605.15,0,0.0
2021-08-09,2685.42,0,0.0
2021-08-10,2606.89,0,0.0
2021-08-11,2675.44,0,0.0
2021-08-12,2564.92,0,0.0
2021-08-13,2655.38,0,0.0
2021-08-14,2605.75,0,0.0
2021-08-15,2593.07,0,0.0
2021-08-16,2581.83,0,0.0
2021-08-17,2699.62,0,0.0
2021-08-18,2438.29,0,0.0
2021-08-19,2448.14,0,0.0
2021-08-20,2486.88,0,0.0
2021-08-21,2532.25,0,0.0
2021-08-22,2397.15,0,0.0
2021-08-23,2470.53,0,0.0
2021-08-24,2396.08,0,0.0
2021-08-25,2440.67,0,0.0
2021-08-26,2522.47,0,0.0
2021-08-27,2299.76,0,0.0
2021-08-28,2391.29,0,0.0
2021-08-29,2435.25,0,0.0
2021-08-30,2474.04,0,0.0
2021-08-31,2527.6,0,0.0
2021-09-01,2337.0,0,0.0
2021-09-02,2538.34,0,0.0
2021-09-03,2479.2,0,0.0
2021-09-04,2428.72,0,0.0
2021-09-05,2527.88,0,0.0
2021-09-06,2585.17,0,0.0
2021-09-07,2688.02,0,0.0
2021-09-08,2622.11,0,0.0
2021-09-09,2607.64,0,0.0
2021-09-10,2555.25,0,0.0
2021-09-11,2665.16,0,0.0
2021-09-12,2606.68,0,0.0
2021-09-13,2600.03,0,0.0
2021-09-14,2608.23,0,0.0
2021-09-15,2571.48,0,0.0
2021-09-16,2559.43,0,0.0
2021-09-17,2512.66,0,0.0
2021-09-18,2390.16,0,0.0
2021-09-19,2312.42,0,0.0
2021-09-20,2460.0,0,0.0
2021-09-21,2384.04,0,0.0
2021-09-22,2400.93,0,0.0
2021-09-23,2423.02,0,0.0
2021-09-24,2372.29,0,0.0
2021-09-25,2347.06,0,0.0
2021-09-26,2436.85,0,0.0
2021-09-27,2544.22,0,0.0
2021-09-28,2479.59,0,0.0
2021-09-29,2502.62,0,0.0
2021-09-30,2334.04,0,0.0
2021-10-01,2404.99,0,0.0
2021-10-02,2403.56,0,0.0
2021-10-03,2508.28,0,0.0
2021-10-04,2474.03,0,0.0
2021-10-05,2402.77,0,0.0
2021-10-06,2263.69,0,0.0
2021-10-07,2336.11,0,0.0
2021-10-08,2631.58,0,0.0
2021-10-09,2568.59,0,0.0
2021-10-10,2581.28,0,0.0
2021-10-11,2627.33,0,0.0
2021-10-12,2660.01,0,0.0
2021-10-13,2534.83,0,0.0
2021-10-14,2622.91,0,0.0
2021-10-15,2688.2,0,0.0
2021-10-16,2675.28,0,0.0
2021-10-17,2546.96,0,0.0
2021-10-18,2419.64,0,0.0
2021-10-19,2448.28,0,0.0
2021-10-20,2399.79,0,0.0
2021-10-21,2381.29,0,0.0
2021-10-22,2284.02,0,0.0
2021-10-23,2339.28,0,0.0
2021-10-24,2349.32,0,0.0
2021-10-25,2311.54,0,0.0
2021-10-26,2399.66,0,0.0
2021-10-27,2447.88,0,0.0
2021-10-28,2363.32,0,0.0
2021-10-29,2246.34,0,0.0
2021-10-30,2380.9,0,0.0
2021-10-31,2405.42,0,0.0
2021-11-01,2400.04,0,0.0
2021-11-02,2338.77,0,0.0
2021-11-03,2306.33,0,0.0
2021-11-04,2441.29,0,0.0
2021-11-05,2585.56,0,0.0
2021-11-06,2517.44,0,0.0
2021-11-07,2463.16,0,0.0
2021-11-08,2574.23,0,0.0
2021-11-09,2500.45,0,0.0
2021-11-10,2582.68,0,0.0
2021-11-11,2567.09,0,0.0
2021-11-12,2690.86,0,0.0
2021-11-13,2549.82,0,0.0
2021-11-14,2683.96,0,0.0
2021-11-15,2558.26,0,0.0001
2021-11-16,2508.61,0,0.0001
2021-11-17,2482.38,0,0.0001
2021-11-18,2313.0,0,0.0001
2021-11-19,2396.92,0,0.0001
2021-11-20,2376.44,0,0.0001
2021-11-21,2247.56,0,0.0002
2021-11-22,2432.39,0,0.0002
2021-11-23,2461.09,0,0.0002
2021-11-24,2243.93,0,0.0003
2021-11-25,2428.88,0,0.0003
2021-11-26,2471.5,0,0.0004
2021-11-27,2244.34,0,0.0005
2021-11-28,2329.69,0,0.0005
2021-11-29,2303.81,0,0.0006
2021-11-30,2421.29,0,0.0007
2021-12-01,2329.97,0,0.0009
2021-12-02,2326.29,0,0.001
2021-12-03,2382.12,0,0.0012
2021-12-04,2454.99,0,0.0014
2021-12-05,2348.46,0,0.0016
2021-12-06,2500.68,0,0.0019
2021-12-07,2511.58,0,0.0022
2021-12-08,2571.58,0,0.0026
2021-12-09,2440.96,0,0.003
2021-12-10,2525.07,0,0.0034
2021-12-11,2463.77,0,0.0039
2021-12-12,2445.04,0,0.0045
2021-12-13,2395.27,0,0.0052
2021-12-14,2486.56,0,0.006
2021-12-15,2588.41,0,0.0069
2021-12-16,2387.52,0,0.0079
2021-12-17,2549.75,0,0.009
2021-12-18,2290.21,0,0.0102
2021-12-19,2261.02,0,0.0116
2021-12-20,2350.09,0,0.0132
2021-12-21,2410.34,0,0.015
2021-12-22,2419.75,0,0.017
2021-12-23,2337.83,0,0.0192
2021-12-24,2311.6,0,0.0217
2021-12-25,2338.13,0,0.0244
2021-12-26,2469.92,0,0.0274
2021-12-27,2285.83,0,0.0308
2021-12-28,2374.22,0,0.0345
2021-12-29,2257.19,0,0.0386
2021-12-30,2236.56,0,0.0431
2021-12-31,2399.98,0,0.048
2022-01-01,2279.17,0,0.0534
2022-01-02,2287.11,0,0.0593
2022-01-03,2301.07,0,0.0658
2022-01-04,2199.96,0,0.0728
2022-01-05,2221.38,0,0.0804
2022-01-06,2199.4,0,0.0887
2022-01-07,2253.35,0,0.0977
2022-01-08,2425.53,0,0.1074
2022-01-09,2351.89,0,0.1179
2022-01-10,2511.21,0,0.1291
2022-01-11,2365.31,0,0.1412
2022-01-12,2360.65,0,0.1541
2022-01-13,2427.33,0,0.1679
2022-01-14,2268.28,0,0.1827
2022-01-15,2275.55,0,0.1984
2022-01-16,2311.3,0,0.2151
2022-01-17,2179.21,0,0.2328
2022-01-18,2061.11,0,0.2515
2022-01-19,2190.3,0,0.2712
2022-01-20,2155.34,0,0.292
2022-01-21,2073.25,0,0.3138
2022-01-22,2069.3,0,0.3366
2022-01-23,2000.99,0,0.3605
2022-01-24,1916.4,0,0.3854
2022-01-25,2025.85,0,0.4114
2022-01-26,1830.99,0,0.4383
2022-01-27,1928.36,1,0.4661
2022-01-28,1804.2,1,0.4949
2022-01-29,1779.18,1,0.5246
2022-01-30,1813.67,1,0.555
2022-01-31,1880.46,1,0.5862
2022-02-01,1810.06,1,0.6181
2022-02-02,1707.6,1,0.6506
2022-02-03,1657.56,1,0.6836
2022-02-04,1671.75,1,0.717
2022-02-05,1856.87,1,0.7507
2022-02-06,1620.67,1,0.7847
2022-02-07,1693.71,1,0.8188
2022-02-08,1600.42,1,0.8529
2022-02-09,1621.6,1,0.8869
2022-02-10,1521.27,1,0.9206
2022-02-11,1453.22,1,0.954
2022-02-12,1452.93,1,0.9868
2022-02-13,1471.38,1,1.019
2022-02-14,1514.9,1,1.0505
2022-02-15,1394.15,1,1.081
2022-02-16,1362.06,1,1.1105
2022-02-17,1416.45,1,1.1388
2022-02-18,1203.01,1,1.1658
2022-02-19,1270.02,1,1.1914
2022-02-20,1196.61,1,1.2154
2022-02-21,1047.24,1,1.2378
2022-02-22,1050.09,1,1.2583
2022-02-23,1123.74,1,1.277
2022-02-24,1001.02,1,1.2938
2022-02-25,1022.94,1,1.3085
2022-02-26,920.24,1,1.321
2022-02-27,935.98,1,1.3314
2022-02-28,1094.4,1,1.3395
2022-03-01,1017.21,1,1.3453
2022-03-02,961.47,1,1.3488
2022-03-03,968.84,1,1.35
2022-03-04,1112.55,1,1.3488
2022-03-05,961.05,1,1.3453
2022-03-06,1039.41,1,1.3395
2022-03-07,1072.36,1,1.3314
2022-03-08,1298.85,1,1.321
2022-03-09,1160.91,1,1.3085
2022-03-10,1138.59,1,1.2938
2022-03-11,1173.1,1,1.277
2022-03-12,1309.52,1,1.2583
2022-03-13,1410.42,1,1.2378
2022-03-14,1351.36,1,1.2154
2022-03-15,1280.94,1,1.1914
2022-03-16,1424.72,1,1.1658
2022-03-17,1342.08,1,1.1388
2022-03-18,1164.82,1,1.1105
2022-03-19,1224.77,1,1.081
2022-03-20,1236.96,1,1.0505
2022-03-21,1258.4,1,1.019
2022-03-22,1413.47,1,0.9868
2022-03-23,1331.17,1,0.954
2022-03-24,1292.65,1,0.9206
2022-03-25,1465.4,1,0.8869
2022-03-26,1397.0,1,0.8529
2022-03-27,1430.94,1,0.8188
2022-03-28,1568.33,1,0.7847
2022-03-29,1507.34,1,0.7507
2022-03-30,1556.6,1,0.717
2022-03-31,1620.0,1,0.6836
2022-04-01,1629.48,1,0.6506
2022-04-02,1650.53,1,0.6181
2022-04-03,1555.91,1,0.5862
2022-04-04,1726.09,1,0.555
2022-04-05,1870.63,1,0.5246
2022-04-06,1834.34,1,0.4949
2022-04-07,1795.85,1,0.4661
2022-04-08,2056.8,0,0.4383
2022-04-09,2092.1,0,0.4114
2022-04-10,2020.74,0,0.3854
2022-04-11,2180.39,0,0.3605
2022-04-12,2131.51,0,0.3366
2022-04-13,2121.86,0,0.3138
2022-04-14,2265.8,0,0.292
2022-04-15,2047.25,0,0.2712
2022-04-16,2123.56,0,0.2515
2022-04-17,2259.01,0,0.2328
2022-04-18,2097.48,0,0.2151
2022-04-19,2176.12,0,0.1984
2022-04-20,1936.93,0,0.1827
2022-04-21,2152.98,0,0.1679
2022-04-22,2028.93,0,0.1541
2022-04-23,2148.99,0,0.1412
2022-04-24,2128.59,0,0.1291
2022-04-25,2198.35,0,0.1179
2022-04-26,2137.34,0,0.1074
2022-04-27,2227.17,0,0.0977
2022-04-28,2115.77,0,0.0887
2022-04-29,2171.79,0,0.0804
2022-04-30,2196.5,0,0.0728
2022-05-01,2299.26,0,0.0658
2022-05-02,2250.18,0,0.0593
2022-05-03,2214.58,0,0.0534
2022-05-04,2247.67,0,0.048
2022-05-05,2281.02,0,0.0431
2022-05-06,2418.68,0,0.0386
2022-05-07,2331.24,0,0.0345
2022-05-08,2441.91,0,0.0308
2022-05-09,2402.08,0,0.0274
2022-05-10,2383.53,0,0.0244
2022-05-11,2357.71,0,0.0217
2022-05-12,2448.43,0,0.0192
2022-05-13,2445.85,0,0.017
2022-05-14,2352.03,0,0.015
2022-05-15,2343.63,0,0.0132
2022-05-16,2539.7,0,0.0116
2022-05-17,2473.73,0,0.0102
2022-05-18,2244.34,0,0.009
2022-05-19,2278.89,0,0.0079
2022-05-20,2209.75,0,0.0069
2022-05-21,2229.51,0,0.006
2022-05-22,2242.58,0,0.0052
2022-05-23,2304.26,0,0.0045
2022-05-24,2150.03,0,0.0039
2022-05-25,2175.83,0,0.0034
2022-05-26,2162.74,0,0.003
2022-05-27,2297.95,0,0.0026
2022-05-28,2236.04,0,0.0022
2022-05-29,2183.1,0,0.0019
2022-05-30,2228.3,0,0.0016
2022-05-31,2201.64,0,0.0014
2022-06-01,2149.45,0,0.0012
2022-06-02,2324.58,0,0.001
2022-06-03,2232.89,0,0.0009
2022-06-04,2325.96,0,0.0007
2022-06-05,2328.28,0,0.0006
2022-06-06,2455.14,0,0.0005
2022-06-07,2328.5,0,0.0005
2022-06-08,2581.11,0,0.0004
2022-06-09,2309.64,0,0.0003
2022-06-10,2538.68,0,0.0003
2022-06-11,2420.54,0,0.0002
2022-06-12,2409.84,0,0.0002
2022-06-13,2459.91,0,0.0002
2022-06-14,2360.52,0,0.0001
2022-06-15,2472.41,0,0.0001
2022-06-16,2477.07,0,0.0001
2022-06-17,2421.94,0,0.0001
2022-06-18,2257.32,0,0.0001
2022-06-19,2366.4,0,0.0001
2022-06-20,2283.2,0,0.0
2022-06-21,2189.94,0,0.0
2022-06-22,2289.48,0,0.0
2022-06-23,2205.65,0,0.0
2022-06-24,2192.99,0,0.0
2022-06-25,2273.79,0,0.0
2022-06-26,2174.79,0,0.0
2022-06-27,2243.35,0,0.0
2022-06-28,2284.07,0,0.0
2022-06-29,2364.36,0,0.0
2022-06-30,2281.67,0,0.0
2022-07-01,2144.59,0,0.0
2022-07-02,2154.71,0,0.0
2022-07-03,2352.28,0,0.0
2022-07-04,2198.82,0,0.0
2022-07-05,2141.46,0,0.0
2022-07-06,2174.7,0,0.0
2022-07-07,2291.62,0,0.0
2022-07-08,2427.33,0,0.0
2022-07-09,2462.08,0,0.0
2022-07-10,2417.86,0,0.0
2022-07-11,2348.34,0,0.0
2022-07-12,2303.87,0,0.0
2022-07-13,2365.82,0,0.0
2022-07-14,2428.01,0,0.0
2022-07-15,2343.2,0,0.0
2022-07-16,2484.06,0,0.0
2022-07-17,2355.21,0,0.0
2022-07-18,2132.89,0,0.0
2022-07-19,2240.37,0,0.0
2022-07-20,2289.84,0,0.0
2022-07-21,2337.47,0,0.0
2022-07-22,2135.76,0,0.0
2022-07-23,2333.15,0,0.0
2022-07-24,2252.74,0,0.0
2022-07-25,2200.42,0,0.0
2022-07-26,2285.13,0,0.0
2022-07-27,2329.08,0,0.0
2022-07-28,2131.95,0,0.0
2022-07-29,2213.19,0,0.0
2022-07-30,2205.92,0,0.0
2022-07-31,2282.13,0,0.0
2022-08-01,2336.48,0,0.0
2022-08-02,2246.48,0,0.0
2022-08-03,2222.86,0,0.0
2022-08-04,2270.94,0,0.0
2022-08-05,2406.91,0,0.0
2022-08-06,2281.28,0,0.0
2022-08-07,2456.07,0,0.0
2022-08-08,2486.7,0,0.0
2022-08-09,2492.6,0,0.0
2022-08-10,2347.84,0,0.0
2022-08-11,2462.63,0,0.0
2022-08-12,2522.99,0,0.0
2022-08-13,2588.04,0,0.0
2022-08-14,2454.88,0,0.0
2022-08-15,2487.91,0,0.0
2022-08-16,2359.65,0,0.0
2022-08-17,2351.37,0,0.0
2022-08-18,2308.79,0,0.0
2022-08-19,2112.5,0,0.0
2022-08-20,2255.17,0,0.0
2022-08-21,2338.3,0,0.0
2022-08-22,2291.87,0,0.0
2022-08-23,2291.7,0,0.0
2022-08-24,2242.84,0,0.0
2022-08-25,2219.67,0,0.0
2022-08-26,2386.64,0,0.0
2022-08-27,2327.04,0,0.0
2022-08-28,2302.13,0,0.0
2022-08-29,2249.22,0,0.0
2022-08-30,2209.73,0,0.0
2022-08-31,2318.16,0,0.0
2022-09-01,2228.34,0,0.0
2022-09-02,2253.7,0,0.0
2022-09-03,2288.91,0,0.0
2022-09-04,2262.82,0,0.0
2022-09-05,2530.28,0,0.0
2022-09-06,2344.05,0,0.0
2022-09-07,2434.56,0,0.0
2022-09-08,2569.49,0,0.0
2022-09-09,2489.16,0,0.0
2022-09-10,2418.39,0,0.0
2022-09-11,2483.47,0,0.0
2022-09-12,2428.8,0,0.0
2022-09-13,2527.58,0,0.0
2022-09-14,2486.01,0,0.0
2022-09-15,2376.67,0,0.0
2022-09-16,2448.87,0,0.0
2022-09-17,2460.96,0,0.0
2022-09-18,2284.57,0,0.0
2022-09-19,2275.25,0,0.0
2022-09-20,2291.64,0,0.0
2022-09-21,2282.57,0,0.0
2022-09-22,2208.86,0,0.0
2022-09-23,2226.48,0,0.0
2022-09-24,2240.04,0,0.0
2022-09-25,2263.19,0,0.0
2022-09-26,2241.1,0,0.0
2022-09-27,2329.53,0,0.0
2022-09-28,2195.87,0,0.0
2022-09-29,2145.97,0,0.0
2022-09-30,2387.01,0,0.0
2022-10-01,2206.48,0,0.0
2022-10-02,2331.6,0,0.0
2022-10-03,2300.1,0,0.0
2022-10-04,2210.16,0,0.0
2022-10-05,2252.83,0,0.0
2022-10-06,2243.62,0,0.0
2022-10-07,2285.6,0,0.0
2022-10-08,2393.03,0,0.0
2022-10-09,2431.93,0,0.0
2022-10-10,2441.48,0,0.0
2022-10-11,2516.02,0,0.0
2022-10-12,2418.19,0,0.0
2022-10-13,2382.0,0,0.0
2022-10-14,2410.53,0,0.0
2022-10-15,2470.31,0,0.0
2022-10-16,2331.82,0,0.0
2022-10-17,2525.33,0,0.0
2022-10-18,2269.32,0,0.0
2022-10-19,2296.74,0,0.0
2022-10-20,2283.37,0,0.0
2022-10-21,2226.29,0,0.0
2022-10-22,2199.88,0,0.0
2022-10-23,2225.25,0,0.0
2022-10-24,2173.45,0,0.0
2022-10-25,2294.54,0,0.0
2022-10-26,2261.9,0,0.0
2022-10-27,2173.32,0,0.0
2022-10-28,2233.56,0,0.0
2022-10-29,2316.6,0,0.0
2022-10-30,2358.85,0,0.0
2022-10-31,2191.95,0,0.0
2022-11-01,2416.49,0,0.0
2022-11-02,2214.24,0,0.0
2022-11-03,2166.4,0,0.0
2022-11-04,2392.05,0,0.0
2022-11-05,2390.78,0,0.0
2022-11-06,2558.1,0,0.0
2022-11-07,2416.46,0,0.0
2022-11-08,2441.25,0,0.0
2022-11-09,2376.1,0,0.0
2022-11-10,2544.61,0,0.0
2022-11-11,2536.32,0,0.0
2022-11-12,2419.93,0,0.0
2022-11-13,2458.64,0,0.0
2022-11-14,2507.2,0,0.0
2022-11-15,2434.18,0,0.0
2022-11-16,2554.16,0,0.0
2022-11-17,2459.27,0,0.0
2022-11-18,2253.06,0,0.0
2022-11-19,2184.61,0,0.0
2022-11-20,2204.08,0,0.0
2022-11-21,2327.11,0,0.0
2022-11-22,2304.85,0,0.0
2022-11-23,2343.26,0,0.0
2022-11-24,2254.35,0,0.0
2022-11-25,2184.95,0,0.0
2022-11-26,2260.07,0,0.0
2022-11-27,2425.51,0,0.0
2022-11-28,2231.04,0,0.0
2022-11-29,2292.1,0,0.0
2022-11-30,2138.3,0,0.0
2022-12-01,2262.12,0,0.0
2022-12-02,2269.73,0,0.0
2022-12-03,2318.93,0,0.0
2022-12-04,2277.43,0,0.0
2022-12-05,2200.13,0,0.0
2022-12-06,2436.42,0,0.0
2022-12-07,2467.06,0,0.0
2022-12-08,2416.32,0,0.0
2022-12-09,2426.52,0,0.0
2022-12-10,2547.92,0,0.0
2022-12-11,2442.72,0,0.0
2022-12-12,2512.7,0,0.0
2022-12-13,2473.37,0,0.0
2022-12-14,2405.69,0,0.0
2022-12-15,2464.77,0,0.0
2022-12-16,2506.1,0,0.0
2022-12-17,2600.86,0,0.0
2022-12-18,2258.56,0,0.0
2022-12-19,2304.0,0,0.0
2022-12-20,2369.43,0,0.0
2022-12-21,2393.06,0,0.0
2022-12-22,2269.75,0,0.0
2022-12-23,2302.6,0,0.0
2022-12-24,2385.86,0,0.0
2022-12-25,2347.59,0,0.0
2022-12-26,2382.33,0,0.0
2022-12-27,2392.11,0,0.0
2022-12-28,2352.78,0,0.0
2022-12-29,2326.94,0,0.0
2022-12-30,2274.82,0,0.0
2022-12-31,2303.38,0,0.0
2023-01-01,2308.53,0,0.0
2023-01-02,2398.86,0,0.0
2023-01-03,2333.22,0,0.0
2023-01-04,2334.67,0,0.0
2023-01-05,2258.83,0,0.0
2023-01-06,2402.58,0,0.0
2023-01-07,2275.26,0,0.0
2023-01-08,2487.48,0,0.0
2023-01-09,2591.95,0,0.0
2023-01-10,2565.33,0,0.0
2023-01-11,2453.32,0,0.0
2023-01-12,2439.29,0,0.0
2023-01-13,2497.04,0,0.0
2023-01-14,2473.69,0,0.0
2023-01-15,2416.64,0,0.0
2023-01-16,2463.93,0,0.0
2023-01-17,2335.15,0,0.0
2023-01-18,2393.41,0,0.0
2023-01-19,2390.2,0,0.0
2023-01-20,2428.05,0,0.0
2023-01-21,2360.27,0,0.0
2023-01-22,2309.06,0,0.0
2023-01-23,2405.61,0,0.0
2023-01-24,2294.39,0,0.0
2023-01-25,2254.65,0,0.0
2023-01-26,2332.21,0,0.0
2023-01-27,2369.4,0,0.0
2023-01-28,2290.81,0,0.0
2023-01-29,2276.4,0,0.0
2023-01-30,2318.3,0,0.0
2023-01-31,2373.09,0,0.0
2023-02-01,2337.77,0,0.0
2023-02-02,2519.51,0,0.0
2023-02-03,2340.21,0,0.0
2023-02-04,2398.77,0,0.0
2023-02-05,2436.73,0,0.0
2023-02-06,2569.97,0,0.0
2023-02-07,2502.7,0,0.0
2023-02-08,2533.08,0,0.0
2023-02-09,2644.25,0,0.0
2023-02-10,2511.35,0,0.0
2023-02-11,2451.46,0,0.0
2023-02-12,2462.53,0,0.0
2023-02-13,2549.59,0,0.0
2023-02-14,2547.01,0,0.0
2023-02-15,2545.25,0,0.0
2023-02-16,2457.62,0,0.0
2023-02-17,2673.84,0,0.0
2023-02-18,2458.27,0,0.0
2023-02-19,2372.49,0,0.0
2023-02-20,2266.1,0,0.0
2023-02-21,2468.92,0,0.0
2023-02-22,2440.78,0,0.0
2023-02-23,2374.52,0,0.0
2023-02-24,2446.72,0,0.0
2023-02-25,2337.63,0,0.0
2023-02-26,2308.3,0,0.0
2023-02-27,2381.91,0,0.0
2023-02-28,2271.72,0,0.0
2023-03-01,2301.45,0,0.0
2023-03-02,2409.93,0,0.0
2023-03-03,2391.14,0,0.0
2023-03-04,2286.71,0,0.0
2023-03-05,2350.9,0,0.0
2023-03-06,2291.48,0,0.0
2023-03-07,2347.67,0,0.0
2023-03-08,2521.54,0,0.0
2023-03-09,2625.88,0,0.0
2023-03-10,2552.17,0,0.0
2023-03-11,2547.53,0,0.0
2023-03-12,2538.81,0,0.0
2023-03-13,2453.46,0,0.0
2023-03-14,2559.87,0,0.0
2023-03-15,2598.65,0,0.0
2023-03-16,2583.3,0,0.0
2023-03-17,2614.25,0,0.0
2023-03-18,2438.4,0,0.0
2023-03-19,2534.08,0,0.0
2023-03-20,2318.82,0,0.0
2023-03-21,2408.44,0,0.0
2023-03-22,2416.71,0,0.0
2023-03-23,2374.37,0,0.0
2023-03-24,2355.04,0,0.0
2023-03-25,2429.56,0,0.0
2023-03-26,2424.32,0,0.0
2023-03-27,2330.68,0,0.0
2023-03-28,2283.28,0,0.0
2023-03-29,2369.16,0,0.0
2023-03-30,2358.34,0,0.0
2023-03-31,2442.28,0,0.0
2023-04-01,2344.04,0,0.0
2023-04-02,2393.55,0,0.0
2023-04-03,2295.14,0,0.0
2023-04-04,2306.24,0,0.0
2023-04-05,2358.07,0,0.0
2023-04-06,2392.8,0,0.0
2023-04-07,2356.8,0,0.0
2023-04-08,2600.36,0,0.0
2023-04-09,2481.5,0,0.0
2023-04-10,2579.1,0,0.0
2023-04-11,2580.86,0,0.0
2023-04-12,2500.97,0,0.0
2023-04-13,2610.93,0,0.0
2023-04-14,2456.09,0,0.0
2023-04-15,2553.54,0,0.0
2023-04-16,2650.27,0,0.0
2023-04-17,2455.45,0,0.0
2023-04-18,2464.7,0,0.0
2023-04-19,2346.29,0,0.0
2023-04-20,2384.7,0,0.0
2023-04-21,2515.51,0,0.0
2023-04-22,2384.33,0,0.0
2023-04-23,2530.97,0,0.0
2023-04-24,2407.24,0,0.0
2023-04-25,2422.58,0,0.0
2023-04-26,2483.82,0,0.0
2023-04-27,2465.44,0,0.0
2023-04-28,2441.09,0,0.0
2023-04-29,2401.95,0,0.0
2023-04-30,2332.26,0,0.0
2023-05-01,2336.42,0,0.0
2023-05-02,2520.42,0,0.0
2023-05-03,2546.52,0,0.0
2023-05-04,2445.48,0,0.0
2023-05-05,2322.76,0,0.0
2023-05-06,2568.85,0,0.0
2023-05-07,2566.62,0,0.0
2023-05-08,2584.91,0,0.0
2023-05-09,2564.52,0,0.0
2023-05-10,2656.85,0,0.0
2023-05-11,2640.09,0,0.0
2023-05-12,2727.7,0,0.0
2023-05-13,2600.69,0,0.0
2023-05-14,2639.99,0,0.0
2023-05-15,2676.14,0,0.0
2023-05-16,2695.36,0,0.0
2023-05-17,2549.67,0,0.0
2023-05-18,2477.24,0,0.0
2023-05-19,2461.44,0,0.0
2023-05-20,2472.57,0,0.0
2023-05-21,2457.74,0,0.0
2023-05-22,2566.18,0,0.0
2023-05-23,2397.92,0,0.0
2023-05-24,2395.05,0,0.0
2023-05-25,2404.41,0,0.0
2023-05-26,2439.88,0,0.0
2023-05-27,2478.77,0,0.0
2023-05-28,2431.02,0,0.0001
2023-05-29,2527.04,0,0.0001
2023-05-30,2462.35,0,0.0001
2023-05-31,2457.26,0,0.0001
2023-06-01,2378.0,0,0.0002
2023-06-02,2583.77,0,0.0002
2023-06-03,2463.23,0,0.0002
2023-06-04,2573.64,0,0.0003
2023-06-05,2607.67,0,0.0004
2023-06-06,2702.98,0,0.0005
2023-06-07,2613.28,0,0.0006
2023-06-08,2768.91,0,0.0007
2023-06-09,2724.33,0,0.0009
2023-06-10,2707.46,0,0.0011
2023-06-11,2605.86,0,0.0013
2023-06-12,2777.57,0,0.0016
2023-06-13,2786.73,0,0.002
2023-06-14,2630.13,0,0.0024
2023-06-15,2665.79,0,0.0029
2023-06-16,2715.91,0,0.0035
2023-06-17,2527.75,0,0.0042
2023-06-18,2550.58,0,0.005
2023-06-19,2542.65,0,0.006
2023-06-20,2439.37,0,0.0071
2023-06-21,2333.14,0,0.0085
2023-06-22,2496.76,0,0.01
2023-06-23,2400.65,0,0.0118
2023-06-24,2370.06,0,0.0139
2023-06-25,2496.05,0,0.0163
2023-06-26,2555.94,0,0.019
2023-06-27,2453.99,0,0.0221
2023-06-28,2542.78,0,0.0257
2023-06-29,2505.98,0,0.0298
2023-06-30,2370.1,0,0.0344
2023-07-01,2419.34,0,0.0395
2023-07-02,2520.89,0,0.0454
2023-07-03,2408.91,0,0.0519
2023-07-04,2492.7,0,0.0592
2023-07-05,2406.02,0,0.0672
2023-07-06,2471.96,0,0.0762
2023-07-07,2444.49,0,0.0861
2023-07-08,2571.04,0,0.0969
2023-07-09,2621.83,0,0.1088
2023-07-10,2424.95,0,0.1218
2023-07-11,2482.27,0,0.1359
2023-07-12,2509.08,0,0.1512
2023-07-13,2600.69,0,0.1676
2023-07-14,2414.54,0,0.1853
2023-07-15,2489.19,0,0.2043
2023-07-16,2493.8,0,0.2244
2023-07-17,2469.81,0,0.2458
2023-07-18,2246.72,0,0.2684
2023-07-19,2191.07,0,0.2922
2023-07-20,2192.59,0,0.3171
2023-07-21,2248.18,0,0.3431
2023-07-22,2115.34,0,0.37
2023-07-23,1994.14,0,0.3978
2023-07-24,2138.48,0,0.4264
2023-07-25,2178.46,1,0.4557
2023-07-26,1985.48,1,0.4855
2023-07-27,2114.5,1,0.5156
2023-07-28,2031.96,1,0.5459
2023-07-29,1895.01,1,0.5762
2023-07-30,1896.67,1,0.6063
2023-07-31,1866.44,1,0.636
2023-08-01,1899.19,1,0.6651
2023-08-02,1850.37,1,0.6934
2023-08-03,1908.93,1,0.7207
2023-08-04,1868.37,1,0.7467
2023-08-05,1870.17,1,0.7713
2023-08-06,1857.4,1,0.7942
2023-08-07,1970.31,1,0.8154
2023-08-08,1879.55,1,0.8345
2023-08-09,1886.43,1,0.8514
2023-08-10,1920.28,1,0.8659
2023-08-11,1929.85,1,0.878
2023-08-12,1785.62,1,0.8876
2023-08-13,1715.65,1,0.8945
2023-08-14,1849.55,1,0.8986
2023-08-15,1800.8,1,0.9
2023-08-16,1862.78,1,0.8986
2023-08-17,1857.44,1,0.8945
2023-08-18,1627.1,1,0.8876
2023-08-19,1835.98,1,0.878
2023-08-20,1713.72,1,0.8659
2023-08-21,1689.93,1,0.8514
2023-08-22,1750.65,1,0.8345
2023-08-23,1797.39,1,0.8154
2023-08-24,1742.65,1,0.7942
2023-08-25,1957.13,1,0.7713
2023-08-26,1731.46,1,0.7467
2023-08-27,1761.46,1,0.7207
2023-08-28,1778.61,1,0.6934
2023-08-29,1910.44,1,0.6651
2023-08-30,1969.31,1,0.636
2023-08-31,1946.04,1,0.6063
2023-09-01,2027.39,1,0.5762
2023-09-02,2056.02,1,0.5459
2023-09-03,2032.4,1,0.5156
2023-09-04,2112.95,1,0.4855
2023-09-05,2281.39,1,0.4557
2023-09-06,2296.07,0,0.4264
2023-09-07,2318.14,0,0.3978
2023-09-08,2392.83,0,0.37
2023-09-09,2483.13,0,0.3431
2023-09-10,2351.0,0,0.3171
2023-09-11,2422.45,0,0.2922
2023-09-12,2487.52,0,0.2684
2023-09-13,2613.29,0,0.2458
2023-09-14,2548.15,0,0.2244
2023-09-15,2487.09,0,0.2043
2023-09-16,2498.5,0,0.1853
2023-09-17,2640.05,0,0.1676
2023-09-18,2391.94,0,0.1512
2023-09-19,2347.47,0,0.1359
2023-09-20,2507.43,0,0.1218
2023-09-21,2474.54,0,0.1088
2023-09-22,2388.82,0,0.0969
2023-09-23,2390.28,0,0.0861
2023-09-24,2346.52,0,0.0762
2023-09-25,2456.09,0,0.0672
2023-09-26,2524.65,0,0.0592
2023-09-27,2574.81,0,0.0519
2023-09-28,2546.81,0,0.0454
2023-09-29,2440.51,0,0.0395
2023-09-30,2512.41,0,0.0344
2023-10-01,2628.73,0,0.0298
2023-10-02,2506.99,0,0.0257
2023-10-03,2594.24,0,0.0221
2023-10-04,2589.78,0,0.019
2023-10-05,2600.41,0,0.0163
2023-10-06,2581.89,0,0.0139
2023-10-07,2605.6,0,0.0118
2023-10-08,2642.39,0,0.01
2023-10-09,2839.22,0,0.0085
2023-10-10,2625.12,0,0.0071
2023-10-11,2764.45,0,0.006
2023-10-12,2742.51,0,0.005
2023-10-13,2706.33,0,0.0042
2023-10-14,2684.82,0,0.0035
2023-10-15,2785.04,0,0.0029
2023-10-16,2802.4,0,0.0024
2023-10-17,2744.54,0,0.002
2023-10-18,2553.29,0,0.0016
2023-10-19,2656.18,0,0.0013
2023-10-20,2546.22,0,0.0011
2023-10-21,2571.59,0,0.0009
2023-10-22,2561.76,0,0.0007
2023-10-23,2736.23,0,0.0006
2023-10-24,2521.63,0,0.0005
2023-10-25,2630.85,0,0.0004
2023-10-26,2466.9,0,0.0003
2023-10-27,2515.63,0,0.0002
2023-10-28,2558.32,0,0.0002
2023-10-29,2570.41,0,0.0002
2023-10-30,2561.58,0,0.0001
2023-10-31,2573.45,0,0.0001
2023-11-01,2535.6,0,0.0001
2023-11-02,2664.54,0,0.0001
2023-11-03,2516.28,0,0.0
2023-11-04,2630.15,0,0.0
2023-11-05,2806.25,0,0.0
2023-11-06,2701.03,0,0.0
2023-11-07,2739.21,0,0.0
2023-11-08,2763.33,0,0.0
2023-11-09,2872.81,0,0.0
2023-11-10,2740.33,0,0.0
2023-11-11,3000.27,0,0.0
2023-11-12,2815.04,0,0.0
2023-11-13,2787.86,0,0.0
2023-11-14,2823.39,0,0.0
2023-11-15,2654.6,0,0.0
2023-11-16,2842.86,0,0.0
2023-11-17,2681.08,0,0.0
2023-11-18,2643.96,0,0.0
2023-11-19,2549.28,0,0.0
2023-11-20,2536.2,0,0.0
2023-11-21,2703.72,0,0.0
2023-11-22,2582.38,0,0.0
2023-11-23,2489.68,0,0.0
2023-11-24,2652.9,0,0.0
2023-11-25,2510.53,0,0.0
2023-11-26,2678.65,0,0.0
2023-11-27,2589.47,0,0.0
2023-11-28,2508.04,0,0.0
2023-11-29,2644.54,0,0.0
2023-11-30,2625.34,0,0.0
2023-12-01,2453.74,0,0.0
2023-12-02,2587.94,0,0.0
2023-12-03,2611.78,0,0.0
2023-12-04,2608.27,0,0.0
2023-12-05,2580.91,0,0.0
2023-12-06,2821.62,0,0.0
2023-12-07,2810.44,0,0.0
2023-12-08,2775.75,0,0.0
2023-12-09,2758.62,0,0.0
2023-12-10,2783.87,0,0.0
2023-12-11,2735.25,0,0.0
2023-12-12,2708.27,0,0.0
2023-12-13,2701.92,0,0.0
2023-12-14,2768.7,0,0.0
2023-12-15,2719.67,0,0.0
2023-12-16,2765.33,0,0.0
2023-12-17,2862.32,0,0.0
2023-12-18,2582.61,0,0.0
2023-12-19,2605.26,0,0.0
2023-12-20,2581.61,0,0.0
2023-12-21,2681.6,0,0.0
2023-12-22,2704.62,0,0.0
2023-12-23,2566.53,0,0.0
2023-12-24,2644.53,0,0.0
2023-12-25,2733.32,0,0.0
2023-12-26,2522.12,0,0.0
2023-12-27,2661.44,0,0.0
2023-12-28,2484.73,0,0.0
2023-12-29,2599.95,0,0.0
2023-12-30,2589.07,0,0.0
2023-12-31,2487.36,0,0.0
2024-01-01,2669.25,0,0.0
2024-01-02,2608.17,0,0.0
2024-01-03,2538.43,0,0.0
2024-01-04,2620.17,0,0.0
2024-01-05,2657.68,0,0.0
2024-01-06,2484.06,0,0.0
2024-01-07,2394.49,0,0.0
2024-01-08,2776.5,0,0.0
2024-01-09,2729.38,0,0.0
2024-01-10,2866.4,0,0.0
2024-01-11,2755.4,0,0.0
2024-01-12,2799.67,0,0.0
2024-01-13,2767.47,0,0.0
2024-01-14,2679.2,0,0.0
2024-01-15,2781.72,0,0.0
2024-01-16,2693.59,0,0.0
2024-01-17,2690.45,0,0.0
2024-01-18,2528.53,0,0.0
2024-01-19,2522.86,0,0.0
2024-01-20,2586.26,0,0.0
2024-01-21,2574.48,0,0.0
2024-01-22,2618.45,0,0.0
2024-01-23,2497.67,0,0.0
2024-01-24,2583.64,0,0.0
2024-01-25,2568.71,0,0.0
2024-01-26,2613.09,0,0.0
2024-01-27,2616.19,0,0.0
2024-01-28,2610.13,0,0.0
2024-01-29,2535.58,0,0.0
2024-01-30,2601.53,0,0.0
2024-01-31,2566.53,0,0.0
2024-02-01,2685.27,0,0.0
2024-02-02,2606.98,0,0.0
2024-02-03,2604.92,0,0.0
2024-02-04,2516.45,0,0.0
2024-02-05,2741.27,0,0.0
2024-02-06,2796.4,0,0.0
2024-02-07,2774.39,0,0.0
2024-02-08,2773.61,0,0.0
2024-02-09,2665.36,0,0.0
2024-02-10,2726.34,0,0.0
2024-02-11,2761.3,0,0.0
2024-02-12,2857.18,0,0.0
2024-02-13,2656.04,0,0.0
2024-02-14,2710.99,0,0.0
2024-02-15,2655.35,0,0.0
2024-02-16,2799.77,0,0.0
2024-02-17,2855.59,0,0.0
2024-02-18,2621.79,0,0.0
2024-02-19,2635.74,0,0.0
2024-02-20,2530.99,0,0.0
2024-02-21,2621.94,0,0.0
2024-02-22,2547.56,0,0.0
2024-02-23,2601.5,0,0.0
2024-02-24,2630.11,0,0.0
2024-02-25,2578.3,0,0.0
2024-02-26,2650.41,0,0.0
2024-02-27,2586.29,0,0.0
2024-02-28,2614.52,0,0.0
2024-02-29,2719.46,0,0.0
2024-03-01,2628.68,0,0.0
2024-03-02,2547.43,0,0.0
2024-03-03,2564.7,0,0.0
2024-03-04,2652.47,0,0.0
2024-03-05,2663.28,0,0.0
2024-03-06,2592.9,0,0.0
2024-03-07,2675.78,0,0.0
2024-03-08,2713.04,0,0.0
2024-03-09,2786.32,0,0.0
2024-03-10,2812.05,0,0.0
2024-03-11,2839.38,0,0.0
2024-03-12,2641.72,0,0.0
2024-03-13,2830.19,0,0.0
2024-03-14,2866.04,0,0.0
2024-03-15,2617.43,0,0.0
2024-03-16,2772.38,0,0.0
2024-03-17,2821.7,0,0.0
2024-03-18,2500.41,0,0.0
2024-03-19,2559.4,0,0.0
2024-03-20,2627.97,0,0.0
2024-03-21,2557.28,0,0.0
2024-03-22,2567.31,0,0.0
2024-03-23,2604.98,0,0.0
2024-03-24,2514.27,0,0.0
2024-03-25,2520.63,0,0.0
2024-03-26,2620.1,0,0.0
2024-03-27,2650.99,0,0.0
2024-03-28,2614.88,0,0.0
2024-03-29,2677.1,0,0.0
2024-03-30,2615.55,0,0.0
2024-03-31,2707.97,0,0.0
2024-04-01,2591.83,0,0.0
2024-04-02,2603.61,0,0.0
2024-04-03,2613.02,0,0.0
2024-04-04,2545.61,0,0.0
2024-04-05,2535.6,0,0.0
2024-04-06,2527.15,0,0.0
2024-04-07,2549.14,0,0.0
2024-04-08,2899.47,0,0.0
2024-04-09,2882.86,0,0.0
2024-04-10,2742.74,0,0.0
2024-04-11,2736.31,0,0.0
2024-04-12,2623.68,0,0.0
2024-04-13,2698.17,0,0.0
2024-04-14,2709.76,0,0.0
2024-04-15,2733.35,0,0.0
2024-04-16,2724.47,0,0.0
2024-04-17,2775.01,0,0.0
2024-04-18,2630.97,0,0.0
2024-04-19,2532.84,0,0.0
2024-04-20,2673.09,0,0.0
2024-04-21,2601.69,0,0.0
2024-04-22,2636.49,0,0.0
2024-04-23,2549.71,0,0.0
2024-04-24,2613.32,0,0.0
2024-04-25,2606.8,0,0.0
2024-04-26,2672.22,0,0.0
2024-04-27,2618.76,0,0.0
2024-04-28,2631.33,0,0.0
2024-04-29,2540.95,0,0.0
2024-04-30,2652.56,0,0.0
2024-05-01,2491.37,0,0.0
2024-05-02,2536.55,0,0.0
2024-05-03,2591.56,0,0.0
2024-05-04,2497.83,0,0.0
2024-05-05,2512.21,0,0.0
2024-05-06,2691.71,0,0.0
2024-05-07,2775.76,0,0.0
2024-05-08,2740.27,0,0.0
2024-05-09,2812.69,0,0.0
2024-05-10,2871.73,0,0.0
2024-05-11,2766.51,0,0.0
2024-05-12,2715.12,0,0.0
2024-05-13,2771.74,0,0.0
2024-05-14,2689.01,0,0.0
2024-05-15,2742.51,0,0.0
2024-05-16,2906.12,0,0.0
2024-05-17,2732.28,0,0.0
2024-05-18,2584.56,0,0.0
2024-05-19,2553.8,0,0.0
2024-05-20,2537.07,0,0.0
2024-05-21,2594.35,0,0.0
2024-05-22,2479.87,0,0.0
2024-05-23,2551.07,0,0.0
2024-05-24,2473.02,0,0.0
2024-05-25,2661.02,0,0.0
2024-05-26,2624.17,0,0.0
2024-05-27,2509.44,0,0.0
2024-05-28,2438.11,0,0.0
2024-05-29,2589.97,0,0.0
2024-05-30,2554.61,0,0.0
2024-05-31,2702.65,0,0.0
2024-06-01,2647.27,0,0.0
2024-06-02,2596.78,0,0.0
2024-06-03,2520.5,0,0.0
2024-06-04,2537.17,0,0.0
2024-06-05,2753.14,0,0.0
2024-06-06,2755.91,0,0.0
2024-06-07,2686.16,0,0.0
2024-06-08,2642.81,0,0.0
2024-06-09,2856.12,0,0.0
2024-06-10,2732.3,0,0.0
2024-06-11,2756.98,0,0.0
2024-06-12,2672.98,0,0.0
2024-06-13,2816.81,0,0.0
2024-06-14,2794.91,0,0.0
2024-06-15,2730.53,0,0.0
2024-06-16,2739.54,0,0.0
2024-06-17,2743.69,0,0.0
2024-06-18,2550.83,0,0.0
2024-06-19,2579.98,0,0.0
2024-06-20,2567.47,0,0.0
2024-06-21,2530.83,0,0.0
2024-06-22,2465.57,0,0.0
2024-06-23,2539.14,0,0.0
2024-06-24,2588.81,0,0.0
2024-06-25,2582.98,0,0.0
2024-06-26,2623.85,0,0.0
2024-06-27,2629.97,0,0.0
2024-06-28,2582.64,0,0.0
2024-06-29,2548.45,0,0.0
2024-06-30,2557.83,0,0.0
2024-07-01,2497.4,0,0.0
2024-07-02,2585.92,0,0.0
2024-07-03,2619.23,0,0.0
2024-07-04,2600.11,0,0.0
2024-07-05,2567.79,0,0.0
2024-07-06,2515.2,0,0.0
2024-07-07,2506.91,0,0.0
2024-07-08,2698.87,0,0.0
2024-07-09,2661.0,0,0.0
2024-07-10,2725.51,0,0.0
2024-07-11,2525.08,0,0.0
2024-07-12,2671.03,0,0.0
2024-07-13,2709.67,0,0.0
2024-07-14,2867.04,0,0.0
2024-07-15,2703.9,0,0.0
2024-07-16,2705.48,0,0.0
2024-07-17,2647.79,0,0.0
2024-07-18,2632.92,0,0.0
2024-07-19,2467.45,0,0.0
2024-07-20,2651.62,0,0.0
2024-07-21,2470.55,0,0.0
2024-07-22,2579.02,0,0.0
2024-07-23,2513.29,0,0.0
2024-07-24,2479.57,0,0.0
2024-07-25,2580.9,0,0.0
2024-07-26,2600.78,0,0.0
2024-07-27,2501.52,0,0.0
2024-07-28,2511.15,0,0.0
2024-07-29,2485.04,0,0.0
2024-07-30,2525.57,0,0.0
2024-07-31,2438.98,0,0.0
2024-08-01,2334.2,0,0.0
2024-08-02,2386.84,0,0.0
2024-08-03,2493.16,0,0.0
2024-08-04,2437.11,0,0.0
2024-08-05,2678.13,0,0.0
2024-08-06,2651.58,0,0.0
2024-08-07,2638.1,0,0.0
2024-08-08,2640.95,0,0.0
2024-08-09,2745.11,0,0.0
2024-08-10,2696.64,0,0.0
2024-08-11,2782.18,0,0.0
2024-08-12,2686.27,0,0.0
2024-08-13,2554.51,0,0.0
2024-08-14,2609.91,0,0.0
2024-08-15,2684.34,0,0.0
2024-08-16,2691.68,0,0.0
2024-08-17,2636.95,0,0.0
2024-08-18,2442.41,0,0.0
2024-08-19,2453.7,0,0.0
2024-08-20,2482.92,0,0.0
2024-08-21,2488.2,0,0.0
2024-08-22,2419.11,0,0.0
2024-08-23,2505.55,0,0.0
2024-08-24,2504.03,0,0.0
2024-08-25,2480.55,0,0.0
2024-08-26,2441.86,0,0.0
2024-08-27,2529.49,0,0.0
2024-08-28,2570.95,0,0.0
2024-08-29,2454.84,0,0.0
2024-08-30,2442.19,0,0.0
2024-08-31,2512.39,0,0.0
2024-09-01,2405.08,0,0.0
2024-09-02,2397.25,0,0.0
2024-09-03,2437.1,0,0.0
2024-09-04,2498.45,0,0.0
2024-09-05,2600.16,0,0.0
2024-09-06,2655.22,0,0.0
2024-09-07,2524.88,0,0.0
2024-09-08,2694.63,0,0.0
2024-09-09,2747.21,0,0.0
2024-09-10,2593.49,0,0.0
2024-09-11,2680.54,0,0.0
2024-09-12,2637.19,0,0.0
2024-09-13,2656.65,0,0.0
2024-09-14,2632.81,0,0.0
2024-09-15,2628.1,0,0.0
2024-09-16,2592.71,0,0.0
2024-09-17,2574.86,0,0.0
2024-09-18,2536.39,0,0.0
2024-09-19,2354.82,0,0.0
2024-09-20,2461.77,0,0.0
2024-09-21,2457.85,0,0.0
2024-09-22,2457.99,0,0.0
2024-09-23,2503.28,0,0.0
2024-09-24,2434.99,0,0.0
2024-09-25,2500.56,0,0.0
2024-09-26,2586.22,0,0.0
2024-09-27,2446.27,0,0.0
2024-09-28,2323.1,0,0.0
2024-09-29,2444.93,0,0.0
2024-09-30,2437.57,0,0.0
2024-10-01,2478.36,0,0.0
2024-10-02,2321.63,0,0.0
2024-10-03,2471.35,0,0.0
2024-10-04,2421.88,0,0.0
2024-10-05,2500.47,0,0.0
2024-10-06,2413.6,0,0.0
2024-10-07,2502.73,0,0.0
2024-10-08,2527.13,0,0.0
2024-10-09,2625.49,0,0.0
2024-10-10,2560.17,0,0.0
2024-10-11,2590.62,0,0.0
2024-10-12,2798.16,0,0.0
2024-10-13,2558.64,0,0.0
2024-10-14,2595.15,0,0.0
2024-10-15,2544.03,0,0.0
2024-10-16,2597.42,0,0.0
2024-10-17,2606.64,0,0.0
2024-10-18,2387.64,0,0.0
2024-10-19,2536.86,0,0.0
2024-10-20,2508.48,0,0.0
2024-10-21,2370.85,0,0.0
2024-10-22,2484.49,0,0.0
2024-10-23,2399.2,0,0.0
2024-10-24,2349.5,0,0.0
2024-10-25,2381.74,0,0.0
2024-10-26,2345.77,0,0.0
2024-10-27,2487.58,0,0.0
2024-10-28,2368.44,0,0.0
2024-10-29,2508.13,0,0.0
2024-10-30,2432.56,0,0.0
2024-10-31,2396.17,0,0.0
2024-11-01,2388.77,0,0.0
2024-11-02,2534.33,0,0.0
2024-11-03,2420.08,0,0.0
2024-11-04,2385.62,0,0.0
2024-11-05,2652.88,0,0.0
2024-11-06,2634.47,0,0.0
2024-11-07,2531.18,0,0.0
2024-11-08,2594.75,0,0.0
2024-11-09,2475.84,0,0.0
2024-11-10,2590.23,0,0.0
2024-11-11,2611.83,0,0.0
2024-11-12,2619.52,0,0.0
2024-11-13,2524.45,0,0.0
2024-11-14,2540.41,0,0.0
2024-11-15,2603.5,0,0.0
2024-11-16,2667.7,0,0.0
2024-11-17,2591.41,0,0.0
2024-11-18,2368.15,0,0.0
2024-11-19,2466.49,0,0.0
2024-11-20,2410.83,0,0.0
2024-11-21,2413.06,0,0.0
2024-11-22,2452.3,0,0.0
2024-11-23,2393.19,0,0.0
2024-11-24,2337.79,0,0.0
2024-11-25,2387.42,0,0.0
2024-11-26,2468.76,0,0.0
2024-11-27,2518.51,0,0.0
2024-11-28,2315.27,0,0.0
2024-11-29,2499.92,0,0.0
2024-11-30,2368.67,0,0.0
2024-12-01,2392.86,0,0.0
2024-12-02,2501.03,0,0.0
2024-12-03,2362.92,0,0.0
2024-12-04,2370.73,0,0.0
2024-12-05,2345.8,0,0.0
2024-12-06,2569.06,0,0.0
2024-12-07,2585.88,0,0.0
2024-12-08,2519.98,0,0.0
2024-12-09,2657.93,0,0.0
2024-12-10,2514.1,0,0.0
2024-12-11,2594.1,0,0.0
2024-12-12,2562.45,0,0.0
2024-12-13,2640.59,0,0.0
2024-12-14,2506.52,0,0.0
2024-12-15,2595.02,0,0.0
2024-12-16,2714.2,0,0.0
2024-12-17,2462.16,0,0.0
2024-12-18,2316.35,0,0.0
2024-12-19,2509.38,0,0.0
2024-12-20,2364.24,0,0.0
2024-12-21,2379.38,0,0.0
2024-12-22,2349.43,0,0.0
2024-12-23,2477.59,0,0.0
2024-12-24,2264.23,0,0.0
2024-12-25,2448.56,0,0.0
2024-12-26,2271.16,0,0.0
2024-12-27,2264.39,0,0.0
2024-12-28,2294.63,0,0.0
2024-12-29,2356.03,0,0.0
2024-12-30,2316.95,0,0.0
2024-12-31,2312.15,0,0.0
2025-01-01,2301.2,0,0.0
2025-01-02,2301.38,0,0.0
2025-01-03,2298.97,0,0.0
2025-01-04,2373.93,0,0.0
2025-01-05,2316.39,0,0.0
2025-01-06,2183.55,0,0.0
2025-01-07,2353.42,0,0.0
2025-01-08,2583.63,0,0.0
2025-01-09,2515.86,0,0.0
2025-01-10,2451.1,0,0.0
2025-01-11,2580.55,0,0.0
2025-01-12,2441.99,0,0.0
2025-01-13,2509.4,0,0.0
2025-01-14,2527.94,0,0.0
2025-01-15,2598.59,0,0.0
2025-01-16,2565.08,0,0.0
2025-01-17,2542.11,0,0.0
2025-01-18,2406.19,0,0.0
2025-01-19,2269.52,0,0.0
2025-01-20,2446.58,0,0.0
2025-01-21,2143.75,0,0.0
2025-01-22,2434.88,0,0.0
2025-01-23,2286.49,0,0.0
2025-01-24,2364.99,0,0.0
2025-01-25,2433.53,0,0.0
2025-01-26,2374.95,0,0.0
2025-01-27,2361.8,0,0.0
2025-01-28,2393.02,0,0.0
2025-01-29,2239.63,0,0.0
2025-01-30,2248.49,0,0.0
2025-01-31,2351.7,0,0.0
2025-02-01,2320.34,0,0.0
2025-02-02,2311.98,0,0.0
2025-02-03,2411.92,0,0.0
2025-02-04,2405.41,0,0.0
2025-02-05,2449.85,0,0.0
2025-02-06,2537.59,0,0.0
2025-02-07,2406.3,0,0.0
2025-02-08,2403.87,0,0.0
2025-02-09,2448.23,0,0.0
2025-02-10,2501.97,0,0.0
2025-02-11,2462.11,0,0.0
2025-02-12,2533.04,0,0.0
2025-02-13,2501.88,0,0.0
2025-02-14,2574.45,0,0.0
2025-02-15,2536.66,0,0.0
2025-02-16,2432.86,0,0.0
2025-02-17,2558.07,0,0.0
2025-02-18,2262.67,0,0.0
2025-02-19,2344.62,0,0.0
2025-02-20,2285.05,0,0.0
2025-02-21,2402.3,0,0.0
2025-02-22,2362.95,0,0.0
2025-02-23,2269.59,0,0.0
2025-02-24,2288.71,0,0.0
2025-02-25,2525.5,0,0.0
2025-02-26,2230.23,0,0.0
2025-02-27,2264.6,0,0.0
2025-02-28,2266.98,0,0.0
2025-03-01,2234.47,0,0.0
2025-03-02,2240.51,0,0.0
2025-03-03,2301.16,0,0.0
2025-03-04,2338.42,0,0.0
2025-03-05,2203.11,0,0.0
2025-03-06,2273.3,0,0.0
2025-03-07,2252.86,0,0.0
2025-03-08,2408.27,0,0.0
2025-03-09,2548.31,0,0.0
2025-03-10,2433.1,0,0.0
2025-03-11,2393.03,0,0.0
2025-03-12,2538.53,0,0.0
2025-03-13,2561.9,0,0.0
2025-03-14,2495.27,0,0.0
2025-03-15,2417.92,0,0.0
2025-03-16,2460.29,0,0.0
2025-03-17,2435.03,0,0.0
2025-03-18,2293.66,0,0.0
2025-03-19,2342.68,0,0.0
2025-03-20,2293.78,0,0.0
2025-03-21,2294.47,0,0.0
2025-03-22,2260.63,0,0.0
2025-03-23,2336.49,0,0.0
2025-03-24,2316.5,0,0.0
2025-03-25,2172.38,0,0.0
2025-03-26,2175.36,0,0.0
2025-03-27,2268.91,0,0.0
2025-03-28,2352.86,0,0.0
2025-03-29,2364.91,0,0.0
2025-03-30,2337.99,0,0.0
2025-03-31,2277.92,0,0.0
2025-04-01,2382.26,0,0.0
2025-04-02,2239.41,0,0.0
2025-04-03,2263.54,0,0.0
2025-04-04,2192.68,0,0.0
2025-04-05,2261.93,0,0.0
2025-04-06,2227.71,0,0.0
2025-04-07,2383.03,0,0.0
2025-04-08,2549.59,0,0.0
2025-04-09,2465.9,0,0.0
2025-04-10,2491.5,0,0.0
2025-04-11,2421.24,0,0.0
2025-04-12,2295.0,0,0.0
2025-04-13,2409.69,0,0.0
2025-04-14,2507.25,0,0.0
2025-04-15,2486.5,0,0.0
2025-04-16,2431.92,0,0.0
2025-04-17,2504.86,0,0.0
2025-04-18,2245.59,0,0.0
2025-04-19,2201.39,0,0.0
2025-04-20,2323.07,0,0.0
2025-04-21,2234.64,0,0.0
2025-04-22,2340.55,0,0.0
2025-04-23,2143.39,0,0.0
2025-04-24,2235.64,0,0.0
2025-04-25,2310.91,0,0.0
2025-04-26,2303.63,0,0.0
2025-04-27,2256.59,0,0.0
2025-04-28,2289.08,0,0.0
2025-04-29,2278.96,0,0.0
2025-04-30,2172.51,0,0.0
2025-05-01,2245.12,0,0.0
2025-05-02,2283.0,0,0.0
2025-05-03,2300.58,0,0.0
2025-05-04,2262.92,0,0.0
2025-05-05,2230.75,0,0.0
2025-05-06,2359.36,0,0.0
2025-05-07,2494.52,0,0.0
2025-05-08,2486.86,0,0.0
2025-05-09,2508.74,0,0.0
2025-05-10,2373.97,0,0.0
2025-05-11,2451.5,0,0.0
2025-05-12,2398.08,0,0.0
2025-05-13,2445.61,0,0.0
2025-05-14,2631.04,0,0.0
2025-05-15,2500.37,0,0.0
2025-05-16,2392.04,0,0.0
2025-05-17,2424.27,0,0.0
2025-05-18,2236.69,0,0.0
2025-05-19,2267.82,0,0.0
2025-05-20,2160.26,0,0.0
2025-05-21,2279.91,0,0.0
2025-05-22,2120.78,0,0.0
2025-05-23,2149.26,0,0.0
2025-05-24,2387.66,0,0.0
2025-05-25,2233.67,0,0.0
2025-05-26,2349.41,0,0.0
2025-05-27,2203.62,0,0.0
2025-05-28,2119.27,0,0.0
2025-05-29,2187.17,0,0.0
2025-05-30,2429.78,0,0.0
2025-05-31,2162.97,0,0.0
2025-06-01,2369.74,0,0.0
2025-06-02,2276.32,0,0.0
2025-06-03,2261.29,0,0.0
2025-06-04,2204.46,0,0.0
2025-06-05,2374.17,0,0.0
2025-06-06,2469.05,0,0.0
2025-06-07,2517.77,0,0.0
2025-06-08,2444.42,0,0.0
2025-06-09,2479.38,0,0.0
2025-06-10,2403.3,0,0.0
2025-06-11,2571.87,0,0.0
2025-06-12,2445.8,0,0.0
2025-06-13,2562.11,0,0.0
2025-06-14,2366.89,0,0.0
2025-06-15,2426.39,0,0.0
2025-06-16,2498.64,0,0.0
2025-06-17,2437.92,0,0.0
2025-06-18,2282.04,0,0.0
2025-06-19,2184.53,0,0.0
2025-06-20,2221.43,0,0.0
2025-06-21,2190.61,0,0.0
2025-06-22,2241.66,0,0.0
2025-06-23,2234.7,0,0.0
2025-06-24,2212.28,0,0.0
2025-06-25,2287.5,0,0.0
2025-06-26,2176.9,0,0.0
2025-06-27,2106.19,0,0.0
2025-06-28,2208.48,0,0.0
2025-06-29,2385.29,0,0.0
2025-06-30,2278.29,0,0.0
2025-07-01,2189.91,0,0.0
2025-07-02,2273.61,0,0.0
2025-07-03,2235.74,0,0.0
2025-07-04,2269.44,0,0.0
2025-07-05,2301.28,0,0.0
2025-07-06,2256.4,0,0.0
2025-07-07,2251.45,0,0.0
2025-07-08,2520.04,0,0.0
2025-07-09,2458.31,0,0.0
2025-07-10,2435.71,0,0.0
2025-07-11,2425.61,0,0.0
2025-07-12,2385.91,0,0.0
2025-07-13,2341.56,0,0.0
2025-07-14,2465.93,0,0.0
2025-07-15,2505.17,0,0.0
2025-07-16,2449.85,0,0.0
2025-07-17,2458.68,0,0.0
2025-07-18,2184.09,0,0.0
2025-07-19,2202.86,0,0.0
2025-07-20,2158.17,0,0.0
2025-07-21,2225.14,0,0.0
2025-07-22,2305.15,0,0.0
2025-07-23,2195.79,0,0.0
2025-07-24,2236.16,0,0.0
2025-07-25,2286.57,0,0.0
2025-07-26,2319.34,0,0.0
2025-07-27,2133.67,0,0.0
2025-07-28,2209.65,0,0.0
2025-07-29,2192.57,0,0.0
2025-07-30,2183.49,0,0.0
2025-07-31,2215.52,0,0.0
2025-08-01,2113.76,0,0.0
2025-08-02,2216.39,0,0.0
2025-08-03,2242.51,0,0.0
2025-08-04,2172.38,0,0.0
2025-08-05,2388.83,0,0.0
2025-08-06,2421.38,0,0.0
2025-08-07,2427.86,0,0.0
2025-08-08,2313.81,0,0.0
2025-08-09,2465.54,0,0.0
2025-08-10,2467.09,0,0.0
2025-08-11,2371.75,0,0.0
2025-08-12,2529.07,0,0.0
2025-08-13,2449.63,0,0.0
2025-08-14,2440.24,0,0.0
2025-08-15,2464.42,0,0.0
2025-08-16,2352.9,0,0.0
2025-08-17,2397.09,0,0.0
2025-08-18,2280.24,0,0.0
2025-08-19,2188.27,0,0.0
2025-08-20,2217.26,0,0.0
2025-08-21,2279.28,0,0.0
2025-08-22,2260.41,0,0.0
2025-08-23,2241.69,0,0.0
2025-08-24,2244.46,0,0.0
2025-08-25,2229.09,0,0.0
2025-08-26,2295.96,0,0.0
2025-08-27,2376.47,0,0.0
2025-08-28,2259.72,0,0.0
2025-08-29,2324.12,0,0.0
2025-08-30,2212.5,0,0.0
2025-08-31,2196.68,0,0.0
2025-09-01,2189.86,0,0.0
2025-09-02,2181.51,0,0.0
2025-09-03,2222.24,0,0.0
2025-09-04,2299.05,0,0.0
2025-09-05,2486.77,0,0.0
2025-09-06,2388.59,0,0.0
2025-09-07,2400.8,0,0.0
2025-09-08,2421.87,0,0.0
2025-09-09,2437.37,0,0.0
2025-09-10,2460.44,0,0.0
2025-09-11,2396.52,0,0.0
2025-09-12,2409.61,0,0.0
2025-09-13,2510.87,0,0.0
2025-09-14,2404.88,0,0.0
2025-09-15,2385.82,0,0.0
2025-09-16,2417.8,0,0.0
2025-09-17,2428.64,0,0.0
2025-09-18,2143.6,0,0.0
2025-09-19,2215.13,0,0.0
2025-09-20,2271.47,0,0.0
2025-09-21,2374.69,0,0.0
2025-09-22,2210.24,0,0.0
2025-09-23,2294.56,0,0.0
2025-09-24,2256.72,0,0.0
2025-09-25,2320.72,0,0.0
2025-09-26,2205.33,0,0.0
2025-09-27,2317.52,0,0.0
2025-09-28,2337.2,0,0.0
2025-09-29,2340.22,0,0.0
2025-09-30,2339.37,0,0.0
2025-10-01,2259.27,0,0.0
2025-10-02,2285.16,0,0.0
2025-10-03,2220.14,0,0.0
2025-10-04,2103.21,0,0.0
2025-10-05,2264.63,0,0.0
2025-10-06,2237.83,0,0.0
2025-10-07,2311.19,0,0.0
2025-10-08,2484.93,0,0.0
2025-10-09,2360.18,0,0.0
2025-10-10,2581.58,0,0.0
2025-10-11,2455.09,0,0.0
2025-10-12,2346.72,0,0.0
2025-10-13,2356.15,0,0.0
2025-10-14,2289.31,0,0.0
2025-10-15,2480.84,0,0.0
2025-10-16,2397.31,0,0.0
2025-10-17,2377.29,0,0.0
2025-10-18,2210.41,0,0.0
2025-10-19,2233.1,0,0.0
2025-10-20,2290.43,0,0.0
2025-10-21,2146.49,0,0.0
2025-10-22,2184.23,0,0.0
2025-10-23,2284.38,0,0.0
2025-10-24,2215.93,0,0.0
2025-10-25,2292.79,0,0.0
2025-10-26,2223.0,0,0.0
2025-10-27,2358.11,0,0.0
2025-10-28,2269.72,0,0.0
2025-10-29,2336.28,0,0.0
2025-10-30,2290.65,0,0.0
2025-10-31,2295.01,0,0.0
2025-11-01,2208.95,0,0.0
2025-11-02,2334.17,0,0.0
2025-11-03,2272.76,0,0.0
2025-11-04,2197.18,0,0.0
2025-11-05,2302.48,0,0.0
2025-11-06,2449.18,0,0.0
2025-11-07,2538.56,0,0.0
2025-11-08,2382.05,0,0.0
2025-11-09,2380.33,0,0.0
2025-11-10,2421.41,0,0.0
2025-11-11,2514.02,0,0.0
2025-11-12,2323.54,0,0.0
2025-11-13,2401.16,0,0.0
2025-11-14,2378.54,0,0.0
2025-11-15,2480.95,0,0.0
2025-11-16,2435.65,0,0.0
2025-11-17,2422.91,0,0.0
2025-11-18,2254.24,0,0.0
2025-11-19,2317.48,0,0.0
2025-11-20,2339.9,0,0.0
2025-11-21,2334.12,0,0.0
2025-11-22,2305.46,0,0.0
2025-11-23,2358.55,0,0.0
2025-11-24,2208.58,0,0.0
2025-11-25,2294.88,0,0.0
2025-11-26,2422.89,0,0.0
2025-11-27,2151.41,0,0.0
2025-11-28,2236.63,0,0.0
2025-11-29,2204.59,0,0.0
2025-11-30,2291.26,0,0.0
2025-12-01,2366.53,0,0.0
2025-12-02,2308.59,0,0.0
2025-12-03,2260.11,0,0.0
2025-12-04,2310.29,0,0.0
2025-12-05,2256.58,0,0.0
2025-12-06,2468.64,0,0.0
2025-12-07,2496.82,0,0.0
2025-12-08,2571.15,0,0.0
2025-12-09,2487.05,0,0.0
2025-12-10,2472.6,0,0.0
2025-12-11,2591.37,0,0.0
2025-12-12,2332.55,0,0.0
2025-12-13,2454.34,0,0.0
2025-12-14,2412.77,0,0.0
2025-12-15,2446.09,0,0.0
2025-12-16,2501.49,0,0.0
2025-12-17,2526.62,0,0.0
2025-12-18,2249.7,0,0.0
2025-12-19,2327.68,0,0.0
2025-12-20,2226.49,0,0.0
2025-12-21,2202.27,0,0.0
2025-12-22,2290.77,0,0.0
2025-12-23,2272.63,0,0.0
2025-12-24,2384.4,0,0.0
2025-12-25,2426.54,0,0.0
2025-12-26,2249.32,0,0.0
2025-12-27,2171.81,0,0.0
2025-12-28,2201.39,0,0.0
2025-12-29,2236.63,0,0.0
2025-12-30,2305.12,0,0.0
2025-12-31,2275.37,0,0.0
2026-01-01,2211.26,0,0.0
2026-01-02,2409.87,0,0.0
2026-01-03,2337.57,0,0.0
2026-01-04,2409.54,0,0.0
2026-01-05,2178.86,0,0.0
2026-01-06,2379.38,0,0.0
2026-01-07,2287.7,0,0.0
2026-01-08,2452.65,0,0.0
2026-01-09,2480.44,0,0.0
2026-01-10,2434.13,0,0.0
2026-01-11,2471.05,0,0.0
2026-01-12,2542.61,0,0.0
2026-01-13,2354.25,0,0.0
2026-01-14,2579.92,0,0.0
2026-01-15,2508.86,0,0.0
2026-01-16,2476.96,0,0.0
2026-01-17,2545.7,0,0.0
2026-01-18,2329.31,0,0.0
2026-01-19,2275.24,0,0.0
2026-01-20,2256.98,0,0.0
2026-01-21,2405.46,0,0.0
2026-01-22,2212.64,0,0.0
2026-01-23,2296.77,0,0.0
2026-01-24,2218.68,0,0.0
2026-01-25,2342.86,0,0.0
2026-01-26,2305.64,0,0.0
2026-01-27,2231.53,0,0.0
2026-01-28,2257.07,0,0.0
2026-01-29,2317.25,0,0.0
2026-01-30,2333.7,0,0.0
2026-01-31,2190.07,0,0.0
2026-02-01,2270.95,0,0.0
2026-02-02,2328.06,0,0.0
2026-02-03,2397.09,0,0.0
2026-02-04,2373.83,0,0.0
2026-02-05,2470.54,0,0.0
2026-02-06,2565.88,0,0.0
2026-02-07,2481.3,0,0.0
2026-02-08,2299.66,0,0.0
2026-02-09,2597.12,0,0.0
2026-02-10,2534.05,0,0.0
2026-02-11,2517.38,0,0.0
2026-02-12,2506.54,0,0.0
2026-02-13,2526.54,0,0.0
2026-02-14,2508.19,0,0.0
2026-02-15,2489.79,0,0.0
2026-02-16,2466.99,0,0.0
2026-02-17,2515.31,0,0.0
2026-02-18,2273.89,0,0.0
2026-02-19,2257.79,0,0.0
2026-02-20,2350.46,0,0.0
2026-02-21,2397.5,0,0.0
2026-02-22,2282.92,0,0.0
2026-02-23,2295.11,0,0.0
2026-02-24,2226.21,0,0.0
2026-02-25,2251.78,0,0.0
2026-02-26,2255.13,0,0.0
2026-02-27,2402.44,0,0.0
2026-02-28,2227.14,0,0.0
2026-03-01,2370.75,0,0.0
2026-03-02,2324.56,0,0.0
2026-03-03,2382.05,0,0.0
2026-03-04,2419.41,0,0.0
2026-03-05,2342.57,0,0.0
2026-03-06,2419.12,0,0.0
2026-03-07,2447.08,0,0.0
2026-03-08,2614.76,0,0.0
2026-03-09,2484.47,0,0.0
2026-03-10,2401.07,0,0.0
2026-03-11,2521.89,0,0.0
2026-03-12,2542.52,0,0.0
2026-03-13,2404.88,0,0.0
2026-03-14,2536.75,0,0.0
2026-03-15,2366.48,0,0.0
2026-03-16,2635.11,0,0.0
2026-03-17,2566.6,0,0.0
2026-03-18,2303.34,0,0.0
2026-03-19,2365.68,0,0.0
2026-03-20,2374.64,0,0.0
2026-03-21,2390.71,0,0.0
2026-03-22,2364.77,0,0.0
2026-03-23,2422.63,0,0.0
2026-03-24,2279.74,0,0.0
2026-03-25,2354.7,0,0.0
2026-03-26,2480.18,0,0.0
2026-03-27,2342.14,0,0.0
2026-03-28,2381.64,0,0.0
2026-03-29,2302.22,0,0.0
2026-03-30,2508.06,0,0.0
2026-03-31,2387.37,0,0.0
