date,term_days,demand_bln,allotment_bln,cut_rate,weighted_avg_rate,key_rate
2014-01-01,7,831.02,822.02,7.054,6.952,7.0
2014-01-02,7,937.13,892.7,7.071,6.984,7.012
2014-01-03,7,847.26,896.53,7.205,7.222,7.024
2014-01-04,7,1100.0,956.96,7.147,7.12,7.036
2014-01-05,7,1083.57,967.49,7.215,7.209,7.048
2014-01-06,7,1070.73,960.76,7.245,7.198,7.06
2014-01-07,7,1025.84,885.27,7.364,7.3,7.072
2014-01-08,7,983.05,967.75,7.269,7.257,7.084
2014-01-09,7,984.99,960.21,7.197,7.16,7.096
2014-01-10,7,1054.5,888.53,7.312,7.254,7.108
2014-01-11,7,967.53,879.08,7.203,7.083,7.12
2014-01-12,7,865.4,991.9,7.355,7.352,7.132
2014-01-13,7,1035.49,953.15,7.299,7.271,7.143
2014-01-14,7,921.24,918.06,7.337,7.257,7.155
2014-01-15,7,1075.9,959.04,7.175,7.183,7.167
2014-01-16,7,1063.19,982.02,7.149,7.111,7.179
2014-01-17,7,882.53,969.0,7.22,7.183,7.19
2014-01-18,7,1188.0,919.86,7.691,7.686,7.202
2014-01-19,7,1341.0,1042.08,7.471,7.455,7.213
2014-01-20,7,1315.67,1012.77,7.633,7.598,7.225
2014-01-21,7,1272.67,967.05,7.535,7.475,7.236
2014-01-22,7,1346.92,969.23,7.578,7.627,7.247
2014-01-23,7,1293.38,992.53,7.605,7.518,7.259
2014-01-24,7,1196.05,940.41,7.751,7.739,7.27
2014-01-25,7,1349.38,990.86,7.678,7.623,7.281
2014-01-26,7,1351.16,932.21,7.673,7.645,7.292
2014-01-27,7,1309.83,975.15,7.756,7.768,7.303
2014-01-28,7,1203.11,935.18,7.613,7.547,7.314
2014-01-29,7,1219.86,935.04,7.76,7.74,7.324
2014-01-30,7,1328.56,1029.5,7.757,7.72,7.335
2014-01-31,7,1235.06,971.35,7.767,7.685,7.345
2014-02-01,7,1405.09,973.58,7.693,7.706,7.356
2014-02-02,7,1080.17,892.64,7.681,7.667,7.366
2014-02-03,7,1278.68,938.56,7.657,7.585,7.376
2014-02-04,7,1224.29,971.72,7.672,7.677,7.386
2014-02-05,7,892.64,958.22,7.473,7.382,7.396
2014-02-06,7,902.08,871.63,7.586,7.534,7.406
2014-02-07,7,955.59,949.64,7.548,7.476,7.416
2014-02-08,7,1041.82,950.39,7.61,7.598,7.426
2014-02-09,7,1033.48,977.47,7.624,7.55,7.435
2014-02-10,7,875.7,904.43,7.51,7.498,7.445
2014-02-11,7,985.03,843.58,7.517,7.496,7.454
2014-02-12,7,1002.73,881.75,7.595,7.526,7.463
2014-02-13,7,1027.11,872.74,7.56,7.601,7.472
2014-02-14,7,995.59,931.37,7.56,7.473,7.481
2014-02-15,7,842.86,804.91,7.775,7.655,7.489
2014-02-16,7,972.12,878.73,7.525,7.518,7.498
2014-02-17,7,942.34,938.77,7.818,7.661,7.506
2014-02-18,7,1131.39,883.62,7.888,7.912,7.515
2014-02-19,7,1142.06,909.32,7.952,7.907,7.523
2014-02-20,7,939.99,815.18,7.95,7.829,7.531
2014-02-21,7,1038.74,811.39,7.938,7.84,7.538
2014-02-22,7,1126.99,912.75,8.029,7.897,7.546
2014-02-23,7,1076.95,861.15,7.817,7.786,7.553
2014-02-24,7,1112.8,856.59,7.898,7.782,7.561
2014-02-25,7,1110.39,809.44,7.85,7.825,7.568
2014-02-26,7,1019.32,847.95,7.789,7.724,7.575
2014-02-27,7,995.01,800.44,7.879,7.805,7.582
2014-02-28,7,1061.92,878.5,8.088,8.063,7.588
2014-03-01,7,1118.31,929.15,7.931,7.912,7.595
2014-03-02,7,1036.2,847.66,8.11,8.117,7.601
2014-03-03,7,1010.79,805.87,8.124,8.042,7.607
2014-03-04,7,970.73,737.15,8.202,8.151,7.613
2014-03-05,7,991.11,764.96,8.121,8.039,7.619
2014-03-06,7,1039.4,876.8,8.163,8.121,7.624
2014-03-07,7,1078.49,785.19,8.006,7.917,7.63
2014-03-08,7,908.84,807.46,7.803,7.732,7.635
2014-03-09,7,824.36,842.99,7.813,7.742,7.64
2014-03-10,7,1000.91,871.93,7.794,7.759,7.644
2014-03-11,7,875.4,813.45,7.811,7.761,7.649
2014-03-12,7,837.3,807.05,7.864,7.839,7.653
2014-03-13,7,889.76,824.88,7.77,7.715,7.658
2014-03-14,7,840.39,801.95,7.702,7.623,7.662
2014-03-15,7,881.16,805.74,7.845,7.804,7.666
2014-03-16,7,897.26,842.51,7.764,7.668,7.669
2014-03-17,7,856.46,837.2,7.775,7.754,7.673
2014-03-18,7,1006.32,908.28,8.014,7.95,7.676
2014-03-19,7,1118.39,852.32,7.999,7.959,7.679
2014-03-20,7,1092.33,880.84,8.121,8.082,7.682
2014-03-21,7,1075.02,806.93,8.021,8.051,7.684
2014-03-22,7,1134.44,866.96,8.13,8.099,7.687
2014-03-23,7,1028.12,827.67,8.055,8.009,7.689
2014-03-24,7,1178.06,871.45,8.034,7.949,7.691
2014-03-25,7,1140.43,886.54,8.056,8.046,7.693
2014-03-26,7,1115.27,869.21,7.941,7.878,7.694
2014-03-27,7,1204.68,956.89,8.073,7.947,7.696
2014-03-28,7,1303.45,927.93,8.115,8.055,7.697
2014-03-29,7,1121.45,924.57,8.127,8.087,7.698
2014-03-30,7,1139.2,915.62,7.941,7.85,7.699
2014-03-31,7,1119.65,956.14,7.928,7.872,7.699
2014-04-01,7,1128.53,849.71,8.007,7.953,7.7
2014-04-02,7,1166.59,953.54,8.161,8.108,7.7
2014-04-03,7,1080.12,876.44,8.068,8.079,7.7
2014-04-04,7,1101.95,896.88,7.988,7.872,7.7
2014-04-05,7,1200.68,941.7,7.933,7.985,7.699
2014-04-06,7,1135.45,970.52,7.994,7.942,7.699
2014-04-07,7,972.94,892.16,7.988,7.967,7.698
2014-04-08,7,999.27,919.62,7.922,7.878,7.697
2014-04-09,7,833.18,945.81,7.926,7.79,7.695
2014-04-10,7,1051.79,940.5,7.76,7.657,7.694
2014-04-11,7,1152.73,981.31,7.902,7.826,7.692
2014-04-12,7,1115.49,1075.83,7.892,7.892,7.69
2014-04-13,7,1124.1,974.13,7.744,7.625,7.688
2014-04-14,7,982.36,937.31,7.829,7.736,7.686
2014-04-15,7,1084.82,920.95,7.861,7.819,7.683
2014-04-16,7,970.83,957.9,7.844,7.817,7.681
2014-04-17,7,808.3,938.99,7.691,7.663,7.678
2014-04-18,7,1251.65,990.54,8.035,7.936,7.675
2014-04-19,7,1395.25,991.91,8.072,7.942,7.671
2014-04-20,7,1262.14,961.41,8.144,8.121,7.668
2014-04-21,7,1288.07,1048.26,7.961,7.982,7.664
2014-04-22,7,1236.45,953.82,7.967,7.899,7.66
2014-04-23,7,1315.04,975.77,7.989,7.882,7.656
2014-04-24,7,1266.08,1002.32,8.025,7.954,7.652
2014-04-25,7,1496.07,1010.78,8.005,7.975,7.647
2014-04-26,7,1257.48,1023.5,8.041,7.979,7.643
2014-04-27,7,1340.24,992.62,7.898,7.918,7.638
2014-04-28,7,1348.08,1012.87,8.015,8.011,7.633
2014-04-29,7,1154.4,950.9,7.918,7.877,7.628
2014-04-30,7,1241.03,1004.04,7.961,7.813,7.622
2014-05-01,7,1352.73,1000.95,8.103,8.019,7.616
2014-05-02,7,1306.28,1019.27,7.849,7.771,7.611
2014-05-03,7,1173.37,904.65,7.932,7.845,7.605
2014-05-04,7,1056.76,927.7,7.847,7.806,7.599
2014-05-05,7,1301.83,984.38,7.954,7.915,7.592
2014-05-06,7,921.29,858.63,7.82,7.686,7.586
2014-05-07,7,1007.53,964.24,7.743,7.733,7.579
2014-05-08,7,1056.74,979.49,7.713,7.664,7.572
2014-05-09,7,933.22,917.38,7.821,7.789,7.565
2014-05-10,7,919.91,917.48,7.734,7.722,7.558
2014-05-11,7,917.04,889.77,7.766,7.678,7.551
2014-05-12,7,915.42,903.8,7.75,7.763,7.543
2014-05-13,7,1101.25,899.39,7.455,7.398,7.535
2014-05-14,7,996.32,887.23,7.671,7.697,7.528
2014-05-15,7,855.59,879.76,7.583,7.489,7.52
2014-05-16,7,1080.11,890.51,7.595,7.617,7.511
2014-05-17,7,898.11,884.51,7.771,7.676,7.503
2014-05-18,7,1214.41,954.46,7.815,7.892,7.495
2014-05-19,7,1166.78,869.57,7.988,7.89,7.486
2014-05-20,7,990.03,889.99,7.715,7.718,7.477
2014-05-21,7,1066.44,852.45,7.732,7.664,7.469
2014-05-22,7,1036.63,846.83,7.87,7.856,7.459
2014-05-23,7,1032.71,802.79,7.773,7.721,7.45
2014-05-24,7,1043.07,802.61,7.816,7.711,7.441
2014-05-25,7,1024.62,810.73,7.773,7.583,7.432
2014-05-26,7,1077.4,855.01,7.761,7.836,7.422
2014-05-27,7,1195.42,882.09,7.738,7.692,7.412
2014-05-28,7,1006.84,778.02,7.767,7.57,7.403
2014-05-29,7,1041.24,817.74,7.794,7.759,7.393
2014-05-30,7,1007.31,785.84,7.862,7.846,7.383
2014-05-31,7,1163.91,821.47,7.706,7.621,7.373
2014-06-01,7,1111.46,865.75,7.681,7.595,7.362
2014-06-02,7,995.59,810.18,7.66,7.609,7.352
2014-06-03,7,918.69,822.25,7.809,7.819,7.341
2014-06-04,7,1008.92,873.31,7.736,7.691,7.331
2014-06-05,7,847.82,837.24,7.318,7.342,7.32
2014-06-06,7,826.64,793.84,7.304,7.311,7.31
2014-06-07,7,830.19,825.61,7.382,7.321,7.299
2014-06-08,7,852.86,791.08,7.456,7.328,7.288
2014-06-09,7,838.93,835.16,7.424,7.363,7.277
2014-06-10,7,819.82,839.25,7.457,7.433,7.266
2014-06-11,7,851.21,774.53,7.39,7.343,7.254
2014-06-12,7,962.48,830.05,7.505,7.487,7.243
2014-06-13,7,790.01,821.71,7.444,7.437,7.232
2014-06-14,7,906.04,847.16,7.377,7.353,7.22
2014-06-15,7,771.77,859.82,7.451,7.387,7.209
2014-06-16,7,792.59,850.39,7.216,7.192,7.197
2014-06-17,7,828.74,826.35,7.329,7.391,7.186
2014-06-18,7,1188.26,873.21,7.535,7.411,7.174
2014-06-19,7,982.91,813.87,7.561,7.535,7.163
2014-06-20,7,966.61,802.36,7.364,7.405,7.151
2014-06-21,7,943.39,741.14,7.468,7.359,7.139
2014-06-22,7,1088.58,855.15,7.509,7.509,7.127
2014-06-23,7,1006.42,833.69,7.504,7.51,7.115
2014-06-24,7,1259.41,881.38,7.548,7.425,7.103
2014-06-25,7,1003.57,803.65,7.502,7.488,7.092
2014-06-26,7,1094.0,855.3,7.425,7.361,7.08
2014-06-27,7,1113.86,899.83,7.472,7.419,7.068
2014-06-28,7,1113.1,852.82,7.39,7.323,7.056
2014-06-29,7,1243.88,908.74,7.405,7.421,7.044
2014-06-30,7,1235.43,880.5,7.445,7.39,7.032
2014-07-01,7,1093.48,904.43,7.366,7.293,7.02
2014-07-02,7,1265.67,931.96,7.386,7.314,7.008
2014-07-03,7,1248.25,949.98,7.422,7.355,6.995
2014-07-04,7,1247.25,925.29,7.39,7.286,6.983
2014-07-05,7,1134.96,898.87,7.42,7.346,6.971
2014-07-06,7,1150.25,916.51,7.496,7.452,6.959
2014-07-07,7,1290.86,959.85,7.354,7.324,6.947
2014-07-08,7,1021.23,906.65,7.048,7.059,6.935
2014-07-09,7,1105.67,940.79,7.114,7.076,6.923
2014-07-10,7,999.71,937.92,7.099,7.025,6.911
2014-07-11,7,991.41,951.96,7.099,6.998,6.899
2014-07-12,7,788.48,924.13,7.157,7.122,6.888
2014-07-13,7,827.35,898.22,6.891,6.835,6.876
2014-07-14,7,1002.72,984.55,7.135,7.081,6.864
2014-07-15,7,964.83,1003.03,7.15,7.113,6.852
2014-07-16,7,1013.85,909.18,7.036,7.012,6.84
2014-07-17,7,932.99,987.09,7.026,6.99,6.829
2014-07-18,7,1247.11,1014.0,7.148,7.089,6.817
2014-07-19,7,1231.16,998.48,7.156,7.066,6.805
2014-07-20,7,1317.46,964.2,7.2,7.119,6.794
2014-07-21,7,1156.05,946.54,7.183,7.175,6.782
2014-07-22,7,1283.71,982.79,7.179,7.107,6.771
2014-07-23,7,1271.03,988.62,7.16,7.042,6.76
2014-07-24,7,1319.33,982.92,7.17,7.178,6.748
2014-07-25,7,1301.19,972.48,7.15,7.053,6.737
2014-07-26,7,1190.94,939.73,6.994,6.946,6.726
2014-07-27,7,1123.95,990.88,7.132,7.106,6.715
2014-07-28,7,1239.77,990.65,7.203,7.153,6.704
2014-07-29,7,1241.68,978.93,7.041,6.867,6.693
2014-07-30,7,1258.19,973.17,7.152,7.122,6.682
2014-07-31,7,1241.39,1025.1,6.948,6.965,6.672
2014-08-01,7,1281.21,941.19,7.009,6.998,6.661
2014-08-02,7,1276.56,1004.3,6.949,6.793,6.651
2014-08-03,7,1112.47,929.88,7.101,7.157,6.64
2014-08-04,7,1221.3,990.24,7.111,6.995,6.63
2014-08-05,7,1192.47,990.19,6.762,6.658,6.62
2014-08-06,7,1028.29,932.14,6.853,6.843,6.61
2014-08-07,7,1128.99,995.69,6.882,6.855,6.6
2014-08-08,7,917.33,948.96,6.737,6.691,6.59
2014-08-09,7,892.08,896.66,6.741,6.662,6.58
2014-08-10,7,904.85,908.96,6.779,6.796,6.571
2014-08-11,7,1018.2,956.28,6.644,6.592,6.561
2014-08-12,7,977.48,943.44,6.711,6.582,6.552
2014-08-13,7,877.96,868.55,6.864,6.876,6.543
2014-08-14,7,913.81,895.13,6.644,6.605,6.534
2014-08-15,7,889.35,901.54,6.743,6.749,6.525
2014-08-16,7,902.12,871.1,6.708,6.687,6.516
2014-08-17,7,1100.2,965.89,6.644,6.714,6.507
2014-08-18,7,1018.11,886.13,6.867,6.801,6.499
2014-08-19,7,1129.63,870.47,6.981,6.932,6.491
2014-08-20,7,1254.98,909.14,6.877,6.863,6.482
2014-08-21,7,1066.62,849.66,6.881,6.816,6.474
2014-08-22,7,1096.16,892.87,6.945,6.935,6.467
2014-08-23,7,1067.9,794.61,6.786,6.588,6.459
2014-08-24,7,991.96,832.7,6.717,6.664,6.451
2014-08-25,7,1117.45,881.14,6.935,6.88,6.444
2014-08-26,7,1062.8,895.51,6.798,6.741,6.437
2014-08-27,7,907.4,809.89,6.851,6.757,6.43
2014-08-28,7,1009.46,802.53,6.712,6.707,6.423
2014-08-29,7,994.27,850.58,6.797,6.722,6.416
2014-08-30,7,1023.24,806.29,6.672,6.632,6.409
2014-08-31,7,1109.69,816.43,6.758,6.706,6.403
2014-09-01,7,1212.1,854.59,6.695,6.67,6.397
2014-09-02,7,1026.24,803.33,6.671,6.692,6.391
2014-09-03,7,1016.93,752.43,6.711,6.67,6.385
2014-09-04,7,1008.86,774.9,6.546,6.538,6.379
2014-09-05,7,836.27,820.4,6.431,6.388,6.374
2014-09-06,7,676.34,754.83,6.581,6.506,6.369
2014-09-07,7,955.94,810.04,6.541,6.484,6.363
2014-09-08,7,746.28,772.49,6.423,6.358,6.359
2014-09-09,7,1021.09,879.77,6.548,6.526,6.354
2014-09-10,7,983.32,899.7,6.429,6.384,6.349
2014-09-11,7,766.64,788.79,6.553,6.463,6.345
2014-09-12,7,899.83,837.08,6.482,6.42,6.341
2014-09-13,7,972.97,797.1,6.461,6.335,6.337
2014-09-14,7,965.08,822.85,6.476,6.417,6.333
2014-09-15,7,908.17,900.08,6.684,6.634,6.33
2014-09-16,7,818.48,824.21,6.415,6.456,6.326
2014-09-17,7,882.83,834.42,6.491,6.509,6.323
2014-09-18,7,1025.0,815.59,6.733,6.631,6.32
2014-09-19,7,1219.95,893.09,6.59,6.55,6.317
2014-09-20,7,988.09,743.39,6.537,6.498,6.315
2014-09-21,7,960.96,846.94,6.614,6.553,6.312
2014-09-22,7,1131.41,865.86,6.721,6.663,6.31
2014-09-23,7,1066.7,849.5,6.631,6.563,6.308
2014-09-24,7,1156.08,908.17,6.638,6.682,6.307
2014-09-25,7,1193.74,925.44,6.728,6.657,6.305
2014-09-26,7,1146.6,839.44,6.589,6.556,6.304
2014-09-27,7,1304.67,967.69,6.645,6.469,6.303
2014-09-28,7,1028.75,850.19,6.531,6.522,6.302
2014-09-29,7,1202.92,950.68,6.677,6.686,6.301
2014-09-30,7,1130.93,916.38,6.669,6.566,6.3
2014-10-01,7,1020.79,899.0,6.714,6.638,6.3
2014-10-02,7,1144.89,907.72,6.558,6.531,6.3
2014-10-03,7,1312.98,926.19,6.635,6.586,6.3
2014-10-04,7,1064.91,939.83,6.548,6.522,6.301
2014-10-05,7,1148.11,905.35,6.632,6.567,6.301
2014-10-06,7,1182.32,934.21,6.771,6.814,6.302
2014-10-07,7,1189.74,920.05,6.627,6.544,6.303
2014-10-08,7,884.47,908.9,6.345,6.43,6.304
2014-10-09,7,867.81,926.97,6.401,6.414,6.306
2014-10-10,7,864.01,919.2,6.329,6.32,6.307
2014-10-11,7,1097.03,948.34,6.356,6.254,6.309
2014-10-12,7,953.78,981.46,6.516,6.511,6.312
2014-10-13,7,983.8,973.51,6.349,6.329,6.314
2014-10-14,7,1269.05,1041.01,6.492,6.337,6.317
2014-10-15,7,889.76,896.81,6.473,6.353,6.32
2014-10-16,7,1070.43,992.51,6.432,6.4,6.324
2014-10-17,7,1111.34,977.85,6.497,6.44,6.328
2014-10-18,7,1362.96,1007.33,6.608,6.532,6.332
2014-10-19,7,1171.12,1004.64,6.755,6.759,6.337
2014-10-20,7,1184.34,974.18,6.638,6.544,6.342
2014-10-21,7,1279.51,985.99,6.669,6.596,6.348
2014-10-22,7,1362.26,953.52,6.667,6.584,6.354
2014-10-23,7,1214.78,1000.26,6.77,6.746,6.362
2014-10-24,7,1128.1,911.86,6.767,6.631,6.37
2014-10-25,7,1316.0,1003.27,6.524,6.449,6.379
2014-10-26,7,1294.11,973.36,6.766,6.629,6.389
2014-10-27,7,1276.21,954.86,6.618,6.553,6.4
2014-10-28,7,1169.71,961.14,6.745,6.731,6.413
2014-10-29,7,1196.34,960.75,6.78,6.767,6.428
2014-10-30,7,1319.69,1008.45,6.779,6.693,6.444
2014-10-31,7,1498.08,1072.62,6.869,6.845,6.463
2014-11-01,7,1279.35,998.27,6.91,6.851,6.483
2014-11-02,7,1215.49,931.64,6.818,6.836,6.507
2014-11-03,7,1193.07,969.07,6.846,6.789,6.533
2014-11-04,7,1420.05,965.96,6.942,6.744,6.563
2014-11-05,7,1015.93,905.18,6.661,6.656,6.597
2014-11-06,7,1071.89,888.41,6.79,6.717,6.634
2014-11-07,7,1049.5,925.15,6.986,6.922,6.677
2014-11-08,7,1094.92,950.32,6.813,6.779,6.724
2014-11-09,7,894.93,860.22,6.968,6.846,6.776
2014-11-10,7,890.54,885.9,7.016,6.97,6.834
2014-11-11,7,1199.96,925.62,7.3,7.277,6.898
2014-11-12,7,1103.0,901.46,7.181,7.149,6.969
2014-11-13,7,1186.82,943.99,7.278,7.198,7.048
2014-11-14,7,979.33,839.47,7.336,7.336,7.133
2014-11-15,7,1180.7,965.69,7.53,7.43,7.226
2014-11-16,7,1162.72,824.12,7.672,7.59,7.328
2014-11-17,7,1201.45,801.62,7.71,7.653,7.437
2014-11-18,7,1355.49,865.4,8.201,8.165,7.555
2014-11-19,7,1406.04,822.74,8.294,8.228,7.682
2014-11-20,7,1466.32,856.25,8.502,8.513,7.817
2014-11-21,7,1473.22,850.4,8.579,8.544,7.96
2014-11-22,7,1630.93,841.72,8.806,8.759,8.111
2014-11-23,7,1469.45,814.94,8.959,8.922,8.271
2014-11-24,7,1703.64,855.69,9.292,9.279,8.437
2014-11-25,7,1632.44,825.85,9.392,9.354,8.61
2014-11-26,7,1745.64,872.31,9.597,9.457,8.789
2014-11-27,7,1789.18,824.4,9.78,9.784,8.973
2014-11-28,7,1702.23,794.33,10.0,9.956,9.16
2014-11-29,7,1665.52,766.76,10.288,10.273,9.351
2014-11-30,7,1922.7,817.89,10.565,10.494,9.543
2014-12-01,7,1867.84,777.95,10.674,10.533,9.735
2014-12-02,7,1901.84,773.97,10.967,10.803,9.925
2014-12-03,7,1769.38,838.9,11.197,11.099,10.113
2014-12-04,7,1904.4,757.83,11.43,11.406,10.296
2014-12-05,7,2217.34,869.48,11.476,11.491,10.473
2014-12-06,7,1952.18,826.03,11.542,11.507,10.643
2014-12-07,7,2020.24,819.68,11.697,11.595,10.803
2014-12-08,7,1951.91,786.16,11.987,11.898,10.952
2014-12-09,7,2176.18,850.67,12.076,12.094,11.089
2014-12-10,7,2080.76,825.72,12.255,12.14,11.213
2014-12-11,7,2165.88,804.08,12.328,12.383,11.321
2014-12-12,7,2230.9,837.71,12.5,12.544,11.413
2014-12-13,7,2065.19,774.78,12.531,12.588,11.489
2014-12-14,7,2087.35,779.72,12.749,12.718,11.546
2014-12-15,7,2195.24,801.34,12.772,12.705,11.586
2014-12-16,7,2340.17,856.66,12.769,12.737,11.607
2014-12-17,7,2238.12,848.46,12.733,12.728,11.609
2014-12-18,7,2612.82,889.69,12.772,12.689,11.593
2014-12-19,7,2357.4,825.41,12.854,12.749,11.558
2014-12-20,7,2624.83,882.56,12.764,12.7,11.506
2014-12-21,7,2488.17,863.48,12.759,12.67,11.437
2014-12-22,7,2276.51,839.63,12.683,12.695,11.351
2014-12-23,7,2594.46,891.43,12.536,12.455,11.251
2014-12-24,7,2214.83,881.06,12.471,12.425,11.137
2014-12-25,7,2329.11,866.85,12.169,12.168,11.011
2014-12-26,7,2266.98,895.89,11.997,12.011,10.873
2014-12-27,7,2403.26,895.47,11.949,11.91,10.727
2014-12-28,7,2248.67,900.2,11.69,11.659,10.572
2014-12-29,7,2113.22,896.69,11.461,11.36,10.411
2014-12-30,7,2037.86,870.96,11.426,11.427,10.246
2014-12-31,7,2074.87,924.67,11.119,11.132,10.078
2015-01-01,7,1992.76,899.27,10.85,10.706,9.908
2015-01-02,7,1931.39,896.83,10.602,10.641,9.739
2015-01-03,7,1913.7,929.13,10.558,10.473,9.57
2015-01-04,7,2015.67,968.08,10.265,10.245,9.405
2015-01-05,7,1939.3,953.52,10.053,10.006,9.243
2015-01-06,7,1741.09,932.83,9.912,9.859,9.086
2015-01-07,7,1645.71,935.58,9.743,9.683,8.934
2015-01-08,7,1614.18,981.71,9.339,9.239,8.789
2015-01-09,7,1417.2,879.16,9.197,9.173,8.651
2015-01-10,7,1571.34,994.23,9.002,8.938,8.521
2015-01-11,7,1374.86,903.69,8.86,8.745,8.399
2015-01-12,7,1439.89,922.36,8.617,8.515,8.285
2015-01-13,7,1411.11,956.18,8.69,8.575,8.179
2015-01-14,7,1655.86,1052.04,8.326,8.25,8.081
2015-01-15,7,1631.11,1036.33,8.339,8.313,7.992
2015-01-16,7,1158.29,1003.51,8.106,8.021,7.91
2015-01-17,7,1082.08,992.04,8.114,8.113,7.837
2015-01-18,7,1335.68,914.77,8.195,8.139,7.771
2015-01-19,7,1456.15,985.44,8.178,8.113,7.712
2015-01-20,7,1354.23,960.34,8.129,8.08,7.661
2015-01-21,7,1381.2,950.2,7.968,7.988,7.615
2015-01-22,7,1335.72,983.04,7.992,7.874,7.576
2015-01-23,7,1256.9,959.6,8.063,8.096,7.542
2015-01-24,7,1314.62,1004.6,7.809,7.807,7.513
2015-01-25,7,1197.35,904.15,7.815,7.764,7.489
2015-01-26,7,1358.23,971.91,7.926,7.935,7.469
2015-01-27,7,1199.47,935.55,7.841,7.775,7.453
2015-01-28,7,1223.93,948.7,7.83,7.794,7.441
2015-01-29,7,1311.68,970.11,7.886,7.809,7.431
2015-01-30,7,1177.43,916.47,7.73,7.728,7.424
2015-01-31,7,1325.68,957.17,7.744,7.659,7.42
2015-02-01,7,1144.27,939.59,7.729,7.677,7.417
2015-02-02,7,1100.25,919.27,7.75,7.734,7.417
2015-02-03,7,1205.77,921.09,7.884,7.887,7.418
2015-02-04,7,1218.68,927.13,7.642,7.551,7.42
2015-02-05,7,892.16,900.49,7.485,7.472,7.424
2015-02-06,7,1075.06,922.3,7.474,7.375,7.428
2015-02-07,7,1097.91,906.9,7.7,7.542,7.434
2015-02-08,7,894.32,889.74,7.544,7.456,7.439
2015-02-09,7,1127.84,961.22,7.572,7.564,7.446
2015-02-10,7,789.18,914.53,7.476,7.425,7.453
2015-02-11,7,1003.4,881.02,7.591,7.514,7.46
2015-02-12,7,879.33,893.97,7.688,7.641,7.467
2015-02-13,7,957.48,847.43,7.646,7.597,7.475
2015-02-14,7,840.67,862.66,7.625,7.606,7.483
2015-02-15,7,900.75,861.44,7.516,7.385,7.491
2015-02-16,7,812.35,823.82,7.623,7.568,7.498
2015-02-17,7,905.41,876.0,7.668,7.625,7.506
2015-02-18,7,1190.09,839.91,7.785,7.667,7.514
2015-02-19,7,1060.57,840.54,7.925,7.806,7.522
2015-02-20,7,1192.58,828.67,7.951,7.882,7.53
2015-02-21,7,1174.93,948.0,7.845,7.795,7.537
2015-02-22,7,1135.74,817.36,7.953,7.903,7.545
2015-02-23,7,871.66,764.56,7.893,7.815,7.552
2015-02-24,7,969.91,777.68,8.001,7.921,7.559
2015-02-25,7,1052.07,857.29,8.079,8.009,7.566
2015-02-26,7,1218.77,874.87,7.836,7.801,7.573
2015-02-27,7,1030.42,801.96,7.992,8.004,7.58
2015-02-28,7,958.14,868.68,8.041,7.88,7.587
2015-03-01,7,988.49,848.33,7.865,7.847,7.593
2015-03-02,7,968.55,814.58,7.903,7.848,7.599
2015-03-03,7,1091.02,811.32,7.909,7.885,7.606
2015-03-04,7,1102.73,826.38,7.951,7.96,7.611
2015-03-05,7,1060.03,850.76,7.939,7.851,7.617
2015-03-06,7,1023.01,834.34,7.957,7.954,7.623
2015-03-07,7,1058.57,797.53,8.045,7.933,7.628
2015-03-08,7,783.34,816.28,7.632,7.588,7.633
2015-03-09,7,970.63,893.26,7.711,7.648,7.638
2015-03-10,7,901.22,834.62,7.847,7.799,7.643
2015-03-11,7,882.59,858.52,7.842,7.743,7.648
2015-03-12,7,919.13,849.61,7.718,7.69,7.652
2015-03-13,7,892.29,843.24,7.851,7.881,7.657
2015-03-14,7,916.26,840.76,7.917,7.818,7.661
2015-03-15,7,822.49,871.96,7.811,7.77,7.665
2015-03-16,7,955.81,869.58,7.738,7.73,7.668
2015-03-17,7,971.15,857.81,7.892,7.827,7.672
2015-03-18,7,1073.72,828.7,8.163,8.181,7.675
2015-03-19,7,1148.2,871.1,7.957,7.886,7.678
2015-03-20,7,1084.76,860.1,8.034,7.978,7.681
2015-03-21,7,1149.06,856.67,8.121,8.021,7.684
2015-03-22,7,1232.37,966.4,8.045,8.002,7.686
2015-03-23,7,970.9,824.08,7.899,7.849,7.688
2015-03-24,7,1224.65,916.92,8.076,8.058,7.691
2015-03-25,7,978.26,858.67,7.964,7.882,7.692
2015-03-26,7,1162.08,899.01,7.942,7.858,7.694
2015-03-27,7,1226.75,989.9,7.907,7.88,7.696
2015-03-28,7,1076.05,871.9,8.142,8.162,7.697
2015-03-29,7,1137.15,885.8,7.981,7.963,7.698
2015-03-30,7,1111.37,916.02,8.075,8.118,7.699
2015-03-31,7,1169.91,892.4,8.096,8.073,7.699
2015-04-01,7,1221.4,958.3,8.063,8.039,7.7
2015-04-02,7,1115.44,913.83,8.074,8.058,7.7
2015-04-03,7,1322.59,960.45,8.08,8.105,7.7
2015-04-04,7,1152.43,895.87,8.061,8.073,7.7
2015-04-05,7,1167.0,883.78,7.989,7.884,7.699
2015-04-06,7,1305.04,943.41,7.981,7.971,7.699
2015-04-07,7,1244.75,900.67,8.04,8.003,7.698
2015-04-08,7,1110.19,1012.59,7.837,7.777,7.697
2015-04-09,7,932.95,909.5,7.88,7.741,7.696
2015-04-10,7,870.13,930.0,7.932,7.805,7.694
2015-04-11,7,1049.21,983.76,7.87,7.802,7.693
2015-04-12,7,1082.26,951.38,7.776,7.653,7.691
2015-04-13,7,993.19,921.03,7.664,7.597,7.689
2015-04-14,7,811.21,1047.48,7.775,7.761,7.686
2015-04-15,7,1055.3,942.57,7.726,7.647,7.684
2015-04-16,7,1092.94,971.92,7.773,7.727,7.681
2015-04-17,7,997.42,972.24,7.848,7.744,7.679
2015-04-18,7,1355.56,1004.81,8.032,7.997,7.675
2015-04-19,7,1315.13,996.13,8.171,8.146,7.672
2015-04-20,7,1155.16,950.62,8.057,7.936,7.669
2015-04-21,7,1326.96,967.38,8.168,8.08,7.665
2015-04-22,7,1133.17,969.68,8.068,7.955,7.661
2015-04-23,7,1268.33,1002.3,8.094,8.069,7.657
2015-04-24,7,1173.55,933.28,7.974,7.932,7.653
2015-04-25,7,1255.18,1042.54,7.913,7.86,7.649
2015-04-26,7,1220.15,942.71,7.958,7.902,7.644
2015-04-27,7,1328.11,966.02,7.988,7.954,7.639
2015-04-28,7,1263.58,922.44,7.934,7.901,7.634
2015-04-29,7,1213.72,914.02,7.899,7.824,7.629
2015-04-30,7,1049.22,924.97,8.007,7.925,7.623
2015-05-01,7,1067.11,917.45,7.887,7.835,7.618
2015-05-02,7,1196.7,932.52,7.839,7.78,7.612
2015-05-03,7,1150.84,908.13,7.866,7.919,7.606
2015-05-04,7,1183.29,961.9,7.931,7.862,7.6
2015-05-05,7,1287.49,905.13,7.865,7.829,7.594
2015-05-06,7,948.47,896.08,7.719,7.692,7.587
2015-05-07,7,993.13,908.3,7.779,7.799,7.581
2015-05-08,7,1074.14,951.38,7.77,7.679,7.574
2015-05-09,7,968.63,918.65,7.664,7.681,7.567
2015-05-10,7,1134.19,902.09,7.605,7.548,7.56
2015-05-11,7,828.4,849.84,7.656,7.731,7.552
2015-05-12,7,855.72,854.42,7.747,7.716,7.545
2015-05-13,7,822.66,844.12,7.758,7.647,7.537
2015-05-14,7,1091.71,929.11,7.708,7.648,7.53
2015-05-15,7,998.87,896.52,7.768,7.785,7.522
2015-05-16,7,847.93,842.48,7.802,7.756,7.514
2015-05-17,7,831.51,847.71,7.617,7.564,7.505
2015-05-18,7,1150.97,833.56,7.966,7.952,7.497
2015-05-19,7,1073.7,826.6,7.817,7.75,7.488
2015-05-20,7,1201.8,869.09,7.911,7.851,7.48
2015-05-21,7,1060.88,838.51,7.877,7.78,7.471
2015-05-22,7,1202.47,917.27,7.654,7.69,7.462
2015-05-23,7,1144.31,884.31,7.725,7.614,7.453
2015-05-24,7,1077.07,882.79,7.696,7.654,7.443
2015-05-25,7,1078.73,857.17,7.641,7.615,7.434
2015-05-26,7,958.92,815.92,7.845,7.794,7.424
2015-05-27,7,1111.81,849.02,7.93,7.818,7.415
2015-05-28,7,1082.84,813.62,7.734,7.635,7.405
2015-05-29,7,1188.62,880.98,7.814,7.79,7.395
2015-05-30,7,1106.99,836.53,7.854,7.765,7.385
2015-05-31,7,1046.09,830.4,7.742,7.588,7.375
2015-06-01,7,1150.02,824.89,7.713,7.682,7.365
2015-06-02,7,1181.7,880.96,7.685,7.591,7.355
2015-06-03,7,1063.25,769.87,7.737,7.719,7.344
2015-06-04,7,1226.39,884.78,7.754,7.693,7.334
2015-06-05,7,847.25,814.7,7.51,7.447,7.323
2015-06-06,7,835.81,773.16,7.496,7.449,7.312
2015-06-07,7,886.89,797.59,7.447,7.34,7.301
2015-06-08,7,735.84,768.05,7.313,7.222,7.29
2015-06-09,7,816.8,850.97,7.501,7.438,7.279
2015-06-10,7,751.53,794.38,7.316,7.208,7.268
2015-06-11,7,874.3,839.58,7.457,7.442,7.257
2015-06-12,7,897.11,876.66,7.456,7.391,7.246
2015-06-13,7,764.04,817.03,7.293,7.171,7.235
2015-06-14,7,886.77,835.04,7.325,7.247,7.223
2015-06-15,7,836.96,802.96,7.532,7.487,7.212
2015-06-16,7,960.74,839.38,7.344,7.272,7.2
2015-06-17,7,1147.7,947.7,7.241,7.211,7.189
2015-06-18,7,1162.37,889.67,7.591,7.57,7.177
2015-06-19,7,1042.08,858.2,7.454,7.524,7.165
2015-06-20,7,1125.1,851.23,7.35,7.358,7.154
2015-06-21,7,1113.75,876.46,7.534,7.402,7.142
2015-06-22,7,1110.6,887.92,7.407,7.339,7.13
2015-06-23,7,1049.98,874.2,7.494,7.431,7.118
2015-06-24,7,1125.57,912.97,7.391,7.37,7.106
2015-06-25,7,1088.29,866.63,7.501,7.404,7.095
2015-06-26,7,1163.58,872.04,7.447,7.371,7.083
2015-06-27,7,1211.37,924.09,7.213,7.101,7.071
2015-06-28,7,1240.07,875.73,7.439,7.359,7.059
2015-06-29,7,1254.53,947.57,7.373,7.295,7.047
2015-06-30,7,1208.58,926.86,7.498,7.432,7.035
2015-07-01,7,1081.8,868.56,7.404,7.295,7.023
2015-07-02,7,1117.43,941.39,7.421,7.42,7.011
2015-07-03,7,1081.66,883.41,7.292,7.265,6.998
2015-07-04,7,1179.16,971.29,7.273,7.151,6.986
2015-07-05,7,1004.11,942.72,7.322,7.274,6.974
2015-07-06,7,1213.52,1020.36,7.284,7.155,6.962
2015-07-07,7,1393.91,996.95,7.407,7.425,6.95
2015-07-08,7,999.52,925.92,7.076,7.107,6.938
2015-07-09,7,913.4,895.6,6.978,6.926,6.926
2015-07-10,7,1020.05,942.85,6.998,6.906,6.914
2015-07-11,7,830.42,929.16,7.13,7.046,6.902
2015-07-12,7,1113.41,1038.08,7.027,6.955,6.891
2015-07-13,7,1124.23,975.72,7.011,6.956,6.879
2015-07-14,7,1051.02,1010.29,7.102,7.12,6.867
2015-07-15,7,879.91,968.81,6.932,6.93,6.855
2015-07-16,7,989.71,973.27,6.814,6.813,6.843
2015-07-17,7,1127.92,978.81,6.913,6.872,6.832
2015-07-18,7,1314.8,1018.68,7.189,7.082,6.82
2015-07-19,7,1145.51,990.47,7.138,7.05,6.808
2015-07-20,7,1374.44,941.78,7.022,6.975,6.797
2015-07-21,7,1209.95,1034.41,7.217,7.106,6.785
2015-07-22,7,1207.84,965.84,7.137,7.102,6.774
2015-07-23,7,1137.43,958.23,7.144,7.134,6.762
2015-07-24,7,1036.2,872.87,7.135,7.112,6.751
2015-07-25,7,1223.32,991.49,6.986,6.961,6.74
2015-07-26,7,1281.08,969.86,7.103,6.96,6.729
2015-07-27,7,1327.29,966.54,7.14,7.157,6.718
2015-07-28,7,1171.39,945.35,7.148,7.02,6.707
2015-07-29,7,1112.41,935.44,7.104,7.046,6.696
2015-07-30,7,1227.82,938.49,7.076,7.057,6.685
2015-07-31,7,1262.45,963.23,6.885,6.853,6.674
2015-08-01,7,1243.8,964.76,7.013,6.899,6.664
2015-08-02,7,1200.93,929.47,6.927,6.822,6.653
2015-08-03,7,1217.81,965.75,7.095,7.06,6.643
2015-08-04,7,1181.5,924.6,7.073,7.049,6.633
2015-08-05,7,936.48,904.4,6.696,6.591,6.622
2015-08-06,7,1048.83,923.58,6.759,6.728,6.612
2015-08-07,7,1060.68,863.56,6.772,6.646,6.602
2015-08-08,7,972.54,913.73,6.815,6.796,6.592
2015-08-09,7,887.88,846.02,6.599,6.504,6.583
2015-08-10,7,918.94,858.45,6.546,6.5,6.573
2015-08-11,7,816.06,818.21,6.717,6.662,6.564
2015-08-12,7,974.79,877.24,6.502,6.51,6.554
2015-08-13,7,1013.98,934.29,6.708,6.67,6.545
2015-08-14,7,882.75,868.54,6.733,6.653,6.536
2015-08-15,7,998.71,889.99,6.776,6.744,6.527
2015-08-16,7,993.45,944.77,6.618,6.676,6.518
2015-08-17,7,847.68,871.75,6.672,6.659,6.51
2015-08-18,7,1072.51,826.19,6.903,6.85,6.501
2015-08-19,7,1065.47,826.61,6.749,6.657,6.493
2015-08-20,7,1137.33,844.45,6.908,6.827,6.484
2015-08-21,7,1093.81,818.4,6.848,6.832,6.476
2015-08-22,7,1030.99,817.43,6.77,6.676,6.468
2015-08-23,7,1069.78,868.16,6.822,6.772,6.461
2015-08-24,7,1100.75,866.63,6.792,6.814,6.453
2015-08-25,7,1000.87,770.46,6.858,6.816,6.446
2015-08-26,7,1043.28,797.19,6.76,6.656,6.438
2015-08-27,7,1045.22,807.68,6.799,6.858,6.431
2015-08-28,7,1064.92,843.34,6.725,6.763,6.424
2015-08-29,7,1162.43,861.22,6.693,6.668,6.418
2015-08-30,7,1112.7,915.01,6.775,6.789,6.411
2015-08-31,7,1180.19,803.75,6.683,6.62,6.405
2015-09-01,7,1072.15,805.5,6.812,6.799,6.398
2015-09-02,7,992.26,841.04,6.79,6.718,6.392
2015-09-03,7,1024.43,797.34,6.675,6.557,6.386
2015-09-04,7,1088.68,817.44,6.748,6.827,6.381
2015-09-05,7,827.24,809.39,6.464,6.343,6.375
2015-09-06,7,682.97,734.07,6.391,6.356,6.37
2015-09-07,7,804.84,832.41,6.467,6.431,6.365
2015-09-08,7,901.3,824.34,6.506,6.481,6.36
2015-09-09,7,798.81,878.17,6.547,6.492,6.355
2015-09-10,7,781.94,837.15,6.512,6.458,6.35
2015-09-11,7,870.68,796.63,6.569,6.526,6.346
2015-09-12,7,862.29,835.39,6.413,6.387,6.342
2015-09-13,7,771.0,775.39,6.458,6.408,6.338
2015-09-14,7,819.04,810.6,6.616,6.562,6.334
2015-09-15,7,820.31,879.85,6.326,6.21,6.33
2015-09-16,7,929.56,853.79,6.441,6.491,6.327
2015-09-17,7,886.68,899.75,6.388,6.365,6.324
2015-09-18,7,986.37,803.8,6.655,6.616,6.321
2015-09-19,7,1128.34,869.46,6.633,6.552,6.318
2015-09-20,7,1082.95,866.72,6.714,6.613,6.315
2015-09-21,7,1119.35,922.32,6.683,6.676,6.313
2015-09-22,7,1019.72,917.97,6.556,6.498,6.311
2015-09-23,7,1198.66,922.48,6.612,6.593,6.309
2015-09-24,7,1224.67,959.53,6.657,6.539,6.307
2015-09-25,7,1103.6,898.25,6.714,6.742,6.305
2015-09-26,7,1143.52,963.36,6.849,6.844,6.304
2015-09-27,7,1125.49,885.5,6.709,6.655,6.303
2015-09-28,7,1163.9,889.53,6.571,6.544,6.302
2015-09-29,7,1225.28,958.89,6.644,6.631,6.301
2015-09-30,7,1239.77,884.89,6.665,6.548,6.3
2015-10-01,7,1276.56,962.44,6.609,6.642,6.3
2015-10-02,7,1199.06,950.57,6.688,6.662,6.3
2015-10-03,7,1314.36,988.94,6.468,6.383,6.3
2015-10-04,7,1214.65,953.49,6.695,6.59,6.3
2015-10-05,7,1224.47,961.41,6.613,6.612,6.301
2015-10-06,7,1347.42,980.87,6.643,6.603,6.302
2015-10-07,7,1130.02,943.13,6.77,6.744,6.302
2015-10-08,7,993.55,944.56,6.353,6.304,6.303
2015-10-09,7,1132.02,988.51,6.477,6.376,6.305
2015-10-10,7,1045.86,973.15,6.52,6.495,6.306
2015-10-11,7,981.52,961.83,6.472,6.412,6.308
2015-10-12,7,890.42,974.73,6.331,6.28,6.31
2015-10-13,7,898.41,1034.59,6.57,6.639,6.312
2015-10-14,7,1172.38,964.06,6.447,6.441,6.314
2015-10-15,7,1035.38,963.43,6.425,6.421,6.317
2015-10-16,7,923.2,920.19,6.445,6.531,6.32
2015-10-17,7,1054.33,978.08,6.442,6.411,6.323
2015-10-18,7,1196.31,1001.78,6.581,6.537,6.326
2015-10-19,7,1252.07,1006.89,6.692,6.608,6.329
2015-10-20,7,1170.68,979.87,6.635,6.562,6.333
2015-10-21,7,1165.76,1007.63,6.74,6.588,6.336
2015-10-22,7,1098.84,997.5,6.732,6.721,6.34
2015-10-23,7,1151.59,1008.24,6.824,6.711,6.344
2015-10-24,7,1352.75,1000.77,6.682,6.677,6.349
2015-10-25,7,1212.48,1017.99,6.639,6.587,6.353
2015-10-26,7,1251.76,953.51,6.59,6.547,6.358
2015-10-27,7,1224.17,909.13,6.888,6.836,6.363
2015-10-28,7,1239.1,974.65,6.771,6.79,6.368
2015-10-29,7,1214.14,974.34,6.668,6.678,6.373
2015-10-30,7,1277.24,997.34,6.864,6.813,6.379
2015-10-31,7,1214.91,982.4,6.843,6.748,6.384
2015-11-01,7,1367.17,1000.63,6.632,6.628,6.39
2015-11-02,7,1347.78,949.06,6.686,6.587,6.396
2015-11-03,7,1289.05,930.06,6.742,6.614,6.402
2015-11-04,7,953.13,868.16,6.673,6.648,6.409
2015-11-05,7,935.78,921.92,6.557,6.568,6.415
2015-11-06,7,930.85,886.24,6.629,6.559,6.422
2015-11-07,7,986.39,907.4,6.469,6.439,6.429
2015-11-08,7,817.28,896.33,6.609,6.538,6.436
2015-11-09,7,824.37,905.38,6.686,6.673,6.443
2015-11-10,7,1015.95,879.96,6.632,6.637,6.45
2015-11-11,7,915.47,910.67,6.602,6.539,6.458
2015-11-12,7,723.7,777.33,6.562,6.461,6.466
2015-11-13,7,840.64,874.11,6.69,6.567,6.473
2015-11-14,7,978.01,904.53,6.537,6.534,6.481
2015-11-15,7,908.47,923.06,6.659,6.552,6.49
2015-11-16,7,939.51,878.6,6.65,6.619,6.498
2015-11-17,7,881.87,907.55,6.746,6.735,6.506
2015-11-18,7,961.28,850.34,6.818,6.743,6.515
2015-11-19,7,1163.42,840.65,6.834,6.776,6.524
2015-11-20,7,1113.72,855.49,6.783,6.783,6.533
2015-11-21,7,1036.37,833.57,6.927,6.836,6.542
2015-11-22,7,986.73,803.34,6.867,6.771,6.551
2015-11-23,7,1123.71,810.06,6.841,6.779,6.56
2015-11-24,7,1036.6,786.9,6.858,6.872,6.57
2015-11-25,7,1147.15,842.41,6.972,7.003,6.579
2015-11-26,7,1006.5,822.78,6.851,6.796,6.589
2015-11-27,7,1030.21,808.61,6.867,6.782,6.599
2015-11-28,7,1042.53,800.6,7.03,7.033,6.609
2015-11-29,7,1027.05,837.73,6.955,6.822,6.619
2015-11-30,7,1069.68,847.36,7.055,7.018,6.629
2015-12-01,7,955.25,780.87,6.96,6.908,6.639
2015-12-02,7,1010.48,776.15,6.999,7.014,6.649
2015-12-03,7,996.38,855.78,7.022,7.042,6.66
2015-12-04,7,1020.75,775.79,7.131,7.034,6.67
2015-12-05,7,1094.14,844.99,7.136,7.094,6.681
2015-12-06,7,914.53,884.69,6.934,6.856,6.692
2015-12-07,7,963.67,887.39,6.802,6.738,6.703
2015-12-08,7,877.38,859.5,6.785,6.766,6.714
2015-12-09,7,858.66,861.77,6.936,6.869,6.725
2015-12-10,7,1005.32,919.37,6.996,6.956,6.736
2015-12-11,7,836.68,762.72,6.99,6.988,6.747
2015-12-12,7,840.16,832.33,6.909,6.935,6.758
2015-12-13,7,884.93,882.67,6.978,6.942,6.77
2015-12-14,7,875.71,845.8,6.991,6.946,6.781
2015-12-15,7,911.12,905.83,6.954,6.849,6.792
2015-12-16,7,1015.06,866.08,6.969,6.999,6.804
2015-12-17,7,943.32,877.25,6.973,6.948,6.816
2015-12-18,7,1103.8,868.34,7.114,7.071,6.827
2015-12-19,7,1034.1,865.08,7.134,7.088,6.839
2015-12-20,7,1155.96,869.72,7.145,7.113,6.851
2015-12-21,7,1103.74,903.91,7.084,7.073,6.862
2015-12-22,7,1062.99,872.89,7.236,7.23,6.874
2015-12-23,7,1250.49,938.94,7.233,7.263,6.886
2015-12-24,7,1215.12,934.0,7.309,7.271,6.898
2015-12-25,7,1021.71,955.11,7.361,7.399,6.91
2015-12-26,7,1109.68,882.54,7.378,7.381,6.922
2015-12-27,7,1110.92,867.88,7.397,7.344,6.934
2015-12-28,7,1158.81,932.39,7.235,7.102,6.946
2015-12-29,7,1332.88,1039.02,7.193,7.148,6.958
2015-12-30,7,1110.27,986.71,7.394,7.422,6.97
2015-12-31,7,967.99,927.62,7.443,7.354,6.982
2016-01-01,7,1151.77,966.28,7.468,7.423,6.994
2016-01-02,7,1268.07,981.04,7.395,7.353,7.006
2016-01-03,7,922.5,911.56,7.208,7.205,7.018
2016-01-04,7,1215.72,1010.98,7.409,7.34,7.03
2016-01-05,7,1072.05,960.46,7.437,7.343,7.042
2016-01-06,7,1208.21,966.11,7.504,7.483,7.054
2016-01-07,7,1387.74,972.74,7.531,7.443,7.066
2016-01-08,7,1047.32,1014.23,7.301,7.159,7.078
2016-01-09,7,988.97,949.65,7.193,7.235,7.09
2016-01-10,7,1025.4,917.88,7.17,7.166,7.102
2016-01-11,7,1041.28,990.09,7.307,7.351,7.114
2016-01-12,7,937.82,908.03,7.212,7.206,7.126
2016-01-13,7,1089.75,969.41,7.406,7.39,7.138
2016-01-14,7,1111.13,1021.49,7.163,7.131,7.149
2016-01-15,7,1072.91,999.83,7.356,7.297,7.161
2016-01-16,7,1054.76,1015.27,7.348,7.324,7.173
2016-01-17,7,1021.64,999.34,7.318,7.24,7.184
2016-01-18,7,1424.58,1060.45,7.472,7.369,7.196
2016-01-19,7,1185.39,953.59,7.393,7.326,7.208
2016-01-20,7,1349.12,985.84,7.527,7.541,7.219
2016-01-21,7,1131.6,953.95,7.539,7.428,7.23
2016-01-22,7,1384.44,999.81,7.681,7.57,7.242
2016-01-23,7,1256.61,960.89,7.54,7.52,7.253
2016-01-24,7,1215.9,1019.61,7.65,7.58,7.264
2016-01-25,7,1228.14,936.99,7.522,7.496,7.275
2016-01-26,7,1218.79,1000.67,7.675,7.674,7.286
2016-01-27,7,1231.67,967.78,7.468,7.441,7.297
2016-01-28,7,1158.75,941.26,7.826,7.744,7.308
2016-01-29,7,1204.64,956.54,7.658,7.672,7.319
2016-01-30,7,1266.86,941.68,7.456,7.443,7.33
2016-01-31,7,1232.56,939.82,7.633,7.584,7.34
2016-02-01,7,1079.45,914.81,7.631,7.58,7.351
2016-02-02,7,1056.71,892.08,7.659,7.627,7.361
2016-02-03,7,1161.73,899.41,7.692,7.627,7.371
2016-02-04,7,1098.52,846.67,7.678,7.547,7.381
2016-02-05,7,925.79,929.47,7.476,7.464,7.391
2016-02-06,7,1002.11,851.19,7.459,7.443,7.401
2016-02-07,7,982.66,881.25,7.627,7.462,7.411
2016-02-08,7,906.01,906.05,7.667,7.643,7.421
2016-02-09,7,900.27,907.33,7.56,7.598,7.43
2016-02-10,7,836.28,810.53,7.588,7.482,7.44
2016-02-11,7,884.51,864.25,7.509,7.455,7.449
2016-02-12,7,1010.75,878.53,7.614,7.555,7.458
2016-02-13,7,970.09,859.43,7.636,7.669,7.467
2016-02-14,7,947.55,900.02,7.609,7.615,7.476
2016-02-15,7,905.26,819.81,7.667,7.573,7.485
2016-02-16,7,862.22,772.71,7.668,7.635,7.494
2016-02-17,7,916.41,868.91,7.568,7.633,7.502
2016-02-18,7,1065.42,818.16,7.956,7.875,7.51
2016-02-19,7,1017.31,772.13,7.852,7.801,7.519
2016-02-20,7,1080.15,825.17,8.011,7.986,7.527
2016-02-21,7,1052.1,871.17,7.918,7.838,7.534
2016-02-22,7,950.27,781.61,8.05,8.088,7.542
2016-02-23,7,1129.3,905.68,7.994,7.92,7.55
2016-02-24,7,962.34,793.05,7.925,7.806,7.557
2016-02-25,7,949.67,824.26,7.856,7.78,7.564
2016-02-26,7,1029.82,777.77,7.865,7.848,7.571
2016-02-27,7,1066.08,821.51,7.971,7.881,7.578
2016-02-28,7,948.15,815.37,7.946,7.911,7.585
2016-02-29,7,960.94,768.31,7.894,7.872,7.591
2016-03-01,7,1154.99,920.12,8.014,7.904,7.598
2016-03-02,7,1034.12,805.04,7.957,7.879,7.604
2016-03-03,7,954.58,806.61,8.027,7.995,7.61
2016-03-04,7,998.74,859.74,7.888,7.873,7.616
2016-03-05,7,1169.4,891.6,8.051,7.974,7.621
2016-03-06,7,998.3,870.14,8.017,7.975,7.627
2016-03-07,7,816.48,791.64,7.878,7.814,7.632
2016-03-08,7,864.64,844.45,7.865,7.852,7.637
2016-03-09,7,805.79,774.7,7.785,7.761,7.642
2016-03-10,7,937.5,875.99,7.784,7.715,7.647
2016-03-11,7,932.11,791.35,7.944,7.918,7.651
2016-03-12,7,760.56,824.87,7.782,7.712,7.656
2016-03-13,7,960.5,857.49,7.87,7.842,7.66
2016-03-14,7,745.46,878.02,7.783,7.757,7.664
2016-03-15,7,996.95,858.33,7.668,7.737,7.667
2016-03-16,7,820.79,925.81,7.723,7.656,7.671
2016-03-17,7,1124.48,903.26,7.857,7.8,7.674
2016-03-18,7,1122.29,905.93,8.083,8.001,7.677
2016-03-19,7,1161.53,845.84,8.063,7.961,7.68
2016-03-20,7,1294.18,953.9,8.125,8.052,7.683
2016-03-21,7,1076.86,871.89,8.067,8.05,7.686
2016-03-22,7,1199.51,966.39,7.976,7.963,7.688
2016-03-23,7,1181.27,981.91,8.088,8.052,7.69
2016-03-24,7,1245.78,934.58,8.056,7.991,7.692
2016-03-25,7,1184.42,958.17,7.998,7.923,7.694
2016-03-26,7,987.02,819.46,8.083,7.987,7.695
2016-03-27,7,1215.45,925.71,8.053,7.975,7.697
2016-03-28,7,1169.63,976.13,7.999,7.884,7.698
2016-03-29,7,1212.28,974.75,8.034,8.052,7.698
2016-03-30,7,1156.25,904.33,8.162,8.204,7.699
2016-03-31,7,1146.88,941.14,8.16,8.013,7.7
2016-04-01,7,1066.75,866.8,8.065,8.029,7.7
2016-04-02,7,1356.46,973.91,8.055,8.018,7.7
2016-04-03,7,1124.69,897.12,7.935,7.896,7.7
2016-04-04,7,1248.54,1005.89,8.187,8.107,7.7
2016-04-05,7,1269.4,1010.68,8.132,8.133,7.699
2016-04-06,7,1247.96,955.3,8.108,8.079,7.698
2016-04-07,7,1178.29,992.42,7.865,7.867,7.697
2016-04-08,7,1050.01,968.49,7.849,7.762,7.696
2016-04-09,7,1055.58,986.09,7.834,7.715,7.695
2016-04-10,7,851.25,938.63,7.898,7.869,7.693
2016-04-11,7,1195.15,1001.35,7.805,7.707,7.691
2016-04-12,7,1076.44,922.51,7.821,7.823,7.689
2016-04-13,7,903.04,915.9,7.887,7.73,7.687
2016-04-14,7,936.48,975.29,7.773,7.699,7.685
2016-04-15,7,1037.68,971.39,7.786,7.705,7.682
2016-04-16,7,923.91,987.15,7.845,7.778,7.679
2016-04-17,7,1105.07,953.35,7.933,7.896,7.676
2016-04-18,7,1282.04,1040.17,8.088,8.058,7.673
2016-04-19,7,1368.28,977.52,8.106,8.088,7.67
2016-04-20,7,1176.88,977.43,8.021,8.009,7.666
2016-04-21,7,1227.26,973.23,8.132,8.073,7.662
2016-04-22,7,1368.83,998.14,7.869,7.924,7.658
2016-04-23,7,1218.78,979.61,8.166,8.185,7.654
2016-04-24,7,1254.36,971.04,8.172,8.106,7.65
2016-04-25,7,1326.44,977.18,8.032,7.975,7.645
2016-04-26,7,1082.33,883.16,8.057,7.99,7.64
2016-04-27,7,1028.6,879.85,7.982,7.95,7.635
2016-04-28,7,1078.22,934.9,7.963,7.865,7.63
2016-04-29,7,1218.74,925.62,7.926,7.836,7.625
2016-04-30,7,1233.0,947.65,7.965,7.807,7.619
2016-05-01,7,1250.27,922.75,8.008,7.938,7.614
2016-05-02,7,1169.45,937.0,7.991,7.995,7.608
2016-05-03,7,1002.48,867.54,8.111,8.053,7.602
2016-05-04,7,979.23,905.2,7.953,7.899,7.595
2016-05-05,7,1279.11,853.06,7.82,7.784,7.589
2016-05-06,7,991.63,907.96,7.864,7.764,7.582
2016-05-07,7,873.29,823.13,7.628,7.579,7.576
2016-05-08,7,960.3,895.56,7.674,7.668,7.569
2016-05-09,7,773.22,826.53,7.733,7.699,7.562
2016-05-10,7,847.54,859.21,7.738,7.737,7.554
2016-05-11,7,1069.07,898.78,7.581,7.594,7.547
2016-05-12,7,959.76,870.4,7.63,7.613,7.539
2016-05-13,7,791.14,800.01,7.563,7.477,7.532
2016-05-14,7,789.51,829.44,7.723,7.656,7.524
2016-05-15,7,802.99,796.03,7.76,7.807,7.516
2016-05-16,7,804.55,785.11,7.56,7.525,7.507
2016-05-17,7,1025.37,844.67,7.729,7.688,7.499
2016-05-18,7,1074.94,856.57,7.915,7.822,7.49
2016-05-19,7,997.55,849.1,7.779,7.724,7.482
2016-05-20,7,1077.81,851.81,7.664,7.65,7.473
2016-05-21,7,1068.66,827.68,7.728,7.679,7.464
2016-05-22,7,953.03,816.26,7.757,7.681,7.455
2016-05-23,7,1023.97,786.36,7.919,7.855,7.446
2016-05-24,7,1102.9,806.97,7.777,7.786,7.436
2016-05-25,7,992.81,774.97,7.696,7.68,7.427
2016-05-26,7,953.96,790.86,7.779,7.756,7.417
2016-05-27,7,1010.59,823.16,7.654,7.626,7.408
2016-05-28,7,927.95,815.93,7.789,7.68,7.398
2016-05-29,7,1168.25,927.7,7.66,7.623,7.388
2016-05-30,7,1002.37,774.11,7.661,7.664,7.378
2016-05-31,7,980.18,818.0,7.747,7.684,7.367
2016-06-01,7,1103.21,774.08,7.847,7.846,7.357
2016-06-02,7,1083.04,812.25,7.873,7.85,7.347
2016-06-03,7,919.23,815.95,7.603,7.594,7.336
2016-06-04,7,970.59,860.29,7.628,7.58,7.326
2016-06-05,7,794.45,817.94,7.506,7.5,7.315
2016-06-06,7,976.27,830.26,7.548,7.424,7.304
2016-06-07,7,925.6,825.49,7.27,7.222,7.293
2016-06-08,7,938.48,795.39,7.439,7.425,7.282
2016-06-09,7,867.72,825.75,7.382,7.347,7.271
2016-06-10,7,867.52,839.61,7.256,7.261,7.26
2016-06-11,7,817.35,860.19,7.292,7.234,7.249
2016-06-12,7,950.78,882.01,7.342,7.265,7.238
2016-06-13,7,888.73,859.25,7.381,7.249,7.226
2016-06-14,7,890.79,863.81,7.445,7.382,7.215
2016-06-15,7,964.46,817.72,7.382,7.357,7.203
2016-06-16,7,938.25,902.26,7.417,7.406,7.192
2016-06-17,7,999.79,864.51,7.332,7.212,7.18
2016-06-18,7,1052.17,920.57,7.462,7.471,7.168
2016-06-19,7,1404.97,946.08,7.492,7.393,7.157
2016-06-20,7,1114.89,899.0,7.551,7.495,7.145
2016-06-21,7,1161.17,875.32,7.566,7.487,7.133
2016-06-22,7,1226.87,916.05,7.459,7.43,7.121
2016-06-23,7,1149.33,934.26,7.385,7.34,7.109
2016-06-24,7,1223.76,916.32,7.474,7.458,7.098
2016-06-25,7,1222.86,912.8,7.474,7.516,7.086
2016-06-26,7,1161.13,957.28,7.522,7.492,7.074
2016-06-27,7,1165.11,959.81,7.357,7.278,7.062
2016-06-28,7,1190.72,934.9,7.346,7.319,7.05
2016-06-29,7,1126.53,893.53,7.448,7.495,7.038
2016-06-30,7,1342.14,971.55,7.343,7.326,7.026
2016-07-01,7,1236.82,932.6,7.328,7.325,7.014
2016-07-02,7,1227.12,970.54,7.452,7.322,7.002
2016-07-03,7,1281.06,971.61,7.23,7.199,6.989
2016-07-04,7,999.15,903.17,7.492,7.429,6.977
2016-07-05,7,1189.94,974.74,7.266,7.182,6.965
2016-07-06,7,1282.92,992.18,7.373,7.322,6.953
2016-07-07,7,1357.03,998.38,7.283,7.238,6.941
2016-07-08,7,1046.51,981.73,7.101,7.02,6.929
2016-07-09,7,1061.17,909.58,7.046,7.006,6.917
2016-07-10,7,1146.59,1024.26,7.124,7.065,6.905
2016-07-11,7,1005.21,994.34,7.016,7.001,6.894
2016-07-12,7,974.22,937.84,6.986,6.947,6.882
2016-07-13,7,1030.69,951.99,7.165,7.134,6.87
2016-07-14,7,1000.8,986.88,7.01,7.009,6.858
2016-07-15,7,1174.16,1001.42,6.942,6.92,6.846
2016-07-16,7,921.89,959.01,6.865,6.815,6.835
2016-07-17,7,1078.59,1003.07,7.122,6.968,6.823
2016-07-18,7,1208.12,909.16,7.117,7.093,6.811
2016-07-19,7,1161.26,932.8,7.315,7.219,6.8
2016-07-20,7,1096.93,894.07,7.17,7.116,6.788
2016-07-21,7,1177.5,931.63,7.138,7.107,6.777
2016-07-22,7,1351.29,1012.23,7.129,7.146,6.765
2016-07-23,7,1263.96,1027.6,7.281,7.323,6.754
2016-07-24,7,1136.67,959.63,6.917,6.821,6.743
2016-07-25,7,1259.45,924.68,7.099,6.983,6.732
2016-07-26,7,1216.84,934.64,7.049,7.016,6.721
2016-07-27,7,1288.67,954.12,7.042,7.005,6.71
2016-07-28,7,1168.18,877.83,7.061,6.95,6.699
2016-07-29,7,1310.53,907.32,7.016,6.966,6.688
2016-07-30,7,1321.51,972.27,7.042,7.022,6.677
2016-07-31,7,1066.66,880.03,7.015,6.903,6.666
2016-08-01,7,1157.14,884.92,6.901,6.801,6.656
2016-08-02,7,1110.27,906.04,7.026,6.944,6.645
2016-08-03,7,1122.53,909.91,7.042,6.982,6.635
2016-08-04,7,1009.53,872.54,6.932,6.916,6.625
2016-08-05,7,915.73,891.56,6.914,6.848,6.615
2016-08-06,7,989.32,904.64,6.862,6.814,6.605
2016-08-07,7,988.93,946.6,6.812,6.875,6.595
2016-08-08,7,835.27,868.22,6.802,6.704,6.585
2016-08-09,7,803.8,866.02,6.728,6.645,6.576
2016-08-10,7,1116.44,915.9,6.807,6.791,6.566
2016-08-11,7,902.11,838.39,6.832,6.832,6.557
2016-08-12,7,793.78,806.62,6.762,6.733,6.547
2016-08-13,7,931.87,857.34,6.643,6.683,6.538
2016-08-14,7,1080.68,882.09,6.676,6.642,6.529
2016-08-15,7,938.19,853.19,6.716,6.568,6.52
2016-08-16,7,689.39,833.56,6.729,6.684,6.512
2016-08-17,7,988.27,782.98,6.647,6.568,6.503
2016-08-18,7,929.82,828.68,6.799,6.819,6.495
2016-08-19,7,1092.14,871.26,6.963,6.961,6.486
2016-08-20,7,922.98,782.63,6.743,6.613,6.478
2016-08-21,7,987.22,815.35,6.745,6.763,6.47
2016-08-22,7,1045.6,808.81,6.706,6.703,6.463
2016-08-23,7,879.92,796.8,6.73,6.663,6.455
2016-08-24,7,1046.99,829.12,6.897,6.843,6.448
2016-08-25,7,1137.86,835.56,6.893,6.912,6.44
2016-08-26,7,1004.36,835.2,6.777,6.629,6.433
2016-08-27,7,911.09,786.25,6.816,6.788,6.426
2016-08-28,7,961.27,763.61,6.768,6.773,6.419
2016-08-29,7,1033.57,831.56,6.667,6.613,6.413
2016-08-30,7,985.49,806.21,6.934,6.916,6.406
2016-08-31,7,1045.89,890.17,6.86,6.815,6.4
2016-09-01,7,1172.58,894.05,6.772,6.683,6.394
2016-09-02,7,1186.38,900.39,6.669,6.579,6.388
2016-09-03,7,948.71,800.77,6.714,6.7,6.382
2016-09-04,7,1024.68,856.89,6.671,6.589,6.377
2016-09-05,7,924.09,871.03,6.529,6.403,6.371
2016-09-06,7,847.28,870.97,6.541,6.497,6.366
2016-09-07,7,889.93,836.17,6.484,6.408,6.361
2016-09-08,7,1048.07,897.75,6.39,6.28,6.356
2016-09-09,7,896.4,857.62,6.672,6.626,6.351
2016-09-10,7,826.1,866.93,6.516,6.504,6.347
2016-09-11,7,879.84,813.64,6.529,6.48,6.343
2016-09-12,7,927.24,895.21,6.455,6.352,6.339
2016-09-13,7,901.84,868.83,6.36,6.334,6.335
2016-09-14,7,978.83,899.63,6.475,6.476,6.331
2016-09-15,7,991.54,897.1,6.452,6.513,6.328
2016-09-16,7,948.35,900.75,6.531,6.553,6.325
2016-09-17,7,938.96,898.4,6.544,6.444,6.321
2016-09-18,7,1339.09,933.11,6.73,6.723,6.319
2016-09-19,7,1235.14,904.17,6.745,6.708,6.316
2016-09-20,7,1157.17,865.7,6.808,6.7,6.314
2016-09-21,7,1206.18,941.96,6.692,6.657,6.311
2016-09-22,7,1069.45,899.05,6.747,6.793,6.309
2016-09-23,7,1205.39,886.19,6.697,6.707,6.307
2016-09-24,7,1155.67,901.78,6.504,6.403,6.306
2016-09-25,7,1165.46,952.31,6.642,6.593,6.304
2016-09-26,7,1180.07,943.64,6.584,6.558,6.303
2016-09-27,7,1045.74,876.78,6.671,6.534,6.302
2016-09-28,7,1276.22,942.14,6.588,6.453,6.301
2016-09-29,7,1325.14,1000.37,6.699,6.657,6.301
2016-09-30,7,1216.77,947.25,6.729,6.687,6.3
2016-10-01,7,1216.59,960.53,6.746,6.604,6.3
2016-10-02,7,1222.58,1005.79,6.78,6.749,6.3
2016-10-03,7,1099.31,999.75,6.516,6.521,6.3
2016-10-04,7,1168.46,1009.94,6.555,6.494,6.301
2016-10-05,7,1064.16,879.05,6.886,6.839,6.301
2016-10-06,7,1244.46,1038.3,6.733,6.711,6.302
2016-10-07,7,1294.52,1001.06,6.671,6.643,6.303
2016-10-08,7,1188.18,1065.71,6.457,6.324,6.304
2016-10-09,7,990.41,952.57,6.451,6.356,6.306
2016-10-10,7,1067.64,918.23,6.303,6.233,6.308
2016-10-11,7,967.44,979.81,6.398,6.305,6.309
2016-10-12,7,1007.1,969.15,6.453,6.476,6.312
2016-10-13,7,1046.45,1000.5,6.407,6.388,6.314
2016-10-14,7,1152.96,1013.71,6.419,6.314,6.316
2016-10-15,7,1027.9,971.12,6.674,6.613,6.319
2016-10-16,7,1021.95,963.48,6.452,6.458,6.322
2016-10-17,7,906.21,987.58,6.497,6.415,6.325
2016-10-18,7,1146.91,957.35,6.698,6.69,6.328
2016-10-19,7,1291.34,951.14,6.729,6.748,6.332
2016-10-20,7,1099.28,995.75,6.647,6.658,6.335
2016-10-21,7,1376.98,999.66,6.789,6.748,6.339
2016-10-22,7,1296.04,989.36,6.729,6.741,6.343
2016-10-23,7,1138.96,941.13,6.595,6.519,6.348
2016-10-24,7,1043.98,867.5,6.693,6.768,6.352
2016-10-25,7,1325.53,932.37,6.693,6.655,6.357
2016-10-26,7,1252.93,906.01,6.694,6.701,6.362
2016-10-27,7,1163.17,922.82,6.757,6.689,6.367
2016-10-28,7,1150.85,898.56,6.773,6.748,6.372
2016-10-29,7,1115.85,915.91,6.769,6.746,6.377
2016-10-30,7,1120.38,874.76,6.76,6.663,6.383
2016-10-31,7,1046.75,860.76,6.745,6.648,6.389
2016-11-01,7,1191.42,942.79,6.572,6.512,6.395
2016-11-02,7,1217.43,860.48,6.813,6.818,6.401
2016-11-03,7,1122.08,888.88,6.796,6.654,6.407
2016-11-04,7,1087.44,916.78,6.685,6.617,6.413
2016-11-05,7,855.98,909.95,6.593,6.608,6.42
2016-11-06,7,954.64,900.46,6.629,6.517,6.427
2016-11-07,7,868.52,878.06,6.678,6.69,6.434
2016-11-08,7,949.69,887.78,6.632,6.526,6.441
2016-11-09,7,833.61,905.66,6.624,6.528,6.448
2016-11-10,7,959.17,867.85,6.682,6.624,6.456
2016-11-11,7,756.97,784.27,6.589,6.633,6.464
2016-11-12,7,870.28,825.93,6.654,6.572,6.471
2016-11-13,7,884.76,864.92,6.58,6.443,6.479
2016-11-14,7,967.8,815.01,6.726,6.606,6.488
2016-11-15,7,947.11,890.38,6.517,6.514,6.496
2016-11-16,7,998.88,828.51,6.72,6.602,6.504
2016-11-17,7,909.92,831.08,6.664,6.674,6.513
2016-11-18,7,1197.45,865.19,6.949,6.902,6.522
2016-11-19,7,1024.59,817.52,6.818,6.766,6.53
2016-11-20,7,1075.15,828.55,6.897,6.861,6.539
2016-11-21,7,1166.04,852.68,6.903,6.813,6.549
2016-11-22,7,1032.18,768.91,6.942,6.899,6.558
2016-11-23,7,1063.19,810.06,6.833,6.724,6.567
2016-11-24,7,1056.04,849.07,6.978,6.995,6.577
2016-11-25,7,1034.42,822.73,6.789,6.687,6.586
2016-11-26,7,1187.58,872.57,6.893,6.865,6.596
2016-11-27,7,1056.98,767.22,6.831,6.729,6.606
2016-11-28,7,934.98,764.77,7.032,6.956,6.616
2016-11-29,7,1032.27,852.76,7.008,6.939,6.626
2016-11-30,7,1028.08,858.4,7.023,7.122,6.636
2016-12-01,7,1101.11,823.95,7.115,7.064,6.647
2016-12-02,7,1013.53,847.69,6.982,6.891,6.657
2016-12-03,7,1152.51,863.04,7.067,6.994,6.668
2016-12-04,7,1066.77,812.06,7.034,6.908,6.678
2016-12-05,7,1005.26,819.69,7.032,6.974,6.689
2016-12-06,7,1004.97,855.22,6.954,6.997,6.7
2016-12-07,7,825.37,884.62,7.027,6.994,6.711
2016-12-08,7,966.08,816.8,6.837,6.833,6.722
2016-12-09,7,920.11,855.51,6.95,6.854,6.733
2016-12-10,7,759.38,858.91,6.92,6.86,6.744
2016-12-11,7,1044.62,887.27,6.932,6.892,6.755
2016-12-12,7,989.79,877.64,6.936,6.85,6.767
2016-12-13,7,877.87,864.26,6.901,6.871,6.778
2016-12-14,7,907.22,932.57,6.653,6.634,6.79
2016-12-15,7,809.42,875.55,7.074,7.051,6.801
2016-12-16,7,1106.2,889.78,6.907,6.85,6.813
2016-12-17,7,829.59,849.88,6.955,6.96,6.824
2016-12-18,7,1035.84,886.16,7.168,7.105,6.836
2016-12-19,7,1207.1,934.7,7.135,7.068,6.848
2016-12-20,7,1062.97,933.27,7.229,7.251,6.859
2016-12-21,7,1129.93,948.34,7.218,7.112,6.871
2016-12-22,7,1284.58,951.82,7.176,7.041,6.883
2016-12-23,7,1321.03,1010.63,7.257,7.164,6.895
2016-12-24,7,1135.28,916.22,7.254,7.224,6.907
2016-12-25,7,1132.04,890.34,7.343,7.357,6.919
2016-12-26,7,1129.23,914.65,7.174,7.091,6.931
2016-12-27,7,1177.68,930.94,7.228,7.269,6.943
2016-12-28,7,1118.8,925.35,7.363,7.314,6.955
2016-12-29,7,1182.37,966.32,7.266,7.21,6.967
2016-12-30,7,1233.56,1010.17,7.257,7.164,6.979
2016-12-31,7,1240.01,1023.17,7.294,7.341,6.991
2017-01-01,7,1339.37,989.55,7.345,7.287,7.003
2017-01-02,7,1397.02,1049.12,7.357,7.241,7.015
2017-01-03,7,1151.91,963.61,7.36,7.433,7.027
2017-01-04,7,1081.06,920.49,7.307,7.277,7.039
2017-01-05,7,1277.09,1015.65,7.463,7.453,7.051
2017-01-06,7,1320.12,915.21,7.519,7.553,7.063
2017-01-07,7,1132.58,953.53,7.272,7.253,7.075
2017-01-08,7,1035.19,998.16,7.113,7.112,7.087
2017-01-09,7,1031.7,975.98,7.329,7.282,7.099
2017-01-10,7,1012.26,972.1,7.386,7.373,7.111
2017-01-11,7,948.79,936.3,7.102,7.051,7.123
2017-01-12,7,1114.65,975.71,7.35,7.299,7.135
2017-01-13,7,1096.46,1009.3,7.427,7.383,7.146
2017-01-14,7,1087.04,972.6,7.239,7.169,7.158
2017-01-15,7,1031.57,940.22,7.446,7.421,7.17
2017-01-16,7,1034.78,922.66,7.317,7.292,7.182
2017-01-17,7,1099.92,934.71,7.368,7.359,7.193
2017-01-18,7,1339.57,973.18,7.497,7.479,7.205
2017-01-19,7,1408.81,967.6,7.646,7.696,7.216
2017-01-20,7,1262.65,923.41,7.644,7.647,7.228
2017-01-21,7,1057.88,869.65,7.727,7.667,7.239
2017-01-22,7,1280.39,957.09,7.715,7.688,7.25
2017-01-23,7,1202.3,906.14,7.611,7.631,7.261
2017-01-24,7,1361.92,956.66,7.871,7.774,7.273
2017-01-25,7,1074.44,900.9,7.742,7.792,7.284
2017-01-26,7,1166.71,887.47,7.688,7.599,7.295
2017-01-27,7,1120.7,921.99,7.576,7.571,7.305
2017-01-28,7,1302.68,993.65,7.544,7.494,7.316
2017-01-29,7,1167.37,931.8,7.561,7.509,7.327
2017-01-30,7,1183.76,904.77,7.613,7.498,7.338
2017-01-31,7,1049.53,906.98,7.808,7.804,7.348
2017-02-01,7,1103.54,827.58,7.747,7.633,7.358
2017-02-02,7,1085.9,844.09,7.67,7.548,7.369
2017-02-03,7,1013.0,790.07,7.718,7.726,7.379
2017-02-04,7,1330.74,933.18,7.718,7.758,7.389
2017-02-05,7,938.79,920.92,7.613,7.53,7.399
2017-02-06,7,943.99,876.19,7.488,7.489,7.409
2017-02-07,7,912.37,862.34,7.596,7.586,7.418
2017-02-08,7,851.26,798.67,7.602,7.548,7.428
2017-02-09,7,1032.41,840.9,7.52,7.536,7.438
2017-02-10,7,957.15,907.16,7.724,7.666,7.447
2017-02-11,7,849.05,845.15,7.582,7.558,7.456
2017-02-12,7,980.37,817.2,7.536,7.423,7.465
2017-02-13,7,791.75,772.14,7.692,7.582,7.474
2017-02-14,7,810.1,879.03,7.637,7.646,7.483
2017-02-15,7,817.99,825.64,7.674,7.652,7.492
2017-02-16,7,726.33,764.34,7.555,7.498,7.5
2017-02-17,7,717.16,791.57,7.723,7.769,7.508
2017-02-18,7,965.05,777.66,8.04,8.085,7.517
2017-02-19,7,1032.5,816.6,7.774,7.746,7.525
2017-02-20,7,1129.34,827.7,7.911,7.788,7.533
2017-02-21,7,1059.5,802.44,7.827,7.772,7.54
2017-02-22,7,1115.57,847.25,8.113,8.021,7.548
2017-02-23,7,986.64,823.2,8.004,7.959,7.555
2017-02-24,7,1150.93,858.4,7.935,7.838,7.562
2017-02-25,7,1118.68,809.87,7.821,7.712,7.57
2017-02-26,7,1211.11,930.5,7.848,7.684,7.576
2017-02-27,7,1050.95,806.07,7.993,7.951,7.583
2017-02-28,7,930.95,796.48,7.831,7.666,7.59
2017-03-01,7,1076.44,794.8,7.84,7.774,7.596
2017-03-02,7,1167.11,826.29,7.953,7.938,7.602
2017-03-03,7,1006.57,776.78,7.969,7.883,7.608
2017-03-04,7,1040.13,850.86,7.995,7.89,7.614
2017-03-05,7,977.65,777.74,7.935,7.881,7.62
2017-03-06,7,1056.15,854.24,8.049,7.958,7.626
2017-03-07,7,999.99,805.68,7.912,7.871,7.631
2017-03-08,7,930.24,844.26,7.836,7.734,7.636
2017-03-09,7,947.54,883.6,7.808,7.753,7.641
2017-03-10,7,1071.65,948.1,7.844,7.776,7.646
2017-03-11,7,901.43,834.91,7.895,7.844,7.65
2017-03-12,7,856.0,872.69,7.768,7.8,7.655
2017-03-13,7,866.57,858.04,7.756,7.716,7.659
2017-03-14,7,862.69,858.42,7.678,7.653,7.663
2017-03-15,7,899.9,869.4,7.655,7.574,7.666
2017-03-16,7,1108.64,928.84,7.806,7.767,7.67
2017-03-17,7,1071.88,888.5,7.815,7.751,7.673
2017-03-18,7,1323.37,989.86,7.94,7.891,7.677
2017-03-19,7,1191.46,931.19,7.96,7.942,7.68
2017-03-20,7,1029.52,886.7,8.154,8.079,7.682
2017-03-21,7,1177.55,914.53,8.105,8.035,7.685
2017-03-22,7,1091.52,904.47,7.936,7.862,7.687
2017-03-23,7,1352.21,965.56,8.004,7.929,7.69
2017-03-24,7,1010.28,885.04,8.074,8.033,7.692
2017-03-25,7,1170.8,900.09,7.993,7.925,7.693
2017-03-26,7,1116.92,930.72,7.98,8.005,7.695
2017-03-27,7,1243.19,979.48,8.019,8.103,7.696
2017-03-28,7,1326.74,1002.61,8.135,8.056,7.697
2017-03-29,7,1367.11,1011.36,8.143,8.108,7.698
2017-03-30,7,1246.0,984.87,7.99,7.992,7.699
2017-03-31,7,1286.15,966.38,8.086,8.023,7.7
2017-04-01,7,1216.66,999.72,8.049,7.95,7.7
2017-04-02,7,1204.68,934.12,7.969,8.006,7.7
2017-04-03,7,1230.72,911.52,8.026,8.01,7.7
2017-04-04,7,1287.37,992.91,7.948,7.914,7.7
2017-04-05,7,1158.4,943.59,8.142,8.165,7.699
2017-04-06,7,1219.32,977.28,8.173,8.161,7.698
2017-04-07,7,1329.82,984.14,8.015,7.962,7.697
2017-04-08,7,951.71,988.64,7.794,7.696,7.696
2017-04-09,7,986.52,1012.38,7.929,7.855,7.695
2017-04-10,7,1106.81,1007.91,7.941,7.951,7.693
2017-04-11,7,999.09,984.45,7.753,7.737,7.692
2017-04-12,7,896.98,960.61,7.828,7.769,7.69
2017-04-13,7,1132.53,977.95,7.833,7.871,7.688
2017-04-14,7,914.93,951.04,7.774,7.716,7.685
2017-04-15,7,995.17,962.41,7.864,7.863,7.683
2017-04-16,7,1058.42,1057.96,7.774,7.735,7.68
2017-04-17,7,994.8,969.42,7.784,7.83,7.677
2017-04-18,7,1169.5,975.21,8.016,8.003,7.674
2017-04-19,7,1235.41,930.88,7.901,7.854,7.67
2017-04-20,7,1262.4,987.13,7.852,7.793,7.667
2017-04-21,7,1313.13,973.63,8.087,8.036,7.663
2017-04-22,7,1183.71,969.25,7.95,7.864,7.659
2017-04-23,7,1361.52,945.08,8.176,8.058,7.655
2017-04-24,7,1082.69,968.74,8.158,8.124,7.651
2017-04-25,7,1111.03,971.87,7.956,7.879,7.646
2017-04-26,7,1314.29,931.96,8.179,8.102,7.641
2017-04-27,7,1193.64,912.62,8.062,8.007,7.637
2017-04-28,7,1222.64,942.44,7.93,7.882,7.631
2017-04-29,7,1140.05,873.94,7.77,7.72,7.626
2017-04-30,7,1151.07,874.87,8.026,8.063,7.621
2017-05-01,7,1154.95,892.55,7.968,7.951,7.615
2017-05-02,7,987.48,827.92,7.994,8.049,7.609
2017-05-03,7,1218.38,912.33,7.935,7.863,7.603
2017-05-04,7,1116.82,844.25,7.855,7.845,7.597
2017-05-05,7,1185.13,856.14,7.906,7.837,7.591
2017-05-06,7,1024.38,860.0,7.791,7.713,7.584
2017-05-07,7,929.85,863.82,7.699,7.756,7.577
2017-05-08,7,804.82,845.58,7.692,7.603,7.57
2017-05-09,7,1013.77,850.62,7.592,7.43,7.563
2017-05-10,7,819.87,846.49,7.713,7.628,7.556
2017-05-11,7,892.63,828.78,7.61,7.459,7.549
2017-05-12,7,837.45,813.49,7.765,7.667,7.541
2017-05-13,7,888.41,874.81,7.625,7.532,7.533
2017-05-14,7,844.49,760.02,7.652,7.604,7.526
2017-05-15,7,880.8,823.52,7.841,7.688,7.518
2017-05-16,7,885.6,811.68,7.635,7.645,7.509
2017-05-17,7,827.66,840.48,7.616,7.472,7.501
2017-05-18,7,970.96,773.02,7.889,7.833,7.493
2017-05-19,7,972.65,804.88,7.691,7.625,7.484
2017-05-20,7,1025.37,817.63,7.925,7.917,7.475
2017-05-21,7,1081.37,857.89,7.896,7.863,7.466
2017-05-22,7,1178.94,831.68,7.849,7.859,7.457
2017-05-23,7,972.7,778.63,7.528,7.46,7.448
2017-05-24,7,883.68,803.38,7.768,7.695,7.439
2017-05-25,7,1177.44,852.23,7.677,7.648,7.429
2017-05-26,7,1019.09,780.35,7.86,7.861,7.42
2017-05-27,7,1034.27,821.16,7.844,7.835,7.41
2017-05-28,7,1019.52,825.51,7.781,7.747,7.4
2017-05-29,7,972.83,814.59,7.644,7.606,7.39
2017-05-30,7,1318.26,925.07,7.85,7.798,7.38
2017-05-31,7,1043.82,819.23,7.699,7.67,7.37
2017-06-01,7,964.39,852.7,7.854,7.906,7.36
2017-06-02,7,1054.77,813.73,7.721,7.658,7.349
2017-06-03,7,1179.15,862.9,7.729,7.661,7.339
2017-06-04,7,1127.4,879.05,7.641,7.569,7.328
2017-06-05,7,813.98,832.4,7.58,7.55,7.318
2017-06-06,7,830.63,855.69,7.505,7.349,7.307
2017-06-07,7,811.67,831.11,7.561,7.505,7.296
2017-06-08,7,969.5,827.41,7.449,7.443,7.285
2017-06-09,7,949.16,908.93,7.42,7.344,7.274
2017-06-10,7,786.18,858.56,7.46,7.42,7.263
2017-06-11,7,863.39,798.89,7.517,7.573,7.252
2017-06-12,7,1008.91,950.65,7.472,7.438,7.24
2017-06-13,7,878.55,866.35,7.39,7.228,7.229
2017-06-14,7,863.18,891.38,7.219,7.099,7.218
2017-06-15,7,929.2,963.01,7.421,7.358,7.206
2017-06-16,7,1030.26,906.17,7.229,7.139,7.195
2017-06-17,7,974.5,910.92,7.336,7.291,7.183
2017-06-18,7,1150.07,879.06,7.512,7.447,7.171
2017-06-19,7,1122.12,870.14,7.396,7.405,7.16
2017-06-20,7,1201.22,926.72,7.528,7.423,7.148
2017-06-21,7,1171.22,950.26,7.658,7.598,7.136
2017-06-22,7,1194.73,953.09,7.449,7.41,7.124
2017-06-23,7,1268.01,930.18,7.524,7.491,7.112
2017-06-24,7,1316.96,952.13,7.639,7.596,7.101
2017-06-25,7,1044.78,891.27,7.508,7.337,7.089
2017-06-26,7,1222.7,975.56,7.375,7.329,7.077
2017-06-27,7,1295.28,968.69,7.434,7.376,7.065
2017-06-28,7,1470.86,1035.4,7.441,7.434,7.053
2017-06-29,7,1369.54,969.54,7.505,7.491,7.041
2017-06-30,7,1132.64,938.91,7.476,7.438,7.029
2017-07-01,7,1334.14,972.4,7.145,7.111,7.017
2017-07-02,7,1229.58,964.61,7.286,7.304,7.005
2017-07-03,7,1343.86,992.84,7.337,7.344,6.992
2017-07-04,7,1306.04,979.73,7.249,7.213,6.98
2017-07-05,7,1093.45,935.46,7.022,7.08,6.968
2017-07-06,7,1212.43,922.7,7.248,7.167,6.956
2017-07-07,7,1335.81,989.15,7.294,7.185,6.944
2017-07-08,7,1077.71,1027.97,7.04,6.99,6.932
2017-07-09,7,1011.3,981.56,6.991,6.922,6.92
2017-07-10,7,929.89,1006.09,7.062,6.888,6.908
2017-07-11,7,1117.43,1011.53,7.074,6.991,6.897
2017-07-12,7,1049.11,983.51,6.997,6.964,6.885
2017-07-13,7,920.97,943.4,7.133,7.08,6.873
2017-07-14,7,999.48,976.12,7.016,6.927,6.861
2017-07-15,7,1071.47,1008.57,6.929,6.882,6.849
2017-07-16,7,986.8,981.59,6.897,6.854,6.837
2017-07-17,7,1035.13,985.64,6.959,6.944,6.826
2017-07-18,7,1061.51,939.38,7.253,7.171,6.814
2017-07-19,7,1301.26,944.34,7.087,7.08,6.803
2017-07-20,7,1198.64,942.87,7.189,7.084,6.791
2017-07-21,7,1111.83,940.6,7.137,7.062,6.78
2017-07-22,7,1050.08,978.44,7.278,7.313,6.768
2017-07-23,7,1150.01,850.39,7.138,7.037,6.757
2017-07-24,7,1220.56,928.43,7.04,6.957,6.746
2017-07-25,7,1182.97,919.27,7.143,7.031,6.734
2017-07-26,7,1163.18,868.63,7.135,7.044,6.723
2017-07-27,7,1251.37,934.65,7.031,6.987,6.712
2017-07-28,7,1131.58,880.22,6.958,6.944,6.701
2017-07-29,7,1109.08,887.5,7.083,7.032,6.69
2017-07-30,7,1186.08,959.13,7.035,6.969,6.68
2017-07-31,7,1204.88,924.22,6.898,6.786,6.669
2017-08-01,7,1248.39,903.47,7.029,6.943,6.659
2017-08-02,7,1124.58,891.28,6.947,6.82,6.648
2017-08-03,7,1203.32,866.87,6.866,6.853,6.638
2017-08-04,7,1218.53,937.44,6.949,6.94,6.627
2017-08-05,7,962.17,890.52,6.87,6.818,6.617
2017-08-06,7,1032.9,831.37,6.854,6.826,6.607
2017-08-07,7,950.47,803.97,6.823,6.817,6.597
2017-08-08,7,1028.46,868.42,6.759,6.714,6.588
2017-08-09,7,830.84,842.47,6.776,6.795,6.578
2017-08-10,7,968.7,790.54,6.726,6.625,6.568
2017-08-11,7,888.95,851.96,6.621,6.553,6.559
2017-08-12,7,850.47,824.26,6.627,6.554,6.55
2017-08-13,7,745.05,849.29,6.642,6.624,6.541
2017-08-14,7,907.75,843.56,6.794,6.672,6.531
2017-08-15,7,775.04,804.54,6.759,6.781,6.523
2017-08-16,7,916.0,846.07,6.577,6.556,6.514
2017-08-17,7,770.4,804.95,6.66,6.697,6.505
2017-08-18,7,1139.63,806.06,6.815,6.763,6.497
2017-08-19,7,1053.68,801.81,6.826,6.749,6.489
2017-08-20,7,1248.52,859.63,6.788,6.77,6.48
2017-08-21,7,962.68,810.23,6.935,6.936,6.472
2017-08-22,7,1210.6,868.47,6.813,6.727,6.465
2017-08-23,7,994.78,883.64,6.824,6.674,6.457
2017-08-24,7,1024.84,796.52,6.817,6.676,6.449
2017-08-25,7,880.07,721.68,6.71,6.673,6.442
2017-08-26,7,1064.32,862.38,6.794,6.821,6.435
2017-08-27,7,1002.76,816.13,6.863,6.748,6.428
2017-08-28,7,957.94,800.4,6.889,6.825,6.421
2017-08-29,7,950.66,813.07,6.672,6.605,6.414
2017-08-30,7,1015.39,822.44,6.636,6.682,6.408
2017-08-31,7,1133.38,885.95,6.756,6.819,6.401
2017-09-01,7,1158.66,850.02,6.834,6.805,6.395
2017-09-02,7,1155.86,893.5,6.768,6.763,6.389
2017-09-03,7,1186.47,870.27,6.788,6.781,6.384
2017-09-04,7,975.28,846.78,6.619,6.505,6.378
2017-09-05,7,861.82,848.78,6.477,6.462,6.372
2017-09-06,7,981.93,887.12,6.342,6.241,6.367
2017-09-07,7,971.17,901.35,6.501,6.442,6.362
2017-09-08,7,895.59,912.84,6.334,6.341,6.357
2017-09-09,7,983.25,874.21,6.609,6.563,6.353
2017-09-10,7,901.71,895.0,6.623,6.628,6.348
2017-09-11,7,903.71,914.86,6.505,6.52,6.344
2017-09-12,7,965.43,886.56,6.369,6.231,6.34
2017-09-13,7,909.58,865.86,6.516,6.357,6.336
2017-09-14,7,890.13,882.91,6.631,6.639,6.332
2017-09-15,7,913.15,908.2,6.517,6.527,6.329
2017-09-16,7,911.59,945.23,6.57,6.533,6.325
2017-09-17,7,989.24,971.43,6.433,6.403,6.322
2017-09-18,7,1201.94,885.08,6.6,6.594,6.319
2017-09-19,7,1182.08,916.65,6.661,6.655,6.317
2017-09-20,7,1252.24,929.87,6.51,6.445,6.314
2017-09-21,7,1278.29,974.84,6.843,6.841,6.312
2017-09-22,7,1139.14,932.94,6.671,6.604,6.31
2017-09-23,7,1070.39,940.53,6.727,6.689,6.308
2017-09-24,7,1088.26,910.03,6.619,6.579,6.306
2017-09-25,7,1191.93,979.96,6.531,6.438,6.305
2017-09-26,7,1162.52,960.67,6.767,6.68,6.303
2017-09-27,7,1276.19,946.39,6.562,6.624,6.302
2017-09-28,7,1297.54,962.82,6.679,6.585,6.301
2017-09-29,7,1466.66,1013.62,6.686,6.655,6.301
2017-09-30,7,1137.47,940.91,6.656,6.635,6.3
2017-10-01,7,1325.34,948.17,6.587,6.535,6.3
2017-10-02,7,1428.9,1022.61,6.638,6.622,6.3
2017-10-03,7,1229.16,982.21,6.574,6.541,6.3
2017-10-04,7,1312.32,1003.39,6.715,6.622,6.301
2017-10-05,7,1361.06,994.01,6.697,6.674,6.301
2017-10-06,7,1237.86,978.33,6.65,6.573,6.302
2017-10-07,7,1217.03,966.59,6.607,6.644,6.303
2017-10-08,7,1006.54,1006.73,6.623,6.594,6.304
2017-10-09,7,875.64,1016.77,6.351,6.266,6.306
2017-10-10,7,1068.43,1012.12,6.334,6.301,6.307
2017-10-11,7,924.09,930.41,6.452,6.356,6.309
2017-10-12,7,978.39,1014.95,6.44,6.403,6.311
2017-10-13,7,1033.7,953.8,6.551,6.49,6.313
2017-10-14,7,874.7,936.61,6.517,6.426,6.316
2017-10-15,7,1062.69,953.53,6.471,6.379,6.318
2017-10-16,7,1071.99,984.66,6.511,6.583,6.321
2017-10-17,7,987.79,970.34,6.513,6.467,6.324
2017-10-18,7,1186.62,938.08,6.846,6.774,6.327
2017-10-19,7,1141.55,971.71,6.701,6.621,6.331
2017-10-20,7,1253.49,942.45,6.63,6.604,6.334
2017-10-21,7,1172.53,912.48,6.704,6.622,6.338
2017-10-22,7,1165.18,902.58,6.483,6.378,6.342
2017-10-23,7,1226.84,936.41,6.694,6.642,6.347
2017-10-24,7,1113.5,913.74,6.788,6.736,6.351
2017-10-25,7,991.12,862.99,6.754,6.683,6.356
2017-10-26,7,1259.37,935.23,6.734,6.64,6.36
2017-10-27,7,1170.31,883.19,6.767,6.698,6.365
2017-10-28,7,1165.99,950.14,6.809,6.735,6.37
2017-10-29,7,1093.98,839.76,6.84,6.759,6.376
2017-10-30,7,1202.11,877.04,6.767,6.731,6.381
2017-10-31,7,1161.63,853.45,6.712,6.773,6.387
2017-11-01,7,1027.02,838.5,6.558,6.575,6.393
2017-11-02,7,978.75,850.42,6.827,6.874,6.399
2017-11-03,7,1076.59,924.41,6.797,6.718,6.405
2017-11-04,7,1074.02,862.62,6.774,6.808,6.412
2017-11-05,7,963.07,825.27,6.513,6.475,6.418
2017-11-06,7,778.08,784.57,6.652,6.652,6.425
2017-11-07,7,785.98,784.18,6.562,6.534,6.432
2017-11-08,7,822.3,821.77,6.587,6.519,6.439
2017-11-09,7,820.86,814.78,6.592,6.578,6.447
2017-11-10,7,866.39,825.84,6.64,6.614,6.454
2017-11-11,7,711.83,751.19,6.52,6.381,6.462
2017-11-12,7,937.69,824.89,6.664,6.608,6.469
2017-11-13,7,894.9,861.8,6.57,6.563,6.477
2017-11-14,7,1099.42,880.71,6.581,6.544,6.485
2017-11-15,7,722.89,756.07,6.715,6.688,6.494
2017-11-16,7,933.71,793.17,6.573,6.485,6.502
2017-11-17,7,918.06,790.54,6.731,6.694,6.511
2017-11-18,7,1020.76,825.15,6.877,6.823,6.519
2017-11-19,7,962.67,777.36,6.746,6.686,6.528
2017-11-20,7,1051.92,879.32,6.996,6.912,6.537
2017-11-21,7,984.99,822.74,6.921,6.917,6.546
2017-11-22,7,1038.9,818.07,6.937,6.904,6.555
2017-11-23,7,1118.63,879.66,6.995,6.958,6.565
2017-11-24,7,942.3,825.26,7.044,7.097,6.574
2017-11-25,7,1223.99,842.11,6.95,6.924,6.584
2017-11-26,7,1004.94,804.44,6.993,7.003,6.594
2017-11-27,7,1001.98,785.71,6.983,6.947,6.604
2017-11-28,7,994.95,815.6,6.936,6.868,6.614
2017-11-29,7,1145.12,917.09,6.847,6.744,6.624
2017-11-30,7,1075.75,866.58,7.001,6.963,6.634
2017-12-01,7,1089.69,858.19,7.104,6.921,6.644
2017-12-02,7,1038.93,818.8,7.051,7.015,6.655
2017-12-03,7,1186.94,889.5,6.93,6.895,6.665
2017-12-04,7,1049.77,814.92,7.114,7.053,6.676
2017-12-05,7,1077.8,812.61,7.012,6.957,6.686
2017-12-06,7,895.06,853.08,6.68,6.567,6.697
2017-12-07,7,1011.18,946.36,6.94,6.959,6.708
2017-12-08,7,978.95,949.79,6.794,6.727,6.719
2017-12-09,7,986.79,873.07,7.023,6.924,6.73
2017-12-10,7,936.84,870.82,6.983,6.96,6.741
2017-12-11,7,874.06,842.59,6.884,6.84,6.753
2017-12-12,7,940.07,908.31,6.951,6.883,6.764
2017-12-13,7,954.63,916.8,7.119,7.046,6.775
2017-12-14,7,993.78,944.27,7.017,6.966,6.787
2017-12-15,7,997.32,953.93,6.967,6.985,6.798
2017-12-16,7,925.32,920.45,7.191,7.164,6.81
2017-12-17,7,1057.85,952.0,6.981,6.929,6.821
2017-12-18,7,1220.04,913.04,7.23,7.222,6.833
2017-12-19,7,1357.88,961.19,7.12,7.071,6.845
2017-12-20,7,1135.3,929.27,7.073,7.043,6.857
2017-12-21,7,1280.31,967.5,7.195,7.153,6.868
2017-12-22,7,1082.43,968.82,7.233,7.213,6.88
2017-12-23,7,1285.36,961.86,7.268,7.196,6.892
2017-12-24,7,1142.92,990.85,7.14,7.033,6.904
2017-12-25,7,1085.66,911.36,7.319,7.314,6.916
2017-12-26,7,1208.42,932.01,7.211,7.237,6.928
2017-12-27,7,1174.46,962.45,7.339,7.234,6.94
2017-12-28,7,1117.01,923.66,7.377,7.336,6.952
2017-12-29,7,1184.24,961.84,7.282,7.21,6.964
2017-12-30,7,1281.23,964.51,7.249,7.243,6.976
2017-12-31,7,1224.8,1024.62,7.461,7.424,6.988
2018-01-01,7,1246.11,984.55,7.42,7.536,7.0
2018-01-02,7,1259.52,1015.98,7.374,7.309,7.012
2018-01-03,7,1322.92,990.51,7.492,7.518,7.024
2018-01-04,7,1285.41,960.81,7.393,7.425,7.036
2018-01-05,7,1104.61,983.46,7.348,7.325,7.048
2018-01-06,7,1357.88,1003.15,7.33,7.282,7.06
2018-01-07,7,1242.94,1017.85,7.413,7.368,7.072
2018-01-08,7,1036.35,969.54,7.296,7.246,7.084
2018-01-09,7,891.28,914.24,7.357,7.364,7.096
2018-01-10,7,981.61,909.16,7.26,7.166,7.108
2018-01-11,7,1197.55,954.9,7.367,7.309,7.12
2018-01-12,7,934.24,881.21,7.265,7.2,7.132
2018-01-13,7,1035.79,1022.28,7.231,7.095,7.143
2018-01-14,7,1007.15,976.47,7.201,7.194,7.155
2018-01-15,7,866.43,929.17,7.276,7.28,7.167
2018-01-16,7,1058.87,908.19,7.227,7.145,7.179
2018-01-17,7,1051.79,978.38,7.501,7.503,7.19
2018-01-18,7,1065.8,898.58,7.587,7.458,7.202
2018-01-19,7,1066.14,896.9,7.556,7.507,7.213
2018-01-20,7,1144.8,900.55,7.713,7.656,7.225
2018-01-21,7,1245.12,926.04,7.482,7.436,7.236
2018-01-22,7,1105.31,938.36,7.586,7.541,7.247
2018-01-23,7,1295.03,952.88,7.769,7.715,7.259
2018-01-24,7,1189.63,942.15,7.608,7.539,7.27
2018-01-25,7,1076.05,900.03,7.827,7.771,7.281
2018-01-26,7,1146.47,930.14,7.705,7.723,7.292
2018-01-27,7,1220.09,865.38,7.757,7.678,7.303
2018-01-28,7,949.91,819.64,7.77,7.833,7.314
2018-01-29,7,1035.13,854.46,7.674,7.593,7.324
2018-01-30,7,1136.76,844.42,7.646,7.608,7.335
2018-01-31,7,1088.22,845.34,7.686,7.665,7.345
2018-02-01,7,1000.19,828.86,7.627,7.562,7.356
2018-02-02,7,1133.61,841.47,7.711,7.73,7.366
2018-02-03,7,1181.68,874.68,7.726,7.703,7.376
2018-02-04,7,1178.02,908.61,7.872,7.811,7.386
2018-02-05,7,784.83,784.04,7.594,7.612,7.396
2018-02-06,7,806.09,795.48,7.745,7.645,7.406
2018-02-07,7,868.15,809.26,7.393,7.315,7.416
2018-02-08,7,813.19,860.48,7.478,7.456,7.426
2018-02-09,7,952.2,823.54,7.557,7.547,7.435
2018-02-10,7,952.08,802.75,7.714,7.68,7.445
2018-02-11,7,877.39,850.91,7.595,7.539,7.454
2018-02-12,7,924.68,857.39,7.495,7.433,7.463
2018-02-13,7,940.76,821.72,7.602,7.609,7.472
2018-02-14,7,956.29,792.65,7.535,7.497,7.481
2018-02-15,7,974.76,829.9,7.528,7.434,7.489
2018-02-16,7,739.75,811.88,7.808,7.711,7.498
2018-02-17,7,831.71,811.61,7.628,7.654,7.506
2018-02-18,7,1051.32,802.5,7.878,7.792,7.515
2018-02-19,7,1050.31,853.59,7.865,7.829,7.523
2018-02-20,7,1174.06,831.12,7.86,7.878,7.531
2018-02-21,7,1204.53,860.17,7.821,7.798,7.538
2018-02-22,7,1051.24,872.6,7.871,7.783,7.546
2018-02-23,7,1061.12,844.16,7.93,7.83,7.553
2018-02-24,7,983.75,812.99,8.024,8.068,7.561
2018-02-25,7,1091.43,870.09,7.994,7.892,7.568
2018-02-26,7,1068.25,853.26,7.827,7.75,7.575
2018-02-27,7,1254.34,931.67,8.011,7.979,7.582
2018-02-28,7,1025.42,855.28,7.976,7.915,7.588
2018-03-01,7,925.95,873.0,7.895,7.873,7.595
2018-03-02,7,985.39,863.14,7.965,7.842,7.601
2018-03-03,7,1014.49,854.14,8.003,7.942,7.607
2018-03-04,7,1039.03,853.38,7.967,7.951,7.613
2018-03-05,7,1127.9,877.76,8.007,7.991,7.619
2018-03-06,7,1054.46,890.88,7.905,7.826,7.624
2018-03-07,7,1077.33,918.35,8.139,8.038,7.63
2018-03-08,7,872.4,894.18,7.63,7.591,7.635
2018-03-09,7,838.41,872.67,7.836,7.72,7.64
2018-03-10,7,887.96,882.98,7.824,7.838,7.644
2018-03-11,7,855.59,853.7,7.851,7.808,7.649
2018-03-12,7,1065.03,963.72,7.747,7.662,7.653
2018-03-13,7,866.17,892.19,7.901,7.799,7.658
2018-03-14,7,970.83,950.49,7.803,7.721,7.662
2018-03-15,7,937.69,931.73,7.721,7.593,7.666
2018-03-16,7,1045.59,937.99,7.732,7.706,7.669
2018-03-17,7,963.39,928.43,7.833,7.742,7.673
2018-03-18,7,1232.17,909.98,7.898,7.868,7.676
2018-03-19,7,1070.03,908.49,8.173,8.15,7.679
2018-03-20,7,1275.57,1007.52,8.116,8.114,7.682
2018-03-21,7,1169.36,955.41,8.181,8.143,7.684
2018-03-22,7,1166.01,994.96,8.175,8.181,7.687
2018-03-23,7,1274.62,1007.92,8.011,8.03,7.689
2018-03-24,7,1336.32,948.66,7.971,7.934,7.691
2018-03-25,7,1179.11,981.15,7.829,7.795,7.693
2018-03-26,7,1223.09,970.86,8.012,7.934,7.694
2018-03-27,7,1085.1,931.4,8.187,8.088,7.696
2018-03-28,7,1115.99,967.68,7.981,7.995,7.697
2018-03-29,7,1202.97,996.65,8.031,8.012,7.698
2018-03-30,7,1184.84,960.16,8.004,7.989,7.699
2018-03-31,7,1197.23,967.42,8.079,8.0,7.699
2018-04-01,7,1218.73,973.49,8.153,8.184,7.7
2018-04-02,7,1199.43,1053.85,7.927,7.865,7.7
2018-04-03,7,1117.16,915.76,7.942,7.852,7.7
2018-04-04,7,1306.37,997.12,8.169,8.09,7.7
2018-04-05,7,1126.4,969.92,8.108,8.136,7.699
2018-04-06,7,1185.97,955.2,8.028,7.922,7.699
2018-04-07,7,1249.92,966.36,8.184,8.097,7.698
2018-04-08,7,984.98,997.53,7.737,7.832,7.697
2018-04-09,7,1074.37,997.26,7.92,7.917,7.695
2018-04-10,7,905.84,975.79,7.838,7.752,7.694
2018-04-11,7,1126.2,1004.57,7.891,7.787,7.692
2018-04-12,7,1087.3,1007.45,7.649,7.516,7.69
2018-04-13,7,1041.83,988.02,7.817,7.772,7.688
2018-04-14,7,1067.55,936.46,7.895,7.881,7.686
2018-04-15,7,991.64,968.73,7.828,7.854,7.683
2018-04-16,7,965.05,964.49,7.931,7.786,7.681
2018-04-17,7,1059.88,913.85,7.926,7.809,7.678
2018-04-18,7,1250.91,882.63,7.948,7.892,7.675
2018-04-19,7,1046.61,861.74,8.087,8.177,7.671
2018-04-20,7,1172.39,929.81,7.938,7.933,7.668
2018-04-21,7,1262.21,932.48,8.018,7.987,7.664
2018-04-22,7,1106.12,875.27,8.063,7.951,7.66
2018-04-23,7,1248.72,947.74,7.939,7.783,7.656
2018-04-24,7,1213.72,910.91,8.065,8.017,7.652
2018-04-25,7,1160.37,947.23,7.957,7.902,7.647
2018-04-26,7,1182.82,907.39,7.946,7.883,7.643
2018-04-27,7,1081.04,851.54,8.044,7.975,7.638
2018-04-28,7,1054.69,899.41,7.916,7.828,7.633
2018-04-29,7,1073.42,901.4,7.907,7.808,7.628
2018-04-30,7,1039.36,853.47,8.055,8.075,7.622
2018-05-01,7,1098.26,816.99,7.975,7.881,7.616
2018-05-02,7,1166.36,865.95,7.844,7.781,7.611
2018-05-03,7,1094.02,822.58,8.023,7.971,7.605
2018-05-04,7,1164.52,892.21,7.916,7.901,7.599
2018-05-05,7,1087.15,834.33,7.83,7.737,7.592
2018-05-06,7,970.12,904.79,7.535,7.534,7.586
2018-05-07,7,829.5,766.2,7.801,7.722,7.579
2018-05-08,7,915.77,841.68,7.653,7.595,7.572
2018-05-09,7,828.6,883.71,7.616,7.648,7.565
2018-05-10,7,788.99,799.56,7.759,7.661,7.558
2018-05-11,7,795.95,822.52,7.765,7.751,7.551
2018-05-12,7,924.2,811.72,7.63,7.63,7.543
2018-05-13,7,945.84,799.98,7.758,7.724,7.535
2018-05-14,7,728.3,830.94,7.842,7.786,7.528
2018-05-15,7,911.8,775.88,7.777,7.834,7.52
2018-05-16,7,863.05,816.55,7.757,7.706,7.511
2018-05-17,7,947.92,838.11,7.678,7.638,7.503
2018-05-18,7,1064.82,812.52,7.809,7.742,7.495
2018-05-19,7,1088.0,785.43,7.832,7.789,7.486
2018-05-20,7,1103.12,857.27,7.863,7.861,7.477
2018-05-21,7,984.39,847.94,7.718,7.654,7.469
2018-05-22,7,993.43,787.47,7.748,7.593,7.459
2018-05-23,7,1023.47,780.53,7.686,7.662,7.45
2018-05-24,7,995.64,794.78,7.81,7.706,7.441
2018-05-25,7,1123.96,849.8,7.788,7.775,7.432
2018-05-26,7,1066.59,843.32,7.72,7.67,7.422
2018-05-27,7,1056.87,864.61,7.828,7.825,7.412
2018-05-28,7,980.97,829.13,7.669,7.572,7.403
2018-05-29,7,1005.86,812.06,7.688,7.611,7.393
2018-05-30,7,1132.95,880.74,7.795,7.728,7.383
2018-05-31,7,928.01,833.61,7.797,7.673,7.373
2018-06-01,7,1043.52,864.14,7.649,7.654,7.362
2018-06-02,7,897.31,808.19,7.721,7.589,7.352
2018-06-03,7,1034.51,847.52,7.629,7.634,7.341
2018-06-04,7,1240.09,907.97,7.665,7.636,7.331
2018-06-05,7,814.59,852.88,7.482,7.422,7.32
2018-06-06,7,1008.76,911.87,7.504,7.472,7.31
2018-06-07,7,1031.63,807.28,7.474,7.44,7.299
2018-06-08,7,1020.31,874.84,7.46,7.39,7.288
2018-06-09,7,948.25,894.0,7.34,7.305,7.277
2018-06-10,7,1081.28,966.57,7.447,7.433,7.266
2018-06-11,7,818.37,870.22,7.449,7.351,7.254
2018-06-12,7,868.79,940.12,7.448,7.416,7.243
2018-06-13,7,1009.2,959.04,7.324,7.143,7.232
2018-06-14,7,975.98,902.11,7.444,7.297,7.22
2018-06-15,7,1045.94,919.47,7.254,7.232,7.209
2018-06-16,7,946.76,942.51,7.313,7.242,7.197
2018-06-17,7,948.85,890.54,7.314,7.221,7.186
2018-06-18,7,1194.34,931.09,7.423,7.371,7.174
2018-06-19,7,1254.56,996.09,7.489,7.42,7.163
2018-06-20,7,1231.16,973.87,7.519,7.419,7.151
2018-06-21,7,1146.31,953.97,7.343,7.211,7.139
2018-06-22,7,1249.73,967.0,7.446,7.297,7.127
2018-06-23,7,1268.45,986.65,7.326,7.312,7.115
2018-06-24,7,1230.25,996.32,7.617,7.546,7.103
2018-06-25,7,1260.31,952.43,7.459,7.457,7.092
2018-06-26,7,1389.94,1027.89,7.44,7.368,7.08
2018-06-27,7,1353.53,1022.16,7.436,7.404,7.068
2018-06-28,7,1188.18,1001.33,7.454,7.398,7.056
2018-06-29,7,1213.15,949.28,7.472,7.424,7.044
2018-06-30,7,1129.87,943.85,7.257,7.211,7.032
2018-07-01,7,1237.5,968.52,7.474,7.402,7.02
2018-07-02,7,1175.94,982.08,7.457,7.346,7.008
2018-07-03,7,1259.19,917.66,7.34,7.328,6.995
2018-07-04,7,1327.47,996.1,7.324,7.354,6.983
2018-07-05,7,1393.14,1022.68,7.073,7.106,6.971
2018-07-06,7,1349.07,996.26,7.21,7.132,6.959
2018-07-07,7,1186.57,950.51,7.339,7.252,6.947
2018-07-08,7,959.16,944.1,7.181,7.104,6.935
2018-07-09,7,1165.29,979.78,7.132,7.073,6.923
2018-07-10,7,996.31,960.96,7.055,7.003,6.911
2018-07-11,7,921.43,978.55,7.204,7.104,6.899
2018-07-12,7,1108.56,980.51,7.118,6.994,6.888
2018-07-13,7,1054.91,993.79,6.994,6.947,6.876
2018-07-14,7,1067.24,911.8,7.188,6.962,6.864
2018-07-15,7,1021.08,954.78,6.914,6.859,6.852
2018-07-16,7,974.67,929.67,6.873,6.775,6.84
2018-07-17,7,1094.86,934.11,6.945,6.934,6.829
2018-07-18,7,1104.25,962.79,7.106,7.109,6.817
2018-07-19,7,1175.98,961.42,7.126,7.13,6.805
2018-07-20,7,1164.24,971.0,7.208,7.14,6.794
2018-07-21,7,1019.46,931.53,7.13,7.023,6.782
2018-07-22,7,1215.63,907.28,7.12,7.03,6.771
2018-07-23,7,1098.86,896.73,7.114,7.079,6.76
2018-07-24,7,1126.68,839.28,6.913,6.781,6.748
2018-07-25,7,1224.76,941.31,6.966,6.986,6.737
2018-07-26,7,1157.18,877.6,7.045,6.979,6.726
2018-07-27,7,1111.54,901.07,6.998,6.973,6.715
2018-07-28,7,1090.05,901.71,7.036,6.896,6.704
2018-07-29,7,1058.85,829.05,7.156,7.059,6.693
2018-07-30,7,1122.04,835.14,7.026,6.881,6.682
2018-07-31,7,1160.37,916.59,6.916,6.917,6.672
2018-08-01,7,1053.34,867.77,6.948,6.89,6.661
2018-08-02,7,977.6,832.66,7.137,7.116,6.651
2018-08-03,7,1085.86,844.15,7.113,7.066,6.64
2018-08-04,7,1081.59,882.45,7.028,7.001,6.63
2018-08-05,7,911.9,873.25,6.645,6.578,6.62
2018-08-06,7,809.92,785.65,6.784,6.724,6.61
2018-08-07,7,903.75,890.88,6.781,6.726,6.6
2018-08-08,7,928.08,864.53,6.742,6.712,6.59
2018-08-09,7,900.4,822.76,6.685,6.656,6.58
2018-08-10,7,946.6,784.12,6.692,6.782,6.571
2018-08-11,7,956.04,860.81,6.66,6.694,6.561
2018-08-12,7,987.98,839.05,6.61,6.471,6.552
2018-08-13,7,758.26,770.19,6.802,6.745,6.543
2018-08-14,7,748.89,812.32,6.754,6.684,6.534
2018-08-15,7,974.87,929.46,6.652,6.666,6.525
2018-08-16,7,917.99,820.63,6.694,6.628,6.516
2018-08-17,7,878.76,794.47,6.689,6.662,6.507
2018-08-18,7,1074.28,785.92,7.036,6.87,6.499
2018-08-19,7,943.72,884.4,6.91,6.785,6.491
2018-08-20,7,1169.62,853.59,6.899,6.954,6.482
2018-08-21,7,1134.84,875.09,6.827,6.78,6.474
2018-08-22,7,959.35,836.78,6.782,6.682,6.467
2018-08-23,7,1161.38,874.61,6.919,6.882,6.459
2018-08-24,7,1031.96,803.99,6.853,6.751,6.451
2018-08-25,7,1095.86,842.65,6.727,6.663,6.444
2018-08-26,7,1148.24,850.6,6.823,6.7,6.437
2018-08-27,7,1164.6,892.81,6.847,6.757,6.43
2018-08-28,7,990.57,859.74,6.605,6.534,6.423
2018-08-29,7,1045.97,831.08,6.692,6.698,6.416
2018-08-30,7,980.73,859.85,6.788,6.762,6.409
2018-08-31,7,1062.52,803.77,6.599,6.581,6.403
2018-09-01,7,1086.44,786.23,6.606,6.554,6.397
2018-09-02,7,1055.65,901.74,6.719,6.71,6.391
2018-09-03,7,1051.88,864.83,6.774,6.681,6.385
2018-09-04,7,1048.55,874.22,6.772,6.686,6.379
2018-09-05,7,930.51,917.95,6.65,6.621,6.374
2018-09-06,7,1021.6,943.31,6.525,6.461,6.369
2018-09-07,7,932.08,918.71,6.484,6.433,6.363
2018-09-08,7,1072.51,973.06,6.404,6.346,6.359
2018-09-09,7,1054.32,928.73,6.473,6.486,6.354
2018-09-10,7,1055.3,927.21,6.556,6.571,6.349
2018-09-11,7,893.75,930.46,6.555,6.474,6.345
2018-09-12,7,1024.32,882.37,6.512,6.374,6.341
2018-09-13,7,1127.6,966.0,6.531,6.445,6.337
2018-09-14,7,1000.39,851.97,6.585,6.49,6.333
2018-09-15,7,956.33,921.87,6.486,6.477,6.33
2018-09-16,7,938.21,947.83,6.586,6.582,6.326
2018-09-17,7,897.23,923.78,6.415,6.313,6.323
2018-09-18,7,1110.66,939.76,6.664,6.576,6.32
2018-09-19,7,1301.22,1023.83,6.629,6.505,6.317
2018-09-20,7,1340.08,1001.68,6.728,6.685,6.315
2018-09-21,7,1295.24,942.32,6.581,6.529,6.312
2018-09-22,7,1173.1,952.85,6.634,6.624,6.31
2018-09-23,7,1174.68,927.21,6.509,6.484,6.308
2018-09-24,7,1260.21,998.85,6.704,6.685,6.307
2018-09-25,7,1179.36,967.34,6.755,6.628,6.305
2018-09-26,7,1207.66,908.8,6.727,6.645,6.304
2018-09-27,7,1276.05,982.31,6.718,6.715,6.303
2018-09-28,7,1274.84,994.93,6.719,6.642,6.302
2018-09-29,7,1316.41,1013.66,6.707,6.575,6.301
2018-09-30,7,1289.4,977.38,6.7,6.69,6.3
2018-10-01,7,1274.29,966.52,6.704,6.626,6.3
2018-10-02,7,1261.03,1048.3,6.598,6.601,6.3
2018-10-03,7,1311.99,977.85,6.634,6.583,6.3
2018-10-04,7,1292.07,1001.27,6.656,6.592,6.3
2018-10-05,7,1180.0,955.29,6.624,6.642,6.301
2018-10-06,7,1283.65,996.05,6.526,6.411,6.302
2018-10-07,7,1191.59,918.34,6.554,6.576,6.303
2018-10-08,7,1079.89,950.15,6.472,6.39,6.304
2018-10-09,7,889.73,920.75,6.528,6.486,6.305
2018-10-10,7,1084.65,938.28,6.457,6.416,6.307
2018-10-11,7,1051.16,999.34,6.68,6.608,6.308
2018-10-12,7,938.83,929.99,6.387,6.299,6.31
2018-10-13,7,979.02,972.16,6.498,6.43,6.313
2018-10-14,7,965.52,995.5,6.568,6.468,6.315
2018-10-15,7,852.98,936.59,6.553,6.601,6.318
2018-10-16,7,1068.11,967.32,6.523,6.449,6.32
2018-10-17,7,1143.15,945.95,6.559,6.567,6.323
2018-10-18,7,1056.33,926.13,6.681,6.682,6.327
2018-10-19,7,1125.78,942.89,6.813,6.781,6.33
2018-10-20,7,1297.58,975.53,6.786,6.729,6.334
2018-10-21,7,1118.54,883.28,6.619,6.579,6.337
2018-10-22,7,1158.2,866.43,6.717,6.696,6.341
2018-10-23,7,1083.68,858.79,6.572,6.527,6.345
2018-10-24,7,1130.16,923.67,6.822,6.693,6.35
2018-10-25,7,1155.4,922.89,6.722,6.581,6.354
2018-10-26,7,927.4,859.15,6.817,6.842,6.359
2018-10-27,7,940.32,797.88,6.705,6.524,6.364
2018-10-28,7,1135.7,843.84,6.571,6.53,6.369
2018-10-29,7,1203.72,881.62,6.935,6.874,6.374
2018-10-30,7,1182.41,855.27,6.74,6.699,6.38
2018-10-31,7,1121.6,859.29,6.656,6.549,6.386
2018-11-01,7,904.58,830.26,6.833,6.801,6.392
2018-11-02,7,1072.8,879.92,6.91,6.871,6.398
2018-11-03,7,1173.1,852.56,6.738,6.826,6.404
2018-11-04,7,1200.35,857.49,6.752,6.709,6.41
2018-11-05,7,972.69,839.24,6.586,6.603,6.417
2018-11-06,7,875.48,849.07,6.485,6.36,6.424
2018-11-07,7,798.12,844.15,6.525,6.526,6.43
2018-11-08,7,830.43,793.34,6.73,6.691,6.438
2018-11-09,7,879.81,836.97,6.584,6.548,6.445
2018-11-10,7,999.05,850.08,6.535,6.499,6.452
2018-11-11,7,920.43,861.65,6.574,6.609,6.46
2018-11-12,7,877.87,835.0,6.703,6.666,6.467
2018-11-13,7,830.2,786.26,6.467,6.378,6.475
2018-11-14,7,856.56,791.65,6.654,6.573,6.483
2018-11-15,7,885.82,805.21,6.839,6.829,6.492
2018-11-16,7,821.25,827.85,6.812,6.785,6.5
2018-11-17,7,789.78,818.1,6.704,6.578,6.508
2018-11-18,7,1082.45,784.58,6.972,6.948,6.517
2018-11-19,7,895.36,786.29,6.98,6.876,6.526
2018-11-20,7,1057.28,754.65,6.875,6.847,6.535
2018-11-21,7,806.06,721.54,6.968,6.878,6.544
2018-11-22,7,1014.14,829.06,7.046,6.982,6.553
2018-11-23,7,1237.46,918.17,6.811,6.734,6.562
2018-11-24,7,1147.39,903.44,6.968,6.994,6.572
2018-11-25,7,943.61,810.19,6.96,6.931,6.582
2018-11-26,7,1113.48,853.82,6.949,6.963,6.591
2018-11-27,7,1022.48,801.72,6.952,7.047,6.601
2018-11-28,7,1016.81,811.68,6.98,6.932,6.611
2018-11-29,7,1001.12,820.53,6.996,7.021,6.621
2018-11-30,7,1089.27,859.57,7.071,6.986,6.631
2018-12-01,7,1059.81,866.25,7.03,7.042,6.642
2018-12-02,7,1298.94,886.79,6.988,6.897,6.652
2018-12-03,7,1133.95,906.58,6.945,6.894,6.662
2018-12-04,7,1087.66,877.08,6.985,6.962,6.673
2018-12-05,7,1098.71,895.69,7.055,7.039,6.684
2018-12-06,7,1027.3,861.72,6.788,6.674,6.695
2018-12-07,7,788.88,858.52,6.931,6.838,6.705
2018-12-08,7,926.29,858.67,6.901,6.881,6.716
2018-12-09,7,968.34,939.36,6.969,6.901,6.727
2018-12-10,7,852.09,910.22,6.837,6.718,6.739
2018-12-11,7,848.49,861.87,6.833,6.78,6.75
2018-12-12,7,1000.44,930.33,7.002,6.946,6.761
2018-12-13,7,876.73,893.85,6.933,6.892,6.772
2018-12-14,7,1071.31,1000.51,6.918,6.894,6.784
2018-12-15,7,1101.3,926.76,7.001,6.974,6.795
2018-12-16,7,1037.35,975.28,7.01,6.921,6.807
2018-12-17,7,927.82,993.69,6.868,6.797,6.818
2018-12-18,7,1113.32,926.03,7.291,7.287,6.83
2018-12-19,7,1204.39,965.7,7.159,7.082,6.842
2018-12-20,7,1224.06,985.69,7.34,7.27,6.854
2018-12-21,7,1247.96,973.33,7.109,6.983,6.865
2018-12-22,7,1274.98,984.54,7.253,7.201,6.877
2018-12-23,7,1306.52,927.64,7.224,7.191,6.889
2018-12-24,7,1263.96,995.48,7.093,6.944,6.901
2018-12-25,7,1131.43,960.61,7.316,7.212,6.913
2018-12-26,7,1350.06,991.02,7.121,7.0,6.925
2018-12-27,7,1387.17,1011.76,7.264,7.253,6.937
2018-12-28,7,1292.92,1003.36,7.387,7.242,6.949
2018-12-29,7,1240.48,992.16,7.268,7.215,6.961
2018-12-30,7,1322.49,1002.04,7.251,7.237,6.973
2018-12-31,7,1256.72,1002.88,7.399,7.358,6.985
2019-01-01,7,1138.67,1029.97,7.327,7.255,6.997
2019-01-02,7,1282.06,974.89,7.327,7.294,7.009
2019-01-03,7,1314.44,979.91,7.473,7.475,7.021
2019-01-04,7,1391.56,1004.53,7.29,7.234,7.033
2019-01-05,7,1153.53,952.12,7.358,7.196,7.045
2019-01-06,7,1184.52,919.59,7.476,7.484,7.057
2019-01-07,7,1264.42,980.3,7.321,7.291,7.069
2019-01-08,7,1006.36,952.24,7.373,7.321,7.081
2019-01-09,7,967.37,913.31,7.226,7.077,7.093
2019-01-10,7,1020.27,968.94,7.325,7.26,7.105
2019-01-11,7,1063.86,997.11,7.337,7.243,7.117
2019-01-12,7,982.08,885.35,7.267,7.156,7.129
2019-01-13,7,1117.03,973.34,7.252,7.195,7.141
2019-01-14,7,834.88,843.74,7.299,7.222,7.152
2019-01-15,7,946.43,913.35,7.371,7.298,7.164
2019-01-16,7,1002.44,986.47,7.247,7.234,7.176
2019-01-17,7,909.44,905.14,7.241,7.204,7.187
2019-01-18,7,1042.94,914.28,7.668,7.593,7.199
2019-01-19,7,1185.8,932.28,7.502,7.421,7.21
2019-01-20,7,1098.91,839.92,7.6,7.527,7.222
2019-01-21,7,1127.99,896.94,7.567,7.505,7.233
2019-01-22,7,1131.08,891.11,7.582,7.561,7.245
2019-01-23,7,1236.41,948.55,7.72,7.618,7.256
2019-01-24,7,1154.3,834.7,7.61,7.633,7.267
2019-01-25,7,1062.44,859.28,7.6,7.579,7.278
2019-01-26,7,982.15,834.97,7.618,7.431,7.289
2019-01-27,7,1043.34,826.24,7.61,7.564,7.3
2019-01-28,7,1274.45,897.07,7.607,7.609,7.311
2019-01-29,7,1005.16,853.91,7.632,7.601,7.322
2019-01-30,7,1096.12,829.13,7.815,7.745,7.332
2019-01-31,7,1125.95,826.3,7.75,7.697,7.343
2019-02-01,7,887.12,820.84,7.676,7.635,7.353
2019-02-02,7,1068.8,820.38,7.792,7.781,7.364
2019-02-03,7,1040.67,789.42,7.597,7.476,7.374
2019-02-04,7,1025.94,821.66,7.844,7.764,7.384
2019-02-05,7,814.13,815.52,7.648,7.68,7.394
2019-02-06,7,801.5,799.3,7.733,7.684,7.404
2019-02-07,7,849.01,829.34,7.645,7.671,7.414
2019-02-08,7,852.23,830.77,7.608,7.708,7.423
2019-02-09,7,810.34,801.73,7.686,7.612,7.433
2019-02-10,7,833.69,815.39,7.542,7.432,7.442
2019-02-11,7,1025.7,895.6,7.57,7.507,7.451
2019-02-12,7,852.1,894.26,7.605,7.61,7.461
2019-02-13,7,713.09,783.55,7.729,7.741,7.47
2019-02-14,7,904.86,789.21,7.56,7.624,7.478
2019-02-15,7,812.5,785.3,7.56,7.508,7.487
2019-02-16,7,877.22,860.91,7.665,7.639,7.496
2019-02-17,7,845.25,811.88,7.712,7.626,7.504
2019-02-18,7,1076.34,836.49,7.806,7.631,7.512
2019-02-19,7,1106.02,900.61,7.924,7.872,7.521
2019-02-20,7,1092.03,833.31,7.988,7.88,7.529
2019-02-21,7,1028.0,861.68,7.982,7.965,7.536
2019-02-22,7,1069.89,858.76,7.922,7.778,7.544
2019-02-23,7,900.31,823.84,7.894,7.807,7.552
2019-02-24,7,1207.83,885.65,8.048,8.011,7.559
2019-02-25,7,1033.91,823.24,7.917,7.886,7.566
2019-02-26,7,1197.21,904.5,7.998,7.946,7.573
2019-02-27,7,1101.29,841.88,8.087,8.13,7.58
2019-02-28,7,1117.85,850.73,8.003,8.032,7.587
2019-03-01,7,1059.35,834.54,7.863,7.779,7.593
2019-03-02,7,1100.17,845.6,7.85,7.881,7.599
2019-03-03,7,1036.12,868.43,7.932,7.97,7.605
2019-03-04,7,945.48,803.77,8.018,7.962,7.611
2019-03-05,7,1118.37,886.25,8.003,7.955,7.617
2019-03-06,7,1072.44,882.22,8.149,8.097,7.623
2019-03-07,7,1291.63,933.23,8.013,7.931,7.628
2019-03-08,7,1000.02,925.94,7.757,7.68,7.633
2019-03-09,7,885.34,891.87,7.698,7.714,7.638
2019-03-10,7,931.62,906.0,7.888,7.86,7.643
2019-03-11,7,974.89,919.15,7.797,7.72,7.648
2019-03-12,7,1028.42,984.55,7.682,7.586,7.652
2019-03-13,7,973.97,908.78,7.808,7.721,7.657
2019-03-14,7,968.1,917.2,7.731,7.673,7.661
2019-03-15,7,851.93,907.52,7.781,7.776,7.665
2019-03-16,7,789.74,899.55,7.819,7.726,7.668
2019-03-17,7,985.75,966.32,7.749,7.744,7.672
2019-03-18,7,1270.86,966.55,7.986,7.946,7.675
2019-03-19,7,1250.86,1007.94,7.969,7.926,7.678
2019-03-20,7,1372.72,1002.77,7.974,7.975,7.681
2019-03-21,7,1333.59,1053.18,7.953,7.945,7.684
2019-03-22,7,1336.28,969.32,7.998,7.877,7.686
2019-03-23,7,1314.55,965.06,7.967,7.863,7.688
2019-03-24,7,1260.1,930.58,8.087,8.026,7.691
2019-03-25,7,1176.07,1002.0,8.058,8.026,7.692
2019-03-26,7,1249.67,982.93,8.14,8.158,7.694
2019-03-27,7,1371.04,1002.36,8.196,8.15,7.696
2019-03-28,7,1214.39,940.08,8.101,8.136,7.697
2019-03-29,7,1304.17,992.26,8.084,7.998,7.698
2019-03-30,7,1143.61,986.74,8.108,8.031,7.699
2019-03-31,7,1400.23,983.65,8.087,8.021,7.699
2019-04-01,7,1150.83,953.71,8.054,7.963,7.7
2019-04-02,7,1130.11,1017.71,8.048,8.056,7.7
2019-04-03,7,1298.96,1045.94,7.968,7.78,7.7
2019-04-04,7,1002.27,933.04,8.117,8.042,7.7
2019-04-05,7,1176.68,994.5,8.047,8.054,7.699
2019-04-06,7,1276.48,865.6,8.165,8.099,7.699
2019-04-07,7,1222.79,986.44,8.121,8.125,7.698
2019-04-08,7,836.58,894.0,7.797,7.857,7.697
2019-04-09,7,985.96,937.2,7.945,7.899,7.696
2019-04-10,7,885.71,905.47,7.639,7.648,7.694
2019-04-11,7,1051.43,939.48,7.997,8.068,7.693
2019-04-12,7,951.19,971.75,7.734,7.704,7.691
2019-04-13,7,935.08,872.55,7.878,7.826,7.689
2019-04-14,7,881.54,919.96,7.871,7.866,7.686
2019-04-15,7,1143.95,909.39,7.924,7.933,7.684
2019-04-16,7,1065.64,977.39,7.805,7.753,7.681
2019-04-17,7,967.49,931.74,7.657,7.583,7.679
2019-04-18,7,1084.42,869.93,7.999,8.035,7.675
2019-04-19,7,1089.76,889.09,8.005,7.941,7.672
2019-04-20,7,1154.07,954.46,7.855,7.864,7.669
2019-04-21,7,1109.68,919.42,8.019,7.982,7.665
2019-04-22,7,1203.07,856.73,7.925,7.967,7.661
2019-04-23,7,1071.37,874.02,8.059,7.967,7.657
2019-04-24,7,956.38,869.72,7.983,7.891,7.653
2019-04-25,7,1004.7,853.81,8.155,8.148,7.649
2019-04-26,7,1085.6,807.6,7.973,7.867,7.644
2019-04-27,7,1048.25,838.73,8.023,7.979,7.639
2019-04-28,7,1141.19,906.23,7.967,7.994,7.634
2019-04-29,7,1144.92,839.64,7.849,7.71,7.629
2019-04-30,7,1020.57,844.96,7.957,7.927,7.623
2019-05-01,7,1121.64,849.35,8.028,8.039,7.618
2019-05-02,7,1117.03,918.18,8.01,7.959,7.612
2019-05-03,7,1101.91,837.27,7.933,7.836,7.606
2019-05-04,7,1080.11,871.97,7.834,7.77,7.6
2019-05-05,7,1012.77,809.78,7.995,7.903,7.594
2019-05-06,7,913.7,819.02,7.771,7.724,7.587
2019-05-07,7,917.02,826.26,7.798,7.734,7.581
2019-05-08,7,826.12,796.82,7.702,7.626,7.574
2019-05-09,7,825.25,815.25,7.582,7.555,7.567
2019-05-10,7,1003.95,852.3,7.752,7.781,7.56
2019-05-11,7,869.41,792.43,7.702,7.668,7.552
2019-05-12,7,835.39,820.05,7.806,7.824,7.545
2019-05-13,7,842.96,844.85,7.69,7.719,7.537
2019-05-14,7,896.06,791.58,7.676,7.597,7.53
2019-05-15,7,910.47,859.55,7.705,7.669,7.522
2019-05-16,7,855.38,824.93,7.616,7.544,7.514
2019-05-17,7,866.57,818.14,7.604,7.48,7.505
2019-05-18,7,979.95,755.54,7.839,7.807,7.497
2019-05-19,7,1031.38,815.02,7.765,7.662,7.488
2019-05-20,7,1152.78,843.72,7.811,7.785,7.48
2019-05-21,7,1226.5,894.76,7.976,7.848,7.471
2019-05-22,7,1124.64,856.84,7.895,7.854,7.462
2019-05-23,7,1214.33,879.97,7.827,7.699,7.453
2019-05-24,7,1019.22,802.11,7.918,7.901,7.443
2019-05-25,7,1118.67,844.14,7.718,7.648,7.434
2019-05-26,7,1209.52,895.7,7.974,7.899,7.424
2019-05-27,7,1117.08,826.54,7.728,7.734,7.415
2019-05-28,7,1203.88,896.23,7.915,7.849,7.405
2019-05-29,7,1179.37,893.13,7.905,7.861,7.395
2019-05-30,7,1258.6,882.25,7.595,7.535,7.385
2019-05-31,7,1062.98,866.44,7.842,7.818,7.375
2019-06-01,7,1067.49,848.85,7.692,7.694,7.365
2019-06-02,7,1191.46,951.0,7.659,7.651,7.355
2019-06-03,7,1137.01,916.53,7.736,7.663,7.344
2019-06-04,7,1013.05,911.92,7.603,7.613,7.334
2019-06-05,7,1033.7,891.13,7.513,7.417,7.323
2019-06-06,7,883.18,912.46,7.387,7.3,7.312
2019-06-07,7,981.05,922.4,7.466,7.409,7.301
2019-06-08,7,876.37,936.05,7.547,7.55,7.29
2019-06-09,7,1048.04,953.06,7.46,7.352,7.279
2019-06-10,7,893.54,905.15,7.39,7.384,7.268
2019-06-11,7,850.0,886.23,7.451,7.398,7.257
2019-06-12,7,1007.31,945.34,7.283,7.212,7.246
2019-06-13,7,880.5,885.87,7.318,7.322,7.235
2019-06-14,7,943.92,940.09,7.339,7.249,7.223
2019-06-15,7,997.53,937.75,7.425,7.489,7.212
2019-06-16,7,1088.0,976.66,7.383,7.324,7.2
2019-06-17,7,1016.46,1032.43,7.382,7.339,7.189
2019-06-18,7,1069.57,898.26,7.525,7.552,7.177
2019-06-19,7,1334.05,1048.88,7.452,7.411,7.165
2019-06-20,7,1265.53,963.75,7.623,7.632,7.154
2019-06-21,7,1368.08,986.35,7.436,7.289,7.142
2019-06-22,7,1097.33,926.57,7.514,7.442,7.13
2019-06-23,7,1260.14,1012.51,7.459,7.429,7.118
2019-06-24,7,1337.1,980.24,7.501,7.506,7.106
2019-06-25,7,1395.59,977.41,7.396,7.385,7.095
2019-06-26,7,1085.95,912.14,7.517,7.501,7.083
2019-06-27,7,1189.75,982.53,7.531,7.534,7.071
2019-06-28,7,1312.41,1009.17,7.488,7.462,7.059
2019-06-29,7,1187.7,970.51,7.409,7.252,7.047
2019-06-30,7,1231.9,1018.72,7.35,7.372,7.035
2019-07-01,7,1309.85,1015.74,7.598,7.506,7.023
2019-07-02,7,1326.68,951.74,7.281,7.247,7.011
2019-07-03,7,1197.56,1027.73,7.419,7.378,6.998
2019-07-04,7,1349.38,970.87,7.363,7.315,6.986
2019-07-05,7,1184.93,968.06,7.319,7.214,6.974
2019-07-06,7,1254.2,966.51,7.327,7.18,6.962
2019-07-07,7,1344.0,961.88,7.26,7.159,6.95
2019-07-08,7,929.17,863.52,7.123,7.114,6.938
2019-07-09,7,969.69,944.93,7.102,6.979,6.926
2019-07-10,7,995.92,899.28,7.279,7.185,6.914
2019-07-11,7,1035.44,999.32,7.138,7.109,6.902
2019-07-12,7,1084.14,993.07,7.082,6.98,6.891
2019-07-13,7,994.72,962.36,7.075,6.998,6.879
2019-07-14,7,1028.28,919.02,7.164,7.118,6.867
2019-07-15,7,832.2,886.77,6.927,6.892,6.855
2019-07-16,7,865.84,893.62,6.979,6.876,6.843
2019-07-17,7,917.72,979.13,6.829,6.786,6.832
2019-07-18,7,1115.34,881.35,7.215,7.185,6.82
2019-07-19,7,938.26,817.55,7.226,7.113,6.808
2019-07-20,7,1130.21,930.48,7.067,7.028,6.797
2019-07-21,7,1112.15,941.38,7.25,7.164,6.785
2019-07-22,7,1307.07,941.44,7.066,7.023,6.774
2019-07-23,7,1088.69,914.29,7.085,7.071,6.762
2019-07-24,7,1067.51,914.69,7.111,7.052,6.751
2019-07-25,7,1121.3,869.31,7.217,7.213,6.74
2019-07-26,7,1109.59,789.77,7.01,7.0,6.729
2019-07-27,7,1082.43,858.58,7.091,7.086,6.718
2019-07-28,7,1108.2,874.73,7.119,7.089,6.707
2019-07-29,7,1158.82,843.84,7.091,7.096,6.696
2019-07-30,7,1123.27,838.1,7.084,7.053,6.685
2019-07-31,7,1052.1,806.8,7.085,6.952,6.674
2019-08-01,7,981.05,801.9,6.969,6.88,6.664
2019-08-02,7,1173.23,898.01,7.138,7.078,6.653
2019-08-03,7,1040.75,896.32,6.984,6.93,6.643
2019-08-04,7,1010.25,828.0,6.963,6.931,6.633
2019-08-05,7,973.16,835.68,6.88,6.79,6.622
2019-08-06,7,911.31,789.59,6.712,6.762,6.612
2019-08-07,7,916.68,844.87,6.778,6.723,6.602
2019-08-08,7,790.68,882.8,6.685,6.634,6.592
2019-08-09,7,731.13,766.92,6.934,6.851,6.583
2019-08-10,7,832.64,836.28,6.908,6.808,6.573
2019-08-11,7,869.34,838.91,6.705,6.649,6.564
2019-08-12,7,796.93,838.9,6.746,6.697,6.554
2019-08-13,7,905.33,878.71,6.695,6.641,6.545
2019-08-14,7,1064.66,893.64,6.658,6.691,6.536
2019-08-15,7,882.69,815.74,6.687,6.63,6.527
2019-08-16,7,906.73,849.39,6.665,6.611,6.518
2019-08-17,7,804.95,831.04,6.538,6.529,6.51
2019-08-18,7,920.89,808.59,6.872,6.814,6.501
2019-08-19,7,987.96,843.16,6.839,6.816,6.493
2019-08-20,7,977.18,860.46,6.859,6.745,6.484
2019-08-21,7,1082.23,848.14,6.82,6.707,6.476
2019-08-22,7,1058.24,813.59,6.79,6.746,6.468
2019-08-23,7,992.81,832.35,6.881,6.819,6.461
2019-08-24,7,1072.92,837.02,6.846,6.755,6.453
2019-08-25,7,1149.03,828.12,6.907,6.863,6.446
2019-08-26,7,1246.03,873.42,6.828,6.788,6.438
2019-08-27,7,1174.63,882.09,6.766,6.68,6.431
2019-08-28,7,1139.1,906.92,6.824,6.748,6.424
2019-08-29,7,1126.94,847.93,6.609,6.57,6.418
2019-08-30,7,1189.55,863.16,6.929,6.828,6.411
2019-08-31,7,1046.49,943.28,6.777,6.696,6.405
2019-09-01,7,1233.97,888.66,6.923,6.9,6.398
2019-09-02,7,1105.08,901.05,6.673,6.622,6.392
2019-09-03,7,1103.81,899.45,6.647,6.573,6.386
2019-09-04,7,1180.51,950.79,6.76,6.665,6.381
2019-09-05,7,1030.05,957.65,6.554,6.454,6.375
2019-09-06,7,923.63,961.01,6.547,6.49,6.37
2019-09-07,7,953.55,928.29,6.53,6.581,6.365
2019-09-08,7,985.01,902.0,6.459,6.438,6.36
2019-09-09,7,1072.76,1004.94,6.386,6.269,6.355
2019-09-10,7,1050.61,972.36,6.523,6.508,6.35
2019-09-11,7,953.46,931.04,6.393,6.305,6.346
2019-09-12,7,1106.89,1001.26,6.382,6.331,6.342
2019-09-13,7,1062.84,936.83,6.457,6.378,6.338
2019-09-14,7,1139.69,1008.83,6.518,6.57,6.334
2019-09-15,7,1100.23,1014.78,6.639,6.533,6.33
2019-09-16,7,1050.93,934.07,6.555,6.521,6.327
2019-09-17,7,1108.09,989.64,6.588,6.504,6.324
2019-09-18,7,1483.05,999.28,6.723,6.71,6.321
2019-09-19,7,1457.28,1065.7,6.697,6.662,6.318
2019-09-20,7,1199.89,950.1,6.866,6.879,6.315
2019-09-21,7,1230.3,1027.76,6.557,6.543,6.313
2019-09-22,7,1223.37,979.39,6.628,6.543,6.311
2019-09-23,7,1164.02,936.11,6.632,6.728,6.309
2019-09-24,7,1279.13,975.75,6.728,6.706,6.307
2019-09-25,7,1189.75,980.04,6.577,6.5,6.305
2019-09-26,7,1286.87,942.5,6.715,6.675,6.304
2019-09-27,7,1146.91,989.71,6.699,6.681,6.303
2019-09-28,7,1152.1,1011.15,6.717,6.697,6.302
2019-09-29,7,1239.57,984.42,6.715,6.689,6.301
2019-09-30,7,1148.73,955.21,6.774,6.772,6.3
2019-10-01,7,1130.41,966.71,6.646,6.64,6.3
2019-10-02,7,1181.39,969.12,6.692,6.6,6.3
2019-10-03,7,1177.56,973.93,6.591,6.647,6.3
2019-10-04,7,1273.21,1001.88,6.573,6.622,6.3
2019-10-05,7,1182.49,968.97,6.792,6.782,6.301
2019-10-06,7,1112.13,906.48,6.587,6.538,6.302
2019-10-07,7,1182.95,931.74,6.704,6.656,6.302
2019-10-08,7,1077.79,952.83,6.496,6.43,6.303
2019-10-09,7,1146.34,981.74,6.549,6.489,6.305
2019-10-10,7,1043.75,982.98,6.324,6.164,6.306
2019-10-11,7,1062.33,994.65,6.529,6.556,6.308
2019-10-12,7,964.87,931.93,6.455,6.464,6.31
2019-10-13,7,1032.73,948.77,6.414,6.28,6.312
2019-10-14,7,936.04,865.73,6.444,6.439,6.314
2019-10-15,7,1070.73,926.18,6.55,6.499,6.317
2019-10-16,7,780.2,867.95,6.528,6.468,6.32
2019-10-17,7,925.86,897.81,6.462,6.437,6.323
2019-10-18,7,1297.74,1000.46,6.585,6.447,6.326
2019-10-19,7,1140.46,899.49,6.594,6.543,6.329
2019-10-20,7,1019.38,853.13,6.743,6.697,6.333
2019-10-21,7,1040.38,892.22,6.584,6.538,6.336
2019-10-22,7,1140.39,854.54,6.681,6.562,6.34
2019-10-23,7,1008.48,833.84,6.909,6.881,6.344
2019-10-24,7,1057.37,936.05,6.735,6.738,6.349
2019-10-25,7,1197.91,894.94,6.763,6.733,6.353
2019-10-26,7,1130.4,865.07,6.623,6.562,6.358
2019-10-27,7,1052.54,834.86,6.615,6.699,6.363
2019-10-28,7,997.62,833.55,6.782,6.685,6.368
2019-10-29,7,1127.94,894.54,6.701,6.689,6.373
2019-10-30,7,1159.0,847.69,6.822,6.785,6.379
2019-10-31,7,827.99,725.78,6.746,6.796,6.384
2019-11-01,7,1048.08,915.45,7.025,6.994,6.39
2019-11-02,7,1017.91,834.5,6.708,6.688,6.396
2019-11-03,7,1062.28,837.84,6.783,6.759,6.402
2019-11-04,7,1060.45,861.95,6.695,6.592,6.409
2019-11-05,7,923.73,838.67,6.656,6.562,6.415
2019-11-06,7,963.54,847.36,6.615,6.551,6.422
2019-11-07,7,863.85,805.61,6.51,6.508,6.429
2019-11-08,7,850.69,777.01,6.568,6.53,6.436
2019-11-09,7,889.41,829.86,6.711,6.65,6.443
2019-11-10,7,914.73,870.54,6.708,6.727,6.45
2019-11-11,7,755.83,798.54,6.503,6.354,6.458
2019-11-12,7,771.2,796.9,6.586,6.471,6.466
2019-11-13,7,816.32,866.65,6.777,6.602,6.473
2019-11-14,7,840.69,809.82,6.626,6.636,6.481
2019-11-15,7,869.53,813.73,6.662,6.607,6.49
2019-11-16,7,763.74,817.66,6.738,6.736,6.498
2019-11-17,7,877.8,831.4,6.558,6.502,6.506
2019-11-18,7,938.24,781.88,6.798,6.799,6.515
2019-11-19,7,973.24,821.67,6.856,6.799,6.524
2019-11-20,7,1040.01,852.49,6.987,6.957,6.533
2019-11-21,7,1010.85,856.39,6.981,6.944,6.542
2019-11-22,7,1178.12,893.51,6.966,6.933,6.551
2019-11-23,7,1158.53,921.99,6.907,6.941,6.56
2019-11-24,7,1222.23,915.38,7.018,6.887,6.57
2019-11-25,7,1110.42,899.47,6.925,6.871,6.579
2019-11-26,7,1073.49,867.43,6.993,6.953,6.589
2019-11-27,7,1215.61,856.14,7.03,6.982,6.599
2019-11-28,7,1007.89,883.99,7.102,7.032,6.609
2019-11-29,7,1248.33,909.36,6.972,6.895,6.619
2019-11-30,7,1294.64,923.19,6.958,6.984,6.629
2019-12-01,7,1227.17,921.81,7.101,7.047,6.639
2019-12-02,7,1120.87,901.34,7.117,7.189,6.649
2019-12-03,7,1299.27,938.67,6.974,6.951,6.66
2019-12-04,7,1195.44,960.76,6.94,6.876,6.67
2019-12-05,7,1156.33,952.86,7.137,7.114,6.681
2019-12-06,7,943.78,926.24,6.718,6.674,6.692
2019-12-07,7,907.31,903.35,6.725,6.742,6.703
2019-12-08,7,884.19,907.54,6.85,6.742,6.714
2019-12-09,7,1046.05,918.55,6.883,6.743,6.725
2019-12-10,7,944.67,956.02,6.801,6.769,6.736
2019-12-11,7,1015.8,969.62,6.915,6.906,6.747
2019-12-12,7,846.72,906.06,6.93,6.894,6.758
2019-12-13,7,991.22,941.81,6.881,6.865,6.77
2019-12-14,7,930.29,971.56,7.094,7.07,6.781
2019-12-15,7,893.29,934.83,6.977,6.853,6.792
2019-12-16,7,1025.08,984.47,7.044,7.008,6.804
2019-12-17,7,1090.47,961.14,6.849,6.865,6.816
2019-12-18,7,1238.48,948.85,7.06,7.019,6.827
2019-12-19,7,1281.82,977.95,7.226,7.11,6.839
2019-12-20,7,1248.72,991.35,7.349,7.282,6.851
2019-12-21,7,1179.86,949.09,7.132,7.109,6.862
2019-12-22,7,1294.72,971.07,7.236,7.276,6.874
2019-12-23,7,1220.44,996.32,7.137,6.989,6.886
2019-12-24,7,1274.3,953.28,7.191,7.159,6.898
2019-12-25,7,1261.47,921.54,7.275,7.179,6.91
2019-12-26,7,1112.49,925.0,7.232,7.208,6.922
2019-12-27,7,1169.5,962.99,7.179,7.159,6.934
2019-12-28,7,1140.43,929.94,7.19,7.128,6.946
2019-12-29,7,1108.85,962.0,7.157,7.139,6.958
2019-12-30,7,1269.64,1030.18,7.358,7.365,6.97
2019-12-31,7,1265.6,921.03,7.38,7.322,6.982
2020-01-01,7,1134.67,956.43,7.391,7.275,6.994
2020-01-02,7,1427.85,1037.67,7.283,7.305,7.006
2020-01-03,7,1202.88,973.74,7.449,7.44,7.018
2020-01-04,7,1356.66,942.7,7.437,7.415,7.03
2020-01-05,7,1149.74,945.93,7.393,7.308,7.042
2020-01-06,7,1210.72,962.05,7.392,7.391,7.054
2020-01-07,7,1199.28,1001.75,7.364,7.416,7.066
2020-01-08,7,914.37,918.98,7.243,7.187,7.078
2020-01-09,7,1048.32,906.02,7.369,7.324,7.09
2020-01-10,7,956.43,879.1,7.343,7.24,7.102
2020-01-11,7,1048.13,925.66,7.243,7.157,7.114
2020-01-12,7,819.51,867.43,7.319,7.215,7.126
2020-01-13,7,986.53,894.9,7.199,7.156,7.138
2020-01-14,7,849.56,873.78,7.358,7.291,7.149
2020-01-15,7,884.17,937.59,7.245,7.213,7.161
2020-01-16,7,937.2,876.63,7.378,7.283,7.173
2020-01-17,7,964.4,902.76,7.572,7.514,7.184
2020-01-18,7,1054.1,827.22,7.5,7.403,7.196
2020-01-19,7,1171.5,882.55,7.791,7.751,7.208
2020-01-20,7,1112.81,830.53,7.608,7.477,7.219
2020-01-21,7,1183.0,852.56,7.52,7.478,7.23
2020-01-22,7,1104.09,939.83,7.528,7.464,7.242
2020-01-23,7,1237.57,890.23,7.792,7.751,7.253
2020-01-24,7,1205.34,848.48,7.654,7.521,7.264
2020-01-25,7,1191.74,960.54,7.58,7.563,7.275
2020-01-26,7,923.31,812.4,7.62,7.555,7.286
2020-01-27,7,1021.74,881.33,7.682,7.643,7.297
2020-01-28,7,965.87,783.32,7.657,7.514,7.308
2020-01-29,7,1180.88,825.14,7.697,7.584,7.319
2020-01-30,7,996.17,783.55,7.821,7.752,7.33
2020-01-31,7,1021.79,837.1,7.6,7.619,7.34
2020-02-01,7,1005.9,827.78,7.752,7.729,7.351
2020-02-02,7,946.65,813.15,7.705,7.662,7.361
2020-02-03,7,1153.17,860.6,7.681,7.585,7.371
2020-02-04,7,1011.83,801.37,7.817,7.712,7.381
2020-02-05,7,1013.22,831.88,7.425,7.388,7.391
2020-02-06,7,933.86,848.77,7.362,7.347,7.401
2020-02-07,7,857.54,768.14,7.579,7.54,7.411
2020-02-08,7,818.57,794.24,7.56,7.595,7.421
2020-02-09,7,792.41,823.1,7.472,7.388,7.43
2020-02-10,7,827.64,844.43,7.453,7.412,7.44
2020-02-11,7,821.64,873.66,7.754,7.619,7.449
2020-02-12,7,918.78,818.27,7.645,7.606,7.458
2020-02-13,7,832.71,817.02,7.619,7.642,7.467
2020-02-14,7,901.16,800.18,7.802,7.7,7.476
2020-02-15,7,896.68,845.23,7.717,7.709,7.485
2020-02-16,7,848.53,826.56,7.785,7.807,7.494
2020-02-17,7,794.75,830.96,7.558,7.473,7.502
2020-02-18,7,1088.55,841.14,7.763,7.736,7.51
2020-02-19,7,1087.03,867.88,7.918,7.947,7.519
2020-02-20,7,1118.36,833.25,7.91,7.871,7.527
2020-02-21,7,1007.3,830.58,7.984,7.974,7.534
2020-02-22,7,1157.75,877.55,7.762,7.623,7.542
2020-02-23,7,1067.15,761.56,7.956,7.936,7.55
2020-02-24,7,1099.98,851.51,7.986,7.962,7.557
2020-02-25,7,1116.44,837.65,7.989,7.873,7.564
2020-02-26,7,1217.7,925.48,7.889,7.791,7.571
2020-02-27,7,1241.89,873.43,7.97,7.95,7.578
2020-02-28,7,1136.99,874.79,7.873,7.808,7.585
2020-02-29,7,1191.14,898.3,7.918,7.924,7.591
2020-03-01,7,1121.06,884.74,7.864,7.83,7.598
2020-03-02,7,1083.67,897.04,7.893,7.846,7.604
2020-03-03,7,1079.52,920.03,7.941,7.882,7.61
2020-03-04,7,1244.2,907.28,7.926,7.891,7.616
2020-03-05,7,1085.07,912.34,7.911,7.901,7.621
2020-03-06,7,1192.96,897.18,7.873,7.85,7.627
2020-03-07,7,971.89,897.18,7.939,7.868,7.632
2020-03-08,7,1061.09,944.52,7.747,7.759,7.637
2020-03-09,7,966.2,957.75,7.818,7.801,7.642
2020-03-10,7,889.49,901.44,7.656,7.625,7.647
2020-03-11,7,1061.01,982.17,7.91,7.864,7.651
2020-03-12,7,1012.44,986.19,7.819,7.794,7.656
2020-03-13,7,948.81,997.15,7.774,7.633,7.66
2020-03-14,7,1177.15,976.82,7.779,7.741,7.664
2020-03-15,7,978.38,991.58,7.887,7.919,7.667
2020-03-16,7,1017.46,1048.38,7.585,7.546,7.671
2020-03-17,7,993.14,963.62,7.758,7.713,7.674
2020-03-18,7,1287.31,939.49,8.018,7.938,7.677
2020-03-19,7,1013.24,923.93,8.02,7.995,7.68
2020-03-20,7,1418.45,1040.23,8.233,8.174,7.683
2020-03-21,7,1246.72,1041.47,8.009,8.024,7.686
2020-03-22,7,1223.49,947.59,8.117,8.024,7.688
2020-03-23,7,1160.59,954.5,8.185,8.112,7.69
2020-03-24,7,1383.93,968.22,8.096,8.016,7.692
2020-03-25,7,1307.66,1021.63,7.99,8.032,7.694
2020-03-26,7,1131.53,932.57,7.942,7.883,7.695
2020-03-27,7,1130.36,907.25,8.106,8.029,7.697
2020-03-28,7,1341.08,1050.04,8.179,8.025,7.698
2020-03-29,7,1262.17,982.84,8.092,7.997,7.698
2020-03-30,7,1285.77,985.19,8.148,8.124,7.699
2020-03-31,7,1218.01,959.14,8.257,8.233,7.7
2020-04-01,7,1135.87,979.34,8.117,8.034,7.7
2020-04-02,7,1126.52,906.45,7.962,7.882,7.7
2020-04-03,7,1221.15,926.14,8.054,8.097,7.7
2020-04-04,7,1161.8,955.1,8.159,8.244,7.7
2020-04-05,7,1148.47,867.54,8.029,8.037,7.699
2020-04-06,7,1185.76,931.81,8.169,8.197,7.698
2020-04-07,7,1158.4,924.81,8.042,8.08,7.697
2020-04-08,7,1056.12,921.94,7.873,7.934,7.696
2020-04-09,7,827.21,908.07,7.817,7.752,7.695
2020-04-10,7,883.62,887.19,7.856,7.762,7.693
2020-04-11,7,979.59,852.86,7.858,7.9,7.691
2020-04-12,7,1096.15,916.2,7.711,7.612,7.689
2020-04-13,7,1103.52,895.08,7.802,7.7,7.687
2020-04-14,7,897.89,851.87,7.736,7.636,7.685
2020-04-15,7,974.28,896.61,7.799,7.743,7.682
2020-04-16,7,979.92,878.54,7.766,7.616,7.679
2020-04-17,7,999.06,867.23,7.907,7.786,7.676
2020-04-18,7,1039.22,802.46,8.105,8.024,7.673
2020-04-19,7,1205.03,896.54,8.064,7.955,7.67
2020-04-20,7,1077.19,824.3,7.915,7.918,7.666
2020-04-21,7,1134.24,864.66,8.004,7.955,7.662
2020-04-22,7,992.3,829.32,7.9,7.879,7.658
2020-04-23,7,1043.9,839.37,7.992,7.966,7.654
2020-04-24,7,1091.74,888.91,8.051,7.991,7.65
2020-04-25,7,1013.97,863.03,8.074,8.074,7.645
2020-04-26,7,1001.44,880.1,8.028,8.001,7.64
2020-04-27,7,1048.87,848.52,8.086,8.02,7.635
2020-04-28,7,1058.49,847.54,8.001,7.867,7.63
2020-04-29,7,982.3,768.38,7.956,7.932,7.625
2020-04-30,7,1073.89,816.98,8.039,7.926,7.619
2020-05-01,7,1051.11,817.95,8.036,8.005,7.614
2020-05-02,7,1082.95,866.74,7.916,7.87,7.608
2020-05-03,7,963.01,804.66,7.982,7.864,7.602
2020-05-04,7,1112.99,830.49,7.922,7.885,7.595
2020-05-05,7,1045.24,828.34,7.778,7.738,7.589
2020-05-06,7,873.73,860.57,7.768,7.727,7.582
2020-05-07,7,843.97,815.37,7.622,7.579,7.576
2020-05-08,7,842.09,849.41,7.745,7.662,7.569
2020-05-09,7,767.29,761.55,7.589,7.568,7.562
2020-05-10,7,769.72,765.89,7.647,7.562,7.554
2020-05-11,7,764.1,744.0,7.662,7.558,7.547
2020-05-12,7,940.77,853.33,7.785,7.769,7.539
2020-05-13,7,922.0,851.67,7.639,7.636,7.532
2020-05-14,7,1011.89,862.11,7.588,7.568,7.524
2020-05-15,7,928.98,809.97,7.695,7.634,7.516
2020-05-16,7,986.01,817.23,7.64,7.493,7.507
2020-05-17,7,915.54,836.31,7.712,7.736,7.499
2020-05-18,7,1175.48,894.96,7.759,7.612,7.49
2020-05-19,7,1117.58,907.86,7.849,7.828,7.482
2020-05-20,7,1176.77,880.76,8.021,8.076,7.473
2020-05-21,7,1058.25,869.19,7.795,7.752,7.464
2020-05-22,7,1047.71,909.18,7.82,7.784,7.455
2020-05-23,7,1195.13,858.51,7.663,7.632,7.446
2020-05-24,7,1005.03,858.96,7.718,7.678,7.436
2020-05-25,7,1139.92,873.43,7.814,7.881,7.427
2020-05-26,7,1018.57,849.11,7.741,7.649,7.417
2020-05-27,7,1200.65,882.74,7.807,7.708,7.408
2020-05-28,7,1172.66,855.31,7.782,7.715,7.398
2020-05-29,7,1228.18,935.88,7.632,7.669,7.388
2020-05-30,7,1266.45,924.61,7.809,7.73,7.378
2020-05-31,7,1221.25,961.17,7.618,7.59,7.367
2020-06-01,7,1245.34,859.61,7.646,7.65,7.357
2020-06-02,7,1314.55,988.61,7.715,7.704,7.347
2020-06-03,7,1045.01,872.32,7.812,7.812,7.336
2020-06-04,7,1136.02,890.6,7.595,7.616,7.326
2020-06-05,7,950.45,915.83,7.477,7.442,7.315
2020-06-06,7,1017.78,988.16,7.467,7.394,7.304
2020-06-07,7,876.07,954.92,7.496,7.453,7.293
2020-06-08,7,1019.22,942.89,7.527,7.46,7.282
2020-06-09,7,871.36,927.83,7.389,7.465,7.271
2020-06-10,7,772.75,911.29,7.491,7.414,7.26
2020-06-11,7,1025.22,1002.68,7.505,7.479,7.249
2020-06-12,7,983.86,994.28,7.53,7.405,7.238
2020-06-13,7,997.38,1016.62,7.416,7.373,7.226
2020-06-14,7,790.36,985.79,7.377,7.313,7.215
2020-06-15,7,865.77,881.7,7.315,7.299,7.203
2020-06-16,7,966.2,932.52,7.225,7.21,7.192
2020-06-17,7,993.17,993.89,7.308,7.329,7.18
2020-06-18,7,1256.55,965.84,7.527,7.544,7.168
2020-06-19,7,1326.16,960.0,7.498,7.445,7.157
2020-06-20,7,1234.39,941.34,7.543,7.446,7.145
2020-06-21,7,1369.85,1013.12,7.367,7.275,7.133
2020-06-22,7,1352.65,995.53,7.457,7.422,7.121
2020-06-23,7,1184.12,996.33,7.619,7.577,7.109
2020-06-24,7,1246.98,955.45,7.527,7.49,7.098
2020-06-25,7,1325.66,982.25,7.485,7.408,7.086
2020-06-26,7,1145.4,927.35,7.455,7.477,7.074
2020-06-27,7,1167.36,967.36,7.382,7.259,7.062
2020-06-28,7,1156.0,880.8,7.259,7.18,7.05
2020-06-29,7,1049.49,911.44,7.424,7.32,7.038
2020-06-30,7,1125.89,951.76,7.18,7.119,7.026
2020-07-01,7,1268.47,1042.58,7.338,7.35,7.014
2020-07-02,7,1165.7,892.55,7.351,7.287,7.002
2020-07-03,7,1168.93,907.9,7.304,7.259,6.989
2020-07-04,7,1291.2,954.61,7.501,7.484,6.977
2020-07-05,7,1201.42,1004.32,7.461,7.395,6.965
2020-07-06,7,1125.97,944.63,7.386,7.355,6.953
2020-07-07,7,1255.65,957.11,7.217,7.18,6.941
2020-07-08,7,902.83,915.55,7.233,7.127,6.929
2020-07-09,7,905.73,904.18,7.117,7.044,6.917
2020-07-10,7,828.9,919.51,6.98,6.948,6.905
2020-07-11,7,953.16,888.09,7.046,7.06,6.894
2020-07-12,7,1092.26,930.93,7.108,7.122,6.882
2020-07-13,7,816.49,843.78,6.972,7.027,6.87
2020-07-14,7,1047.5,925.57,7.019,6.994,6.858
2020-07-15,7,930.52,890.24,7.022,6.951,6.846
2020-07-16,7,795.95,875.85,6.896,6.843,6.835
2020-07-17,7,802.74,820.44,6.951,6.896,6.823
2020-07-18,7,1000.55,838.35,7.079,7.009,6.811
2020-07-19,7,1131.93,909.41,7.219,7.188,6.8
2020-07-20,7,1114.73,855.14,7.065,7.037,6.788
2020-07-21,7,1229.83,867.35,7.15,7.041,6.777
2020-07-22,7,950.05,822.19,7.004,7.009,6.765
2020-07-23,7,1043.53,847.56,7.013,6.871,6.754
2020-07-24,7,954.35,796.4,6.998,6.937,6.743
2020-07-25,7,986.32,844.04,7.058,7.066,6.732
2020-07-26,7,1085.9,849.93,7.085,7.065,6.721
2020-07-27,7,1073.12,844.9,7.089,7.021,6.71
2020-07-28,7,898.9,799.09,6.907,6.955,6.699
2020-07-29,7,1037.66,816.12,7.024,6.952,6.688
2020-07-30,7,991.23,844.63,6.967,6.817,6.677
2020-07-31,7,1037.75,816.52,7.059,7.032,6.666
2020-08-01,7,1114.15,812.32,6.984,6.846,6.656
2020-08-02,7,1160.44,887.84,6.989,6.897,6.645
2020-08-03,7,1010.86,787.15,6.926,6.907,6.635
2020-08-04,7,1053.2,857.86,7.113,7.04,6.625
2020-08-05,7,822.79,779.63,6.662,6.641,6.615
2020-08-06,7,923.53,843.36,6.723,6.615,6.605
2020-08-07,7,919.72,846.0,6.754,6.746,6.595
2020-08-08,7,838.35,804.51,6.715,6.58,6.585
2020-08-09,7,833.96,781.3,6.664,6.68,6.576
2020-08-10,7,714.99,756.86,6.571,6.497,6.566
2020-08-11,7,799.51,806.57,6.651,6.678,6.557
2020-08-12,7,939.66,849.14,6.621,6.529,6.547
2020-08-13,7,889.38,795.96,6.823,6.869,6.538
2020-08-14,7,888.66,840.35,6.86,6.763,6.529
2020-08-15,7,921.65,788.87,6.666,6.527,6.52
2020-08-16,7,912.04,836.24,6.549,6.501,6.512
2020-08-17,7,833.77,808.43,6.712,6.724,6.503
2020-08-18,7,996.85,850.25,6.766,6.756,6.495
2020-08-19,7,1163.58,840.07,6.793,6.801,6.486
2020-08-20,7,1092.97,820.78,6.778,6.769,6.478
2020-08-21,7,1193.87,844.4,6.78,6.689,6.47
2020-08-22,7,1212.33,839.94,6.784,6.773,6.463
2020-08-23,7,970.94,831.96,6.7,6.655,6.455
2020-08-24,7,1075.35,921.26,6.741,6.656,6.448
2020-08-25,7,912.14,876.26,6.872,6.831,6.44
2020-08-26,7,1098.07,817.34,6.78,6.728,6.433
2020-08-27,7,1161.42,878.19,6.786,6.807,6.426
2020-08-28,7,1198.08,937.6,6.591,6.515,6.419
2020-08-29,7,1036.54,884.49,6.838,6.76,6.413
2020-08-30,7,1223.8,969.05,6.701,6.616,6.406
2020-08-31,7,1146.11,892.07,6.84,6.885,6.4
2020-09-01,7,1259.3,944.98,6.756,6.674,6.394
2020-09-02,7,1251.56,968.82,6.693,6.708,6.388
2020-09-03,7,1261.33,953.31,6.598,6.496,6.382
2020-09-04,7,1126.86,894.29,6.901,6.876,6.377
2020-09-05,7,1046.13,914.04,6.585,6.549,6.371
2020-09-06,7,1092.15,992.38,6.585,6.597,6.366
2020-09-07,7,885.72,927.41,6.656,6.661,6.361
2020-09-08,7,1153.71,993.6,6.524,6.478,6.356
2020-09-09,7,1088.33,947.98,6.61,6.533,6.351
2020-09-10,7,1056.01,971.27,6.459,6.49,6.347
2020-09-11,7,987.48,920.77,6.552,6.47,6.343
2020-09-12,7,1124.28,950.61,6.438,6.275,6.339
2020-09-13,7,867.43,943.54,6.445,6.302,6.335
2020-09-14,7,1130.89,983.98,6.489,6.358,6.331
2020-09-15,7,992.56,980.89,6.376,6.356,6.328
2020-09-16,7,1131.9,994.98,6.501,6.562,6.325
2020-09-17,7,1019.78,962.39,6.447,6.295,6.321
2020-09-18,7,1108.99,947.39,6.51,6.42,6.319
2020-09-19,7,1213.48,986.35,6.629,6.584,6.316
2020-09-20,7,1275.4,943.53,6.636,6.663,6.314
2020-09-21,7,1273.9,1016.53,6.729,6.64,6.311
2020-09-22,7,1188.08,973.62,6.682,6.662,6.309
2020-09-23,7,1176.65,964.67,6.773,6.711,6.307
2020-09-24,7,1308.63,990.35,6.697,6.778,6.306
2020-09-25,7,1366.66,969.23,6.61,6.567,6.304
2020-09-26,7,1001.22,911.25,6.648,6.616,6.303
2020-09-27,7,1388.24,929.17,6.624,6.578,6.302
2020-09-28,7,1286.38,1000.06,6.69,6.62,6.301
2020-09-29,7,1266.9,962.39,6.655,6.653,6.301
2020-09-30,7,1107.54,896.72,6.6,6.492,6.3
2020-10-01,7,1223.69,963.75,6.651,6.501,6.3
2020-10-02,7,1192.14,927.45,6.687,6.629,6.3
2020-10-03,7,1081.44,911.79,6.57,6.561,6.3
2020-10-04,7,1081.96,897.49,6.676,6.597,6.301
2020-10-05,7,1320.46,967.54,6.525,6.484,6.301
2020-10-06,7,983.76,858.57,6.741,6.63,6.302
2020-10-07,7,1165.28,892.74,6.695,6.699,6.303
2020-10-08,7,939.58,920.84,6.585,6.567,6.304
2020-10-09,7,940.42,966.38,6.367,6.318,6.306
2020-10-10,7,1117.13,924.97,6.548,6.507,6.308
2020-10-11,7,847.45,870.39,6.534,6.415,6.309
2020-10-12,7,909.64,947.95,6.447,6.33,6.312
2020-10-13,7,870.92,841.44,6.434,6.378,6.314
2020-10-14,7,882.4,892.65,6.379,6.355,6.316
2020-10-15,7,940.23,895.02,6.361,6.34,6.319
2020-10-16,7,894.35,841.8,6.412,6.344,6.322
2020-10-17,7,953.21,891.88,6.374,6.362,6.325
2020-10-18,7,1064.09,844.46,6.806,6.827,6.328
2020-10-19,7,1070.52,881.94,6.562,6.507,6.332
2020-10-20,7,1042.1,788.59,6.697,6.663,6.335
2020-10-21,7,1084.9,860.3,6.724,6.664,6.339
2020-10-22,7,1021.2,830.0,6.722,6.666,6.343
2020-10-23,7,1222.89,880.79,6.733,6.692,6.348
2020-10-24,7,1052.88,835.42,6.778,6.813,6.352
2020-10-25,7,1190.95,877.4,6.671,6.667,6.357
2020-10-26,7,1160.85,848.48,6.719,6.71,6.362
2020-10-27,7,1130.86,823.63,6.693,6.62,6.367
2020-10-28,7,1131.0,853.39,6.826,6.731,6.372
2020-10-29,7,1081.63,851.71,6.895,6.865,6.377
2020-10-30,7,1061.1,838.89,6.637,6.649,6.383
2020-10-31,7,926.58,740.98,6.576,6.612,6.389
2020-11-01,7,862.02,786.05,6.79,6.617,6.395
2020-11-02,7,1152.93,868.49,6.836,6.909,6.401
2020-11-03,7,1000.81,776.09,6.914,6.884,6.407
2020-11-04,7,1137.41,851.32,6.822,6.818,6.413
2020-11-05,7,880.32,845.94,6.682,6.545,6.42
2020-11-06,7,879.21,796.98,6.71,6.648,6.427
2020-11-07,7,708.69,754.08,6.701,6.692,6.434
2020-11-08,7,770.82,805.91,6.662,6.553,6.441
2020-11-09,7,767.42,900.83,6.496,6.301,6.448
2020-11-10,7,831.92,800.5,6.605,6.572,6.456
2020-11-11,7,796.37,805.88,6.638,6.585,6.464
2020-11-12,7,784.18,802.04,6.613,6.636,6.471
2020-11-13,7,950.86,883.07,6.626,6.568,6.479
2020-11-14,7,849.27,835.93,6.763,6.709,6.488
2020-11-15,7,773.23,826.67,6.585,6.57,6.496
2020-11-16,7,1131.29,902.45,6.718,6.72,6.504
2020-11-17,7,919.18,877.89,6.688,6.603,6.513
2020-11-18,7,982.49,830.27,6.803,6.8,6.522
2020-11-19,7,1003.1,824.64,6.794,6.718,6.53
2020-11-20,7,1147.08,913.17,6.753,6.704,6.539
2020-11-21,7,1103.42,878.54,6.937,6.921,6.549
2020-11-22,7,1139.4,829.15,6.903,6.895,6.558
2020-11-23,7,1044.35,826.46,6.851,6.817,6.567
2020-11-24,7,1213.25,855.36,6.777,6.673,6.577
2020-11-25,7,1058.27,856.62,6.971,6.827,6.586
2020-11-26,7,1087.59,833.97,6.932,6.873,6.596
2020-11-27,7,1179.61,872.65,6.899,6.898,6.606
2020-11-28,7,1207.84,884.47,6.889,6.861,6.616
2020-11-29,7,1245.51,905.86,6.957,6.919,6.626
2020-11-30,7,1231.53,986.61,7.024,6.974,6.636
2020-12-01,7,1172.06,923.2,6.97,6.936,6.647
2020-12-02,7,998.44,931.69,6.912,6.812,6.657
2020-12-03,7,1204.42,960.22,7.013,7.002,6.668
2020-12-04,7,1274.12,938.72,7.112,7.104,6.678
2020-12-05,7,1295.36,965.43,7.042,6.975,6.689
2020-12-06,7,1006.98,965.39,6.855,6.827,6.7
2020-12-07,7,1142.93,963.74,6.835,6.699,6.711
2020-12-08,7,1080.3,1059.87,6.801,6.76,6.722
2020-12-09,7,990.93,998.21,6.809,6.753,6.733
2020-12-10,7,943.11,931.42,6.761,6.774,6.744
2020-12-11,7,945.67,984.86,7.0,6.94,6.755
2020-12-12,7,1040.91,946.46,6.954,6.947,6.767
2020-12-13,7,1064.18,991.7,6.935,6.865,6.778
2020-12-14,7,1021.32,929.49,6.963,6.799,6.79
2020-12-15,7,955.85,940.01,6.978,6.917,6.801
2020-12-16,7,1036.57,991.6,6.904,6.864,6.813
2020-12-17,7,888.75,1014.87,6.948,6.906,6.824
2020-12-18,7,1296.9,997.54,7.148,7.106,6.836
2020-12-19,7,1289.99,1009.46,7.399,7.323,6.848
2020-12-20,7,1172.35,991.87,7.291,7.225,6.859
2020-12-21,7,1241.01,983.66,7.235,7.128,6.871
2020-12-22,7,1197.47,958.46,7.342,7.193,6.883
2020-12-23,7,1414.86,1002.63,7.344,7.289,6.895
2020-12-24,7,1194.32,1007.77,7.147,7.059,6.907
2020-12-25,7,1253.82,967.07,7.251,7.255,6.919
2020-12-26,7,1138.07,962.23,7.28,7.12,6.931
2020-12-27,7,1248.33,1018.74,7.342,7.306,6.943
2020-12-28,7,1238.83,958.74,7.287,7.343,6.955
2020-12-29,7,1200.74,958.22,7.309,7.25,6.967
2020-12-30,7,1229.37,968.37,7.292,7.242,6.979
2020-12-31,7,1223.49,943.6,7.425,7.396,6.991
2021-01-01,7,1124.29,913.68,7.238,7.213,7.003
2021-01-02,7,1274.75,950.79,7.331,7.26,7.015
2021-01-03,7,1159.85,931.18,7.23,7.129,7.027
2021-01-04,7,1251.9,991.84,7.307,7.289,7.039
2021-01-05,7,1233.5,949.65,7.427,7.281,7.051
2021-01-06,7,1153.92,895.79,7.44,7.432,7.063
2021-01-07,7,1237.82,936.65,7.4,7.33,7.075
2021-01-08,7,985.41,916.36,7.327,7.277,7.087
2021-01-09,7,1028.61,945.83,7.357,7.281,7.099
2021-01-10,7,897.06,876.06,7.255,7.277,7.111
2021-01-11,7,863.68,895.47,7.293,7.255,7.123
2021-01-12,7,823.4,879.9,7.248,7.182,7.135
2021-01-13,7,806.38,880.0,7.347,7.279,7.146
2021-01-14,7,1002.43,841.66,7.213,7.155,7.158
2021-01-15,7,774.87,887.62,7.464,7.533,7.17
2021-01-16,7,1004.68,877.07,7.423,7.307,7.182
2021-01-17,7,888.45,902.59,7.247,7.251,7.193
2021-01-18,7,1163.76,852.63,7.492,7.47,7.205
2021-01-19,7,912.4,834.16,7.6,7.627,7.216
2021-01-20,7,1091.11,872.05,7.551,7.532,7.228
2021-01-21,7,1126.73,812.75,7.633,7.583,7.239
2021-01-22,7,1161.09,874.93,7.571,7.572,7.25
2021-01-23,7,1083.39,871.58,7.733,7.695,7.261
2021-01-24,7,974.93,874.72,7.623,7.611,7.273
2021-01-25,7,979.42,841.28,7.827,7.849,7.284
2021-01-26,7,1117.06,808.8,7.693,7.647,7.295
2021-01-27,7,1028.17,827.74,7.548,7.476,7.305
2021-01-28,7,1056.51,835.68,7.833,7.751,7.316
2021-01-29,7,1036.23,801.61,7.765,7.737,7.327
2021-01-30,7,1010.84,867.1,7.718,7.624,7.338
2021-01-31,7,1094.63,840.35,7.75,7.682,7.348
2021-02-01,7,975.32,788.82,7.613,7.515,7.358
2021-02-02,7,1146.48,886.34,7.574,7.55,7.369
2021-02-03,7,1009.14,824.62,7.726,7.638,7.379
2021-02-04,7,897.11,784.08,7.849,7.735,7.389
2021-02-05,7,807.42,794.86,7.581,7.475,7.399
2021-02-06,7,966.8,877.9,7.695,7.617,7.409
2021-02-07,7,964.69,891.97,7.674,7.6,7.418
2021-02-08,7,911.5,866.05,7.58,7.542,7.428
2021-02-09,7,987.06,879.85,7.682,7.624,7.438
2021-02-10,7,909.19,879.54,7.719,7.687,7.447
2021-02-11,7,906.91,860.04,7.6,7.572,7.456
2021-02-12,7,865.89,855.94,7.598,7.585,7.465
2021-02-13,7,977.23,867.47,7.635,7.49,7.474
2021-02-14,7,943.17,878.74,7.44,7.334,7.483
2021-02-15,7,836.18,831.65,7.664,7.642,7.492
2021-02-16,7,826.68,888.06,7.708,7.668,7.5
2021-02-17,7,1045.63,918.51,7.67,7.669,7.508
2021-02-18,7,1047.56,865.42,7.894,7.767,7.517
2021-02-19,7,1106.07,866.99,7.871,7.797,7.525
2021-02-20,7,1312.45,900.05,7.723,7.658,7.533
2021-02-21,7,1155.52,866.13,8.023,7.982,7.54
2021-02-22,7,1186.72,848.33,7.868,7.82,7.548
2021-02-23,7,1153.54,940.17,7.856,7.829,7.555
2021-02-24,7,1206.28,889.8,8.021,7.965,7.562
2021-02-25,7,1159.91,911.78,7.998,8.016,7.57
2021-02-26,7,1163.22,895.28,7.948,7.983,7.576
2021-02-27,7,1384.05,966.74,7.995,7.889,7.583
2021-02-28,7,1194.33,957.22,7.847,7.8,7.59
2021-03-01,7,1175.05,924.11,7.94,7.93,7.596
2021-03-02,7,1073.49,896.26,8.056,8.035,7.602
2021-03-03,7,1247.54,930.25,7.904,7.834,7.608
2021-03-04,7,1184.69,966.98,7.884,7.847,7.614
2021-03-05,7,1295.07,958.03,7.976,7.847,7.62
2021-03-06,7,1091.79,959.39,7.984,7.933,7.626
2021-03-07,7,1270.35,966.86,8.033,7.91,7.631
2021-03-08,7,988.12,989.6,7.676,7.651,7.636
2021-03-09,7,1069.49,964.86,7.587,7.481,7.641
2021-03-10,7,1033.22,985.03,7.869,7.827,7.646
2021-03-11,7,944.08,937.36,7.714,7.68,7.65
2021-03-12,7,1083.85,1063.56,7.756,7.71,7.655
2021-03-13,7,948.73,966.15,7.634,7.552,7.659
2021-03-14,7,1099.99,984.75,7.895,7.834,7.663
2021-03-15,7,964.77,998.61,7.845,7.854,7.666
2021-03-16,7,992.82,965.18,7.845,7.774,7.67
2021-03-17,7,1056.31,980.23,7.848,7.799,7.673
2021-03-18,7,1370.82,979.8,7.862,7.784,7.677
2021-03-19,7,1202.71,947.57,7.951,7.952,7.68
2021-03-20,7,1243.26,994.14,7.996,7.95,7.682
2021-03-21,7,1188.41,919.9,7.975,7.887,7.685
2021-03-22,7,1145.45,1037.43,8.016,7.966,7.687
2021-03-23,7,1176.37,1001.93,8.059,7.997,7.69
2021-03-24,7,1232.87,994.27,8.122,8.142,7.692
2021-03-25,7,1101.98,908.5,7.925,7.873,7.693
2021-03-26,7,1071.8,938.58,8.044,7.925,7.695
2021-03-27,7,1354.24,1011.67,8.103,8.078,7.696
2021-03-28,7,1425.98,1104.75,7.973,8.013,7.697
2021-03-29,7,1277.87,997.39,8.033,8.043,7.698
2021-03-30,7,1199.56,987.72,8.086,7.981,7.699
2021-03-31,7,1232.19,965.4,8.05,7.987,7.7
2021-04-01,7,1196.73,912.73,8.104,8.052,7.7
2021-04-02,7,1214.33,972.39,8.058,8.007,7.7
2021-04-03,7,1167.17,894.0,8.025,7.994,7.7
2021-04-04,7,1067.58,884.99,7.956,7.889,7.7
2021-04-05,7,1121.24,877.48,8.069,7.973,7.699
2021-04-06,7,1294.4,950.78,8.056,8.054,7.698
2021-04-07,7,1244.19,909.12,7.968,7.862,7.697
2021-04-08,7,1051.12,909.11,7.893,7.803,7.696
2021-04-09,7,964.98,899.46,7.946,7.84,7.695
2021-04-10,7,899.93,855.02,7.791,7.771,7.693
2021-04-11,7,877.59,865.39,7.784,7.739,7.692
2021-04-12,7,780.14,861.65,7.779,7.773,7.69
2021-04-13,7,781.03,828.76,7.703,7.614,7.688
2021-04-14,7,886.25,854.99,7.996,7.883,7.685
2021-04-15,7,863.91,829.62,7.797,7.725,7.683
2021-04-16,7,1026.52,882.66,7.761,7.702,7.68
2021-04-17,7,1017.42,880.74,7.737,7.697,7.677
2021-04-18,7,981.42,807.7,7.993,7.859,7.674
2021-04-19,7,1119.38,838.19,7.965,7.939,7.67
2021-04-20,7,1120.22,909.39,8.132,8.037,7.667
2021-04-21,7,1067.93,806.22,7.913,7.831,7.663
2021-04-22,7,1136.83,851.89,7.886,7.895,7.659
2021-04-23,7,1146.67,837.37,8.049,7.89,7.655
2021-04-24,7,1069.34,868.97,7.992,7.958,7.651
2021-04-25,7,1132.85,838.44,7.978,7.944,7.646
2021-04-26,7,908.16,810.73,8.036,7.945,7.641
2021-04-27,7,1135.02,826.25,7.998,7.925,7.637
2021-04-28,7,1046.38,825.22,7.978,7.989,7.631
2021-04-29,7,1038.62,818.01,7.864,7.912,7.626
2021-04-30,7,857.12,774.27,7.837,7.84,7.621
2021-05-01,7,1069.87,863.56,7.909,7.953,7.615
2021-05-02,7,1181.84,857.37,7.872,7.788,7.609
2021-05-03,7,968.78,783.89,7.975,7.846,7.603
2021-05-04,7,1075.85,810.69,7.803,7.75,7.597
2021-05-05,7,1036.66,814.5,7.905,7.895,7.591
2021-05-06,7,889.21,783.44,7.72,7.577,7.584
2021-05-07,7,810.16,760.49,7.724,7.628,7.577
2021-05-08,7,784.88,804.63,7.752,7.662,7.57
2021-05-09,7,862.85,818.24,7.687,7.655,7.563
2021-05-10,7,922.73,783.23,7.653,7.614,7.556
2021-05-11,7,918.88,843.15,7.798,7.71,7.549
2021-05-12,7,917.1,881.25,7.666,7.625,7.541
2021-05-13,7,1075.3,873.9,7.797,7.69,7.533
2021-05-14,7,964.63,844.14,7.65,7.578,7.526
2021-05-15,7,879.51,788.56,7.666,7.553,7.518
2021-05-16,7,949.2,882.66,7.648,7.591,7.509
2021-05-17,7,961.63,867.57,7.67,7.58,7.501
2021-05-18,7,1174.38,882.31,7.809,7.794,7.493
2021-05-19,7,1030.09,940.4,7.842,7.79,7.484
2021-05-20,7,1105.16,849.08,7.948,7.886,7.475
2021-05-21,7,984.02,782.75,7.9,7.939,7.466
2021-05-22,7,1047.97,852.0,7.892,7.861,7.457
2021-05-23,7,1143.27,911.43,7.691,7.622,7.448
2021-05-24,7,1032.06,900.94,7.694,7.615,7.439
2021-05-25,7,971.46,863.03,7.797,7.688,7.429
2021-05-26,7,1179.94,861.44,7.831,7.778,7.42
2021-05-27,7,1181.79,904.22,7.718,7.684,7.41
2021-05-28,7,946.04,878.44,7.694,7.549,7.4
2021-05-29,7,1157.29,945.58,7.852,7.734,7.39
2021-05-30,7,1230.71,918.14,7.785,7.709,7.38
2021-05-31,7,1142.31,915.61,7.805,7.7,7.37
2021-06-01,7,1254.35,915.85,7.674,7.627,7.36
2021-06-02,7,1294.72,956.23,7.658,7.617,7.349
2021-06-03,7,1106.77,952.91,7.765,7.709,7.339
2021-06-04,7,1211.52,962.64,7.657,7.635,7.328
2021-06-05,7,979.42,965.76,7.419,7.339,7.318
2021-06-06,7,901.79,960.51,7.384,7.331,7.307
2021-06-07,7,868.45,930.16,7.405,7.305,7.296
2021-06-08,7,930.05,943.72,7.505,7.469,7.285
2021-06-09,7,956.87,958.09,7.303,7.257,7.274
2021-06-10,7,1122.49,1046.46,7.463,7.353,7.263
2021-06-11,7,1052.91,928.88,7.345,7.287,7.252
2021-06-12,7,1050.68,962.96,7.374,7.322,7.24
2021-06-13,7,1090.3,982.22,7.367,7.331,7.229
2021-06-14,7,996.73,968.95,7.35,7.316,7.218
2021-06-15,7,1117.5,1017.54,7.333,7.247,7.206
2021-06-16,7,1006.11,969.15,7.309,7.297,7.195
2021-06-17,7,985.61,971.35,7.287,7.263,7.183
2021-06-18,7,1432.14,1007.3,7.627,7.541,7.171
2021-06-19,7,1127.99,1041.0,7.512,7.405,7.16
2021-06-20,7,1148.53,1025.35,7.488,7.405,7.148
2021-06-21,7,1260.81,969.39,7.435,7.311,7.136
2021-06-22,7,1211.55,970.17,7.442,7.402,7.124
2021-06-23,7,1121.45,970.92,7.411,7.42,7.112
2021-06-24,7,1151.8,971.47,7.512,7.533,7.101
2021-06-25,7,1116.37,933.38,7.378,7.274,7.089
2021-06-26,7,1330.97,992.23,7.247,7.236,7.077
2021-06-27,7,1316.15,962.8,7.419,7.374,7.065
2021-06-28,7,1330.9,949.85,7.38,7.21,7.053
2021-06-29,7,1031.49,902.53,7.344,7.277,7.041
2021-06-30,7,1096.3,944.57,7.452,7.379,7.029
2021-07-01,7,1006.48,871.3,7.148,7.158,7.017
2021-07-02,7,1252.52,912.18,7.481,7.387,7.005
2021-07-03,7,1183.02,907.65,7.427,7.405,6.992
2021-07-04,7,1189.74,932.1,7.28,7.225,6.98
2021-07-05,7,1265.73,982.43,7.282,7.16,6.968
2021-07-06,7,1178.33,931.15,7.347,7.269,6.956
2021-07-07,7,1128.7,956.27,7.337,7.363,6.944
2021-07-08,7,1006.59,922.58,7.032,6.973,6.932
2021-07-09,7,966.58,933.8,6.941,6.936,6.92
2021-07-10,7,909.96,953.87,7.228,7.22,6.908
2021-07-11,7,940.05,857.75,7.123,7.051,6.897
2021-07-12,7,863.6,850.05,7.047,6.933,6.885
2021-07-13,7,957.16,896.05,7.037,6.929,6.873
2021-07-14,7,902.03,867.33,7.061,7.083,6.861
2021-07-15,7,975.71,870.15,7.058,7.016,6.849
2021-07-16,7,906.3,848.9,6.821,6.684,6.837
2021-07-17,7,814.89,832.11,6.948,6.939,6.826
2021-07-18,7,1173.06,905.3,7.128,6.988,6.814
2021-07-19,7,1046.4,805.93,7.14,7.048,6.803
2021-07-20,7,1133.37,864.57,7.203,7.157,6.791
2021-07-21,7,1157.12,855.31,6.986,7.062,6.78
2021-07-22,7,950.22,778.41,7.01,7.001,6.768
2021-07-23,7,1060.92,801.64,7.052,6.978,6.757
2021-07-24,7,911.16,804.9,7.108,7.059,6.746
2021-07-25,7,1065.78,845.59,7.151,7.147,6.734
2021-07-26,7,1012.24,811.07,7.204,7.225,6.723
2021-07-27,7,1135.52,819.38,7.039,6.977,6.712
2021-07-28,7,968.52,770.2,7.118,7.057,6.701
2021-07-29,7,1189.21,901.85,7.097,7.006,6.69
2021-07-30,7,928.7,822.54,7.073,7.056,6.68
2021-07-31,7,1040.07,837.51,7.017,7.018,6.669
2021-08-01,7,963.66,801.52,6.977,6.83,6.659
2021-08-02,7,1172.04,798.37,6.913,6.843,6.648
2021-08-03,7,1082.0,889.32,6.897,6.786,6.638
2021-08-04,7,965.61,756.83,7.005,6.963,6.627
2021-08-05,7,885.82,835.58,6.763,6.651,6.617
2021-08-06,7,725.07,785.69,6.724,6.608,6.607
2021-08-07,7,823.01,816.54,6.801,6.807,6.597
2021-08-08,7,878.18,811.34,6.722,6.663,6.588
2021-08-09,7,848.08,802.45,6.655,6.602,6.578
2021-08-10,7,728.96,841.79,6.697,6.669,6.568
2021-08-11,7,758.05,754.55,6.775,6.773,6.559
2021-08-12,7,947.81,837.53,6.618,6.547,6.55
2021-08-13,7,932.3,849.82,6.707,6.637,6.541
2021-08-14,7,929.47,810.03,6.677,6.607,6.531
2021-08-15,7,888.99,915.4,6.612,6.616,6.523
2021-08-16,7,975.75,846.66,6.64,6.587,6.514
2021-08-17,7,904.47,864.33,6.53,6.465,6.505
2021-08-18,7,1197.86,857.22,6.856,6.825,6.497
2021-08-19,7,1118.48,880.51,6.729,6.771,6.489
2021-08-20,7,1033.91,934.65,6.916,6.87,6.48
2021-08-21,7,1312.49,980.98,6.815,6.752,6.472
2021-08-22,7,1143.28,926.1,6.769,6.816,6.465
2021-08-23,7,1170.05,943.66,6.9,6.916,6.457
2021-08-24,7,1120.53,971.21,6.717,6.726,6.449
2021-08-25,7,1295.27,925.34,6.732,6.657,6.442
2021-08-26,7,1200.07,977.01,6.639,6.559,6.435
2021-08-27,7,1333.32,955.1,6.883,6.741,6.428
2021-08-28,7,1158.38,937.58,6.921,6.919,6.421
2021-08-29,7,1135.78,949.82,6.63,6.584,6.414
2021-08-30,7,1208.63,878.64,6.693,6.552,6.408
2021-08-31,7,1210.09,957.25,6.757,6.767,6.401
2021-09-01,7,1135.12,897.39,6.704,6.637,6.395
2021-09-02,7,1049.19,898.69,6.737,6.676,6.389
2021-09-03,7,1191.7,966.2,6.724,6.598,6.384
2021-09-04,7,1205.23,924.05,6.761,6.735,6.378
2021-09-05,7,913.97,966.07,6.446,6.421,6.372
2021-09-06,7,980.82,974.13,6.533,6.48,6.367
2021-09-07,7,994.32,978.31,6.423,6.352,6.362
2021-09-08,7,994.67,942.53,6.474,6.556,6.357
2021-09-09,7,1177.17,1007.54,6.364,6.254,6.353
2021-09-10,7,999.84,974.5,6.466,6.38,6.348
2021-09-11,7,989.01,994.22,6.448,6.433,6.344
2021-09-12,7,1190.59,937.69,6.565,6.465,6.34
2021-09-13,7,988.65,973.71,6.481,6.377,6.336
2021-09-14,7,1053.74,1018.36,6.492,6.499,6.332
2021-09-15,7,1035.18,1013.52,6.477,6.457,6.329
2021-09-16,7,977.37,950.88,6.305,6.279,6.325
2021-09-17,7,1012.42,958.53,6.312,6.272,6.322
2021-09-18,7,1265.03,941.48,6.644,6.559,6.319
2021-09-19,7,1238.77,951.2,6.689,6.626,6.317
2021-09-20,7,1251.66,922.94,6.645,6.591,6.314
2021-09-21,7,1305.4,964.45,6.593,6.585,6.312
2021-09-22,7,1271.87,988.48,6.64,6.612,6.31
2021-09-23,7,1216.33,935.56,6.632,6.535,6.308
2021-09-24,7,1299.3,956.28,6.718,6.708,6.306
2021-09-25,7,1119.51,947.86,6.712,6.579,6.305
2021-09-26,7,1452.74,988.35,6.609,6.543,6.303
2021-09-27,7,1137.58,925.62,6.648,6.541,6.302
2021-09-28,7,1145.38,922.26,6.674,6.581,6.301
2021-09-29,7,1065.07,907.95,6.685,6.731,6.301
2021-09-30,7,1049.34,892.73,6.783,6.659,6.3
2021-10-01,7,1274.98,945.88,6.648,6.557,6.3
2021-10-02,7,1331.6,917.32,6.744,6.719,6.3
2021-10-03,7,1124.88,918.55,6.557,6.484,6.3
2021-10-04,7,1240.35,955.75,6.6,6.557,6.301
2021-10-05,7,1226.07,952.2,6.48,6.502,6.301
2021-10-06,7,1137.23,842.38,6.664,6.647,6.302
2021-10-07,7,1327.49,917.09,6.705,6.631,6.303
2021-10-08,7,1050.72,896.76,6.25,6.193,6.304
2021-10-09,7,894.01,867.21,6.471,6.447,6.306
2021-10-10,7,971.51,889.42,6.505,6.487,6.307
2021-10-11,7,893.64,812.21,6.503,6.454,6.309
2021-10-12,7,963.11,918.65,6.365,6.333,6.311
2021-10-13,7,847.29,880.47,6.525,6.493,6.313
2021-10-14,7,815.82,827.32,6.466,6.412,6.316
2021-10-15,7,950.58,832.49,6.516,6.435,6.318
2021-10-16,7,907.39,788.97,6.461,6.448,6.321
2021-10-17,7,861.27,833.44,6.505,6.469,6.324
2021-10-18,7,1063.24,823.65,6.766,6.612,6.327
2021-10-19,7,1079.76,790.58,6.664,6.573,6.331
2021-10-20,7,975.92,860.86,6.707,6.633,6.334
2021-10-21,7,1080.51,875.41,6.788,6.728,6.338
2021-10-22,7,1183.99,827.14,6.682,6.692,6.342
2021-10-23,7,1054.73,815.13,6.606,6.717,6.347
2021-10-24,7,989.9,839.14,6.755,6.582,6.351
2021-10-25,7,1051.26,821.69,6.82,6.786,6.356
2021-10-26,7,1058.85,783.34,6.813,6.767,6.36
2021-10-27,7,850.46,797.59,6.773,6.714,6.365
2021-10-28,7,1039.71,809.67,6.533,6.51,6.37
2021-10-29,7,1027.81,828.74,6.675,6.632,6.376
2021-10-30,7,934.56,820.77,6.685,6.617,6.381
2021-10-31,7,1057.73,828.58,6.741,6.692,6.387
2021-11-01,7,968.25,769.01,6.878,6.856,6.393
2021-11-02,7,1074.31,847.2,6.663,6.636,6.399
2021-11-03,7,1025.95,825.94,6.935,6.894,6.405
2021-11-04,7,1090.2,917.44,6.731,6.652,6.412
2021-11-05,7,762.91,817.15,6.507,6.598,6.418
2021-11-06,7,840.57,845.0,6.643,6.611,6.425
2021-11-07,7,1047.14,935.98,6.656,6.644,6.432
2021-11-08,7,905.53,847.34,6.641,6.566,6.439
2021-11-09,7,879.53,842.06,6.535,6.495,6.447
2021-11-10,7,787.05,814.03,6.644,6.603,6.454
2021-11-11,7,924.71,906.47,6.529,6.384,6.462
2021-11-12,7,906.11,817.04,6.556,6.47,6.47
2021-11-13,7,956.74,877.39,6.62,6.533,6.478
2021-11-14,7,861.01,850.89,6.57,6.49,6.486
2021-11-15,7,728.47,866.01,6.728,6.625,6.494
2021-11-16,7,824.9,828.11,6.606,6.558,6.502
2021-11-17,7,941.09,930.38,6.643,6.663,6.511
2021-11-18,7,1052.85,879.14,6.799,6.756,6.52
2021-11-19,7,1053.9,851.89,6.962,6.853,6.529
2021-11-20,7,1260.54,943.84,6.835,6.733,6.538
2021-11-21,7,1125.26,887.94,6.989,6.92,6.547
2021-11-22,7,1245.36,922.85,6.992,6.871,6.556
2021-11-23,7,1087.71,946.08,6.88,6.846,6.566
2021-11-24,7,1169.58,938.64,6.928,6.946,6.576
2021-11-25,7,948.62,850.48,6.898,6.819,6.585
2021-11-26,7,1183.16,956.88,6.99,6.943,6.596
2021-11-27,7,1108.77,934.04,6.941,6.869,6.606
2021-11-28,7,1278.43,930.88,6.933,6.852,6.616
2021-11-29,7,1229.74,943.21,6.981,6.94,6.627
2021-11-30,7,1210.47,895.07,6.862,6.778,6.637
2021-12-01,7,1190.41,962.3,6.993,6.903,6.648
2021-12-02,7,1084.97,911.7,7.062,6.931,6.659
2021-12-03,7,1132.0,953.04,7.033,6.986,6.671
2021-12-04,7,1256.98,971.79,7.11,7.113,6.682
2021-12-05,7,1427.16,1006.87,7.016,7.001,6.694
2021-12-06,7,1024.35,943.22,6.821,6.846,6.706
2021-12-07,7,1049.1,1024.98,6.782,6.698,6.719
2021-12-08,7,1048.56,1009.22,6.851,6.844,6.731
2021-12-09,7,1012.86,962.59,7.055,6.949,6.744
2021-12-10,7,1144.51,939.98,6.933,6.919,6.758
2021-12-11,7,1073.02,929.03,6.879,6.911,6.771
2021-12-12,7,1066.7,989.46,6.86,6.835,6.786
2021-12-13,7,1018.2,954.15,6.828,6.861,6.8
2021-12-14,7,1106.87,1021.54,6.905,6.825,6.815
2021-12-15,7,1051.01,955.0,7.049,6.992,6.831
2021-12-16,7,974.02,946.1,6.971,6.875,6.847
2021-12-17,7,981.14,984.26,6.947,6.898,6.864
2021-12-18,7,1300.72,950.16,7.175,7.138,6.882
2021-12-19,7,1254.51,972.2,7.314,7.266,6.901
2021-12-20,7,1372.24,1003.79,7.277,7.203,6.92
2021-12-21,7,1383.52,970.43,7.255,7.181,6.94
2021-12-22,7,1295.0,967.27,7.304,7.271,6.962
2021-12-23,7,1285.03,966.63,7.53,7.472,6.984
2021-12-24,7,1398.84,896.31,7.477,7.37,7.008
2021-12-25,7,1279.36,965.14,7.525,7.38,7.033
2021-12-26,7,1168.51,952.62,7.297,7.217,7.059
2021-12-27,7,1262.56,973.64,7.456,7.337,7.088
2021-12-28,7,1389.53,958.76,7.45,7.358,7.117
2021-12-29,7,1136.63,925.47,7.581,7.51,7.149
2021-12-30,7,1232.02,963.5,7.66,7.603,7.183
2021-12-31,7,1308.72,911.81,7.642,7.559,7.218
2022-01-01,7,1234.06,925.28,7.59,7.649,7.256
2022-01-02,7,1220.81,900.24,7.653,7.54,7.297
2022-01-03,7,1346.76,921.74,7.805,7.816,7.34
2022-01-04,7,1178.71,886.82,7.866,7.808,7.386
2022-01-05,7,1219.83,952.08,7.876,7.793,7.434
2022-01-06,7,1248.14,959.47,7.935,7.915,7.486
2022-01-07,7,1346.14,913.95,7.993,7.92,7.541
2022-01-08,7,1157.95,931.89,7.879,7.788,7.6
2022-01-09,7,968.74,818.77,7.987,8.026,7.662
2022-01-10,7,951.71,817.71,8.057,7.897,7.728
2022-01-11,7,1067.6,851.19,8.091,8.028,7.797
2022-01-12,7,1190.57,859.05,8.172,8.131,7.871
2022-01-13,7,1059.12,846.04,8.261,8.281,7.95
2022-01-14,7,1019.98,791.1,8.302,8.233,8.032
2022-01-15,7,1125.57,884.73,8.404,8.487,8.119
2022-01-16,7,1250.04,915.95,8.62,8.608,8.211
2022-01-17,7,1278.14,881.79,8.633,8.465,8.308
2022-01-18,7,1605.23,871.67,9.075,8.953,8.409
2022-01-19,7,1443.56,838.63,9.132,9.094,8.515
2022-01-20,7,1383.83,798.59,9.334,9.226,8.626
2022-01-21,7,1525.07,828.36,9.457,9.434,8.742
2022-01-22,7,1673.41,897.61,9.617,9.545,8.863
2022-01-23,7,1458.6,810.06,9.662,9.552,8.989
2022-01-24,7,1667.65,805.29,9.888,9.79,9.12
2022-01-25,7,1655.01,859.19,10.076,10.068,9.255
2022-01-26,7,1713.78,861.13,10.06,9.909,9.396
2022-01-27,7,1628.12,790.37,10.493,10.495,9.54
2022-01-28,7,1695.21,811.29,10.715,10.719,9.689
2022-01-29,7,1793.2,803.65,10.792,10.726,9.842
2022-01-30,7,1741.03,824.82,10.968,10.848,9.999
2022-01-31,7,1958.48,862.54,11.142,11.12,10.159
2022-02-01,7,1812.41,797.68,11.265,11.19,10.323
2022-02-02,7,2069.87,866.23,11.481,11.355,10.489
2022-02-03,7,1957.62,834.28,11.768,11.814,10.657
2022-02-04,7,2186.28,915.09,11.817,11.723,10.828
2022-02-05,7,1958.94,848.12,11.816,11.692,11.0
2022-02-06,7,1954.08,837.16,12.076,12.04,11.173
2022-02-07,7,1983.68,864.54,12.368,12.314,11.346
2022-02-08,7,2110.61,836.78,12.453,12.478,11.52
2022-02-09,7,1997.18,790.14,12.711,12.642,11.692
2022-02-10,7,2137.45,849.19,12.926,12.857,11.864
2022-02-11,7,2166.88,853.47,13.056,13.023,12.033
2022-02-12,7,2157.62,811.73,13.141,13.101,12.2
2022-02-13,7,2378.19,870.08,13.45,13.412,12.363
2022-02-14,7,2097.16,805.6,13.744,13.708,12.523
2022-02-15,7,2447.76,871.2,13.948,13.906,12.678
2022-02-16,7,2583.57,897.39,14.128,14.057,12.828
2022-02-17,7,2409.61,897.81,14.31,14.302,12.972
2022-02-18,7,2790.54,885.61,14.576,14.508,13.11
2022-02-19,7,2916.95,902.59,14.715,14.706,13.241
2022-02-20,7,2881.81,883.69,14.96,14.979,13.364
2022-02-21,7,3039.53,917.01,15.05,14.966,13.48
2022-02-22,7,3009.87,924.08,15.267,15.337,13.586
2022-02-23,7,2893.68,895.85,15.341,15.255,13.683
2022-02-24,7,3010.41,941.91,15.517,15.432,13.771
2022-02-25,7,3267.02,946.71,15.47,15.447,13.848
2022-02-26,7,3221.71,936.58,15.672,15.644,13.916
2022-02-27,7,3604.64,1031.76,15.816,15.77,13.972
2022-02-28,7,3175.67,946.5,21.712,21.702,20.018
2022-03-01,7,3297.83,945.8,21.787,21.75,20.052
2022-03-02,7,3124.88,944.67,21.7,21.753,20.075
2022-03-03,7,3122.04,929.06,21.858,21.806,20.087
2022-03-04,7,3404.95,990.33,21.876,21.784,20.087
2022-03-05,7,3285.33,945.26,21.732,21.654,20.076
2022-03-06,7,3377.32,952.03,21.79,21.764,20.054
2022-03-07,7,3229.99,955.34,21.724,21.698,20.02
2022-03-08,7,2913.69,941.61,21.478,21.438,19.976
2022-03-09,7,2813.31,916.34,21.444,21.351,19.92
2022-03-10,7,2950.34,962.58,21.34,21.345,19.855
2022-03-11,7,3304.08,1010.13,21.195,21.242,19.779
2022-03-12,7,3082.8,986.85,21.169,21.12,19.694
2022-03-13,7,3227.25,1034.57,21.076,21.116,19.599
2022-03-14,7,2992.91,1005.85,20.817,20.81,19.496
2022-03-15,7,2947.56,997.12,20.725,20.786,19.384
2022-03-16,7,3100.51,1043.52,20.439,20.413,19.265
2022-03-17,7,2754.25,972.68,20.474,20.431,19.139
2022-03-18,7,2952.06,976.38,20.564,20.557,19.006
2022-03-19,7,2861.67,971.5,20.278,20.206,18.868
2022-03-20,7,2982.91,1023.31,20.135,20.105,18.724
2022-03-21,7,2806.82,966.41,19.927,19.944,18.576
2022-03-22,7,2617.17,940.35,19.73,19.721,18.424
2022-03-23,7,2762.91,980.02,19.591,19.539,18.268
2022-03-24,7,2563.87,927.0,19.318,19.278,18.11
2022-03-25,7,2594.7,970.09,19.168,19.156,17.95
2022-03-26,7,2469.6,961.51,18.919,18.905,17.788
2022-03-27,7,2422.23,935.76,18.842,18.83,17.626
2022-03-28,7,2379.19,957.36,18.618,18.585,17.464
2022-03-29,7,2179.07,880.47,18.368,18.277,17.302
2022-03-30,7,2337.34,933.07,18.21,18.127,17.14
2022-03-31,7,2050.36,905.85,17.996,17.969,16.981
2022-04-01,7,2526.54,1016.81,17.915,17.906,16.822
2022-04-02,7,2065.18,916.59,17.6,17.585,16.667
2022-04-03,7,1982.51,884.71,17.501,17.417,16.514
2022-04-04,7,1786.81,851.76,17.212,17.155,16.364
2022-04-05,7,2068.86,940.11,17.157,17.048,16.217
2022-04-06,7,1798.65,876.62,17.002,16.883,16.074
2022-04-07,7,1697.9,855.67,16.838,16.792,15.935
2022-04-08,7,1517.16,889.72,16.506,16.524,15.8
2022-04-09,7,1510.25,895.38,16.255,16.21,15.67
2022-04-10,7,1512.56,889.65,16.178,16.224,15.544
2022-04-11,7,1416.11,863.13,10.063,10.005,9.423
2022-04-12,7,1368.49,863.18,9.703,9.655,9.306
2022-04-13,7,1287.44,861.1,9.61,9.51,9.194
2022-04-14,7,1252.33,860.35,9.41,9.342,9.087
2022-04-15,7,1243.44,859.3,9.491,9.382,8.985
2022-04-16,7,1308.76,878.85,9.169,9.041,8.888
2022-04-17,7,1237.77,838.93,9.035,8.927,8.795
2022-04-18,7,1350.86,805.09,9.184,9.139,8.707
2022-04-19,7,1310.61,825.67,9.033,8.946,8.624
2022-04-20,7,1361.19,854.48,9.099,9.024,8.545
2022-04-21,7,1164.21,763.3,8.901,8.872,8.47
2022-04-22,7,1048.86,761.59,8.769,8.641,8.4
2022-04-23,7,1263.5,854.52,8.822,8.776,8.334
2022-04-24,7,1264.89,874.42,8.752,8.744,8.272
2022-04-25,7,1067.57,776.16,8.531,8.528,8.213
2022-04-26,7,1150.07,823.56,8.559,8.534,8.158
2022-04-27,7,1158.43,806.06,8.549,8.496,8.107
2022-04-28,7,1071.99,811.31,8.469,8.388,8.059
2022-04-29,7,1116.29,831.91,8.418,8.364,8.014
2022-04-30,7,1173.7,777.13,8.489,8.521,7.972
2022-05-01,7,979.11,785.16,8.52,8.483,7.932
2022-05-02,7,1100.83,815.28,8.28,8.224,7.895
2022-05-03,7,1038.75,823.01,8.159,8.137,7.861
2022-05-04,7,1018.14,791.31,8.208,8.161,7.829
2022-05-05,7,1139.58,861.31,8.207,8.169,7.799
2022-05-06,7,849.23,822.34,7.955,7.893,7.771
2022-05-07,7,950.54,825.78,7.978,7.907,7.745
2022-05-08,7,1031.44,854.32,8.078,8.077,7.72
2022-05-09,7,980.13,844.07,7.737,7.59,7.697
2022-05-10,7,1033.15,882.29,7.809,7.783,7.675
2022-05-11,7,803.7,824.94,7.949,7.876,7.655
2022-05-12,7,863.37,813.53,7.763,7.617,7.635
2022-05-13,7,954.75,856.62,7.847,7.748,7.617
2022-05-14,7,1000.44,874.75,7.815,7.763,7.6
2022-05-15,7,1010.96,834.52,7.845,7.8,7.583
2022-05-16,7,963.48,834.8,7.882,7.869,7.567
2022-05-17,7,1018.86,895.25,7.739,7.73,7.552
2022-05-18,7,1297.54,867.9,7.757,7.63,7.538
2022-05-19,7,1095.65,849.16,7.826,7.795,7.524
2022-05-20,7,1181.59,939.37,8.042,8.029,7.51
2022-05-21,7,1150.19,889.02,7.74,7.701,7.497
2022-05-22,7,1153.18,956.88,7.88,7.855,7.485
2022-05-23,7,1183.97,923.05,7.625,7.479,7.472
2022-05-24,7,1067.22,937.68,7.706,7.606,7.46
2022-05-25,7,1140.79,925.14,7.872,7.891,7.448
2022-05-26,7,1068.87,844.63,7.792,7.728,7.436
2022-05-27,7,1218.56,902.61,7.747,7.808,7.425
2022-05-28,7,1284.23,942.62,7.7,7.586,7.413
2022-05-29,7,1153.11,964.19,7.594,7.622,7.402
2022-05-30,7,1284.65,892.93,7.798,7.717,7.39
2022-05-31,7,1229.62,957.58,7.708,7.701,7.379
2022-06-01,7,1192.68,923.76,7.597,7.533,7.368
2022-06-02,7,1113.13,974.53,7.71,7.666,7.357
2022-06-03,7,1183.43,968.6,7.743,7.723,7.346
2022-06-04,7,1352.36,997.93,7.669,7.589,7.334
2022-06-05,7,1076.85,1011.51,7.483,7.473,7.323
2022-06-06,7,1051.16,992.15,7.466,7.402,7.312
2022-06-07,7,1077.17,1007.74,7.395,7.354,7.301
2022-06-08,7,903.85,966.52,7.444,7.262,7.29
2022-06-09,7,1124.51,1078.37,7.487,7.421,7.278
2022-06-10,7,1090.17,937.29,7.5,7.513,7.267
2022-06-11,7,1093.49,961.48,7.469,7.454,7.256
2022-06-12,7,1051.85,1011.11,7.34,7.335,7.244
2022-06-13,7,1181.38,1005.13,7.434,7.386,7.233
2022-06-14,7,944.44,994.68,7.408,7.442,7.221
2022-06-15,7,972.17,999.72,7.303,7.267,7.21
2022-06-16,7,1080.82,901.25,7.311,7.228,7.198
2022-06-17,7,1126.55,1027.53,7.391,7.383,7.186
2022-06-18,7,1199.79,962.15,7.635,7.631,7.175
2022-06-19,7,1278.23,1009.93,7.368,7.349,7.163
2022-06-20,7,1075.18,891.87,7.632,7.562,7.151
2022-06-21,7,1251.39,968.43,7.582,7.546,7.139
2022-06-22,7,1203.35,935.85,7.493,7.513,7.127
2022-06-23,7,1235.32,971.45,7.446,7.42,7.115
2022-06-24,7,1127.95,958.12,7.485,7.361,7.104
2022-06-25,7,1233.37,955.21,7.39,7.309,7.092
2022-06-26,7,1105.5,900.49,7.415,7.332,7.08
2022-06-27,7,1108.41,930.55,7.3,7.212,7.068
2022-06-28,7,1263.09,921.06,7.266,7.111,7.056
2022-06-29,7,1356.09,939.39,7.58,7.625,7.044
2022-06-30,7,1355.94,951.26,7.387,7.293,7.032
2022-07-01,7,1211.5,916.4,7.386,7.296,7.02
2022-07-02,7,1075.08,860.91,7.355,7.208,7.008
2022-07-03,7,1142.7,903.77,7.279,7.273,6.996
2022-07-04,7,1283.97,985.81,7.309,7.254,6.983
2022-07-05,7,1170.21,946.48,7.329,7.261,6.971
2022-07-06,7,1071.88,779.26,7.294,7.229,6.959
2022-07-07,7,974.47,880.17,7.237,7.217,6.947
2022-07-08,7,929.11,905.26,7.124,7.05,6.935
2022-07-09,7,959.32,861.08,7.088,6.939,6.923
2022-07-10,7,831.43,846.34,7.093,6.978,6.911
2022-07-11,7,874.38,848.26,7.106,6.989,6.9
2022-07-12,7,957.35,872.3,7.024,6.988,6.888
2022-07-13,7,946.99,808.38,7.012,7.009,6.876
2022-07-14,7,838.62,886.03,7.132,7.156,6.864
2022-07-15,7,788.74,838.59,6.927,6.795,6.852
2022-07-16,7,783.58,804.23,6.84,6.821,6.84
2022-07-17,7,809.3,873.03,7.023,6.942,6.829
2022-07-18,7,895.22,776.64,7.117,7.213,6.817
2022-07-19,7,964.08,808.66,7.069,7.088,6.805
2022-07-20,7,1102.9,805.82,7.215,7.25,6.794
2022-07-21,7,1119.23,898.95,7.121,7.111,6.782
2022-07-22,7,1015.97,798.4,7.02,6.989,6.771
2022-07-23,7,890.15,745.79,7.264,7.194,6.76
2022-07-24,7,1056.65,800.07,6.97,6.89,6.748
2022-07-25,7,1187.16,835.99,7.08,6.99,6.737
2022-07-26,7,1016.13,847.49,6.925,6.906,6.726
2022-07-27,7,1267.35,900.12,7.087,7.115,6.715
2022-07-28,7,1130.86,870.46,7.003,6.935,6.704
2022-07-29,7,1053.89,828.95,7.109,7.023,6.693
2022-07-30,7,1032.12,792.72,7.031,6.907,6.682
2022-07-31,7,1148.56,882.67,7.13,7.092,6.672
2022-08-01,7,1156.41,815.2,6.977,6.988,6.661
2022-08-02,7,1059.37,807.68,6.872,6.886,6.651
2022-08-03,7,1075.69,819.08,7.009,7.028,6.64
2022-08-04,7,980.53,793.13,6.96,6.931,6.63
2022-08-05,7,920.82,824.27,6.624,6.579,6.62
2022-08-06,7,814.07,836.27,6.675,6.689,6.61
2022-08-07,7,925.48,874.15,6.691,6.585,6.6
2022-08-08,7,1074.98,839.39,6.864,6.792,6.59
2022-08-09,7,690.99,813.25,6.787,6.822,6.58
2022-08-10,7,861.66,806.31,6.693,6.589,6.571
2022-08-11,7,937.54,874.8,6.749,6.697,6.561
2022-08-12,7,902.97,875.18,6.539,6.52,6.552
2022-08-13,7,887.43,858.55,6.648,6.602,6.543
2022-08-14,7,916.7,867.01,6.716,6.723,6.534
2022-08-15,7,929.39,902.46,6.688,6.714,6.525
2022-08-16,7,1006.99,943.09,6.623,6.597,6.516
2022-08-17,7,882.29,872.69,6.654,6.674,6.507
2022-08-18,7,1301.06,908.69,6.876,6.78,6.499
2022-08-19,7,1180.69,944.67,6.84,6.782,6.491
2022-08-20,7,1170.16,889.47,6.901,6.972,6.482
2022-08-21,7,1120.99,921.5,6.85,6.897,6.474
2022-08-22,7,1245.19,926.03,6.857,6.744,6.467
2022-08-23,7,1178.06,886.64,6.946,6.895,6.459
2022-08-24,7,1229.83,943.46,6.867,6.824,6.451
2022-08-25,7,1120.7,943.5,6.933,6.904,6.444
2022-08-26,7,1169.22,966.45,6.733,6.747,6.437
2022-08-27,7,1278.29,909.88,6.652,6.694,6.43
2022-08-28,7,1155.63,955.92,6.761,6.713,6.423
2022-08-29,7,1331.59,1007.81,6.748,6.754,6.416
2022-08-30,7,1237.13,1035.75,6.876,6.859,6.409
2022-08-31,7,1365.7,1011.13,6.663,6.612,6.403
2022-09-01,7,1127.7,928.08,6.741,6.606,6.397
2022-09-02,7,1178.26,987.69,6.773,6.774,6.391
2022-09-03,7,1161.17,957.26,6.743,6.723,6.385
2022-09-04,7,1208.56,986.02,6.716,6.685,6.379
2022-09-05,7,1028.9,950.6,6.553,6.453,6.374
2022-09-06,7,969.85,918.81,6.605,6.653,6.369
2022-09-07,7,931.11,967.5,6.636,6.594,6.363
2022-09-08,7,1053.26,1005.24,6.511,6.404,6.359
2022-09-09,7,948.96,990.03,6.439,6.323,6.354
2022-09-10,7,1094.51,993.66,6.622,6.606,6.349
2022-09-11,7,1100.92,986.36,6.409,6.394,6.345
2022-09-12,7,1039.47,991.78,6.634,6.561,6.341
2022-09-13,7,1065.96,994.62,6.594,6.567,6.337
2022-09-14,7,1147.99,964.56,6.602,6.586,6.333
2022-09-15,7,1011.25,974.8,6.534,6.491,6.33
2022-09-16,7,1003.98,1030.3,6.307,6.222,6.326
2022-09-17,7,1064.86,971.29,6.39,6.388,6.323
2022-09-18,7,1137.56,964.53,6.695,6.686,6.32
2022-09-19,7,1206.85,963.05,6.613,6.592,6.317
2022-09-20,7,1158.47,947.95,6.639,6.548,6.315
2022-09-21,7,1136.39,936.19,6.711,6.595,6.312
2022-09-22,7,1192.9,954.33,6.647,6.6,6.31
2022-09-23,7,1240.93,924.69,6.561,6.557,6.308
2022-09-24,7,1266.71,932.46,6.727,6.729,6.307
2022-09-25,7,1216.23,904.87,6.696,6.675,6.305
2022-09-26,7,1207.61,931.14,6.634,6.561,6.304
2022-09-27,7,1177.54,942.5,6.709,6.619,6.303
2022-09-28,7,983.2,909.22,6.659,6.608,6.302
2022-09-29,7,1092.6,840.84,6.757,6.707,6.301
2022-09-30,7,1007.43,926.24,6.662,6.668,6.3
2022-10-01,7,1009.21,904.21,6.756,6.682,6.3
2022-10-02,7,1080.65,859.66,6.5,6.43,6.3
2022-10-03,7,1182.62,915.93,6.687,6.74,6.3
2022-10-04,7,1029.6,834.42,6.619,6.646,6.3
2022-10-05,7,1273.81,914.54,6.582,6.488,6.301
2022-10-06,7,1137.89,870.63,6.744,6.768,6.302
2022-10-07,7,985.1,788.05,6.724,6.618,6.303
2022-10-08,7,1008.46,868.68,6.293,6.222,6.304
2022-10-09,7,991.16,843.39,6.512,6.446,6.305
2022-10-10,7,909.34,833.49,6.504,6.45,6.307
2022-10-11,7,812.87,822.76,6.401,6.382,6.308
2022-10-12,7,845.0,839.97,6.394,6.349,6.31
2022-10-13,7,769.43,823.57,6.335,6.316,6.313
2022-10-14,7,807.95,771.97,6.438,6.368,6.315
2022-10-15,7,848.34,878.2,6.453,6.422,6.318
2022-10-16,7,841.63,822.17,6.534,6.488,6.32
2022-10-17,7,859.33,802.48,6.495,6.376,6.323
2022-10-18,7,873.85,786.33,6.592,6.566,6.327
2022-10-19,7,994.61,850.89,6.699,6.654,6.33
2022-10-20,7,955.2,776.93,6.663,6.578,6.334
2022-10-21,7,1045.43,825.9,6.613,6.541,6.337
2022-10-22,7,984.4,800.01,6.564,6.494,6.341
2022-10-23,7,1000.76,801.66,6.745,6.683,6.345
2022-10-24,7,948.26,781.42,6.736,6.773,6.35
2022-10-25,7,921.77,798.73,6.749,6.803,6.354
2022-10-26,7,1008.19,821.52,6.651,6.465,6.359
2022-10-27,7,1040.71,830.61,6.728,6.702,6.364
2022-10-28,7,991.68,796.42,6.609,6.607,6.369
2022-10-29,7,1052.11,822.64,6.646,6.585,6.374
2022-10-30,7,1119.97,859.19,6.733,6.729,6.38
2022-10-31,7,1023.24,772.53,6.757,6.789,6.386
2022-11-01,7,1016.25,833.46,6.611,6.493,6.392
2022-11-02,7,919.36,803.68,6.663,6.62,6.398
2022-11-03,7,1102.46,803.7,6.725,6.772,6.404
2022-11-04,7,1110.34,853.56,6.837,6.725,6.41
2022-11-05,7,807.62,829.49,6.502,6.446,6.417
2022-11-06,7,868.91,810.39,6.585,6.512,6.424
2022-11-07,7,1026.39,903.96,6.6,6.603,6.43
2022-11-08,7,1063.14,894.65,6.568,6.577,6.438
2022-11-09,7,855.86,799.83,6.616,6.574,6.445
2022-11-10,7,931.69,821.03,6.495,6.446,6.452
2022-11-11,7,856.69,898.72,6.557,6.421,6.46
2022-11-12,7,914.56,873.4,6.732,6.753,6.467
2022-11-13,7,963.23,941.39,6.746,6.678,6.475
2022-11-14,7,986.89,915.99,6.701,6.644,6.483
2022-11-15,7,1073.36,910.48,6.73,6.728,6.492
2022-11-16,7,930.69,869.82,6.504,6.464,6.5
2022-11-17,7,905.11,928.33,6.583,6.583,6.508
2022-11-18,7,1019.28,871.98,6.842,6.822,6.517
2022-11-19,7,1356.44,967.73,7.069,7.029,6.526
2022-11-20,7,1235.24,942.14,6.86,6.825,6.535
2022-11-21,7,1180.05,903.67,6.954,6.847,6.544
2022-11-22,7,1199.91,965.72,6.933,6.876,6.553
2022-11-23,7,1318.35,1020.85,6.941,6.945,6.562
2022-11-24,7,1118.87,939.41,6.92,6.825,6.572
2022-11-25,7,1262.84,970.69,6.836,6.75,6.582
2022-11-26,7,1105.99,940.46,6.725,6.631,6.591
2022-11-27,7,1194.63,962.44,7.054,7.011,6.601
2022-11-28,7,1109.25,910.29,6.912,6.932,6.611
2022-11-29,7,975.4,966.3,6.822,6.799,6.621
2022-11-30,7,1205.99,970.81,7.016,6.857,6.631
2022-12-01,7,1239.87,1034.87,7.025,7.007,6.642
2022-12-02,7,1142.07,911.35,7.063,6.991,6.652
2022-12-03,7,1227.28,966.25,7.102,7.077,6.662
2022-12-04,7,1443.49,1022.71,6.95,6.892,6.673
2022-12-05,7,1255.96,970.32,6.964,6.871,6.684
2022-12-06,7,1048.27,973.56,6.819,6.765,6.695
2022-12-07,7,1036.02,950.79,6.921,6.849,6.705
2022-12-08,7,1060.75,947.31,6.698,6.664,6.716
2022-12-09,7,994.72,915.66,6.888,6.793,6.727
2022-12-10,7,1026.16,956.76,6.963,6.857,6.739
2022-12-11,7,1043.8,943.0,6.971,6.958,6.75
2022-12-12,7,838.94,980.22,6.968,6.973,6.761
2022-12-13,7,1152.14,946.61,7.007,6.986,6.772
2022-12-14,7,1124.34,955.12,6.714,6.632,6.784
2022-12-15,7,1017.69,953.45,7.074,6.987,6.795
2022-12-16,7,903.83,964.64,6.983,6.899,6.807
2022-12-17,7,1083.23,944.54,7.075,7.07,6.818
2022-12-18,7,1120.11,922.29,7.086,6.995,6.83
2022-12-19,7,1258.33,958.57,7.052,7.046,6.842
2022-12-20,7,1154.28,988.78,7.346,7.328,6.854
2022-12-21,7,1377.91,951.52,7.141,7.153,6.865
2022-12-22,7,1063.46,921.05,7.202,7.206,6.877
2022-12-23,7,1190.37,933.25,7.281,7.258,6.889
2022-12-24,7,947.04,860.77,7.313,7.189,6.901
2022-12-25,7,1168.51,922.48,7.349,7.33,6.913
2022-12-26,7,1122.31,908.04,7.293,7.249,6.925
2022-12-27,7,1203.05,883.96,7.203,7.134,6.937
2022-12-28,7,1093.6,884.81,7.355,7.374,6.949
2022-12-29,7,1213.03,891.22,7.369,7.311,6.961
2022-12-30,7,1110.53,934.74,7.178,7.101,6.973
2022-12-31,7,1163.42,932.64,7.448,7.455,6.985
2023-01-01,7,1069.66,856.38,7.148,7.078,6.997
2023-01-02,7,1133.15,865.23,7.442,7.363,7.009
2023-01-03,7,1118.46,860.71,7.32,7.214,7.021
2023-01-04,7,1196.29,900.97,7.44,7.349,7.033
2023-01-05,7,1126.77,872.55,7.436,7.349,7.045
2023-01-06,7,1145.23,865.69,7.404,7.385,7.057
2023-01-07,7,1050.05,876.38,7.455,7.354,7.069
2023-01-08,7,899.59,832.1,7.224,7.081,7.081
2023-01-09,7,1056.45,896.31,7.3,7.265,7.093
2023-01-10,7,773.1,844.37,7.43,7.348,7.105
2023-01-11,7,882.83,810.59,7.16,7.109,7.117
2023-01-12,7,915.25,828.92,7.024,7.038,7.129
2023-01-13,7,1023.13,876.79,7.257,7.211,7.141
2023-01-14,7,904.02,815.84,7.264,7.289,7.152
2023-01-15,7,911.31,861.33,7.284,7.23,7.164
2023-01-16,7,871.8,803.94,7.252,7.252,7.176
2023-01-17,7,790.1,797.12,7.407,7.33,7.187
2023-01-18,7,1047.5,845.46,7.438,7.394,7.199
2023-01-19,7,919.61,790.63,7.596,7.5,7.21
2023-01-20,7,1179.54,849.23,7.623,7.532,7.222
2023-01-21,7,1087.07,832.36,7.609,7.547,7.233
2023-01-22,7,944.77,789.47,7.634,7.517,7.245
2023-01-23,7,1056.54,817.94,7.682,7.64,7.256
2023-01-24,7,1092.94,802.01,7.621,7.556,7.267
2023-01-25,7,1126.22,834.59,7.6,7.562,7.278
2023-01-26,7,1064.24,889.99,7.678,7.562,7.289
2023-01-27,7,828.53,812.85,7.698,7.683,7.3
2023-01-28,7,1102.19,846.78,7.732,7.767,7.311
2023-01-29,7,997.1,831.57,7.535,7.559,7.322
2023-01-30,7,1101.39,834.52,7.668,7.713,7.332
2023-01-31,7,1118.78,831.18,7.608,7.56,7.343
2023-02-01,7,1101.6,810.54,7.748,7.681,7.353
2023-02-02,7,1206.82,856.16,7.772,7.746,7.364
2023-02-03,7,1147.79,838.47,7.702,7.64,7.374
2023-02-04,7,1158.02,821.31,7.676,7.539,7.384
2023-02-05,7,1036.29,893.1,7.592,7.583,7.394
2023-02-06,7,1010.77,865.91,7.543,7.481,7.404
2023-02-07,7,899.64,859.48,7.678,7.554,7.414
2023-02-08,7,870.67,919.54,7.715,7.64,7.423
2023-02-09,7,1015.95,813.69,7.663,7.602,7.433
2023-02-10,7,978.98,927.92,7.611,7.561,7.442
2023-02-11,7,985.31,858.06,7.748,7.699,7.451
2023-02-12,7,907.21,901.82,7.63,7.648,7.461
2023-02-13,7,991.2,879.42,7.581,7.467,7.47
2023-02-14,7,746.13,873.28,7.574,7.517,7.478
2023-02-15,7,973.55,957.12,7.581,7.487,7.487
2023-02-16,7,1022.95,981.6,7.645,7.658,7.496
2023-02-17,7,993.86,914.31,7.691,7.613,7.504
2023-02-18,7,1273.2,939.1,7.749,7.682,7.512
2023-02-19,7,1105.06,934.53,7.835,7.837,7.521
2023-02-20,7,1320.32,998.13,7.896,7.912,7.529
2023-02-21,7,1188.13,868.43,7.938,7.962,7.536
2023-02-22,7,1399.69,960.22,7.892,7.76,7.544
2023-02-23,7,1228.33,925.97,7.921,7.895,7.552
2023-02-24,7,1076.76,873.11,7.81,7.773,7.559
2023-02-25,7,1106.15,946.83,7.843,7.791,7.566
2023-02-26,7,1455.6,1027.72,7.918,7.872,7.573
2023-02-27,7,1253.72,943.36,7.971,7.985,7.58
2023-02-28,7,1264.39,996.96,7.955,7.957,7.587
2023-03-01,7,1156.22,1013.86,7.875,7.87,7.593
2023-03-02,7,1164.1,973.73,7.93,7.891,7.599
2023-03-03,7,1294.49,980.3,8.076,8.14,7.605
2023-03-04,7,1191.27,917.55,8.005,7.935,7.611
2023-03-05,7,1062.72,953.72,7.954,7.823,7.617
2023-03-06,7,1335.54,1011.31,7.891,7.827,7.623
2023-03-07,7,1124.01,982.08,7.921,7.874,7.628
2023-03-08,7,1149.99,992.81,7.784,7.799,7.633
2023-03-09,7,1049.85,984.22,7.811,7.735,7.638
2023-03-10,7,1069.15,1055.5,7.839,7.813,7.643
2023-03-11,7,1086.93,962.56,7.829,7.705,7.648
2023-03-12,7,1113.08,1032.27,7.773,7.777,7.652
2023-03-13,7,1131.54,978.85,7.766,7.719,7.657
2023-03-14,7,1089.4,1031.2,7.974,7.91,7.661
2023-03-15,7,983.02,926.41,7.77,7.827,7.665
2023-03-16,7,999.23,972.79,7.715,7.718,7.668
2023-03-17,7,1016.69,949.26,7.691,7.589,7.672
2023-03-18,7,1355.69,964.33,7.997,7.941,7.675
2023-03-19,7,1227.76,998.36,8.103,8.19,7.678
2023-03-20,7,1275.15,964.68,7.985,8.034,7.681
2023-03-21,7,1187.25,989.74,8.152,8.148,7.684
2023-03-22,7,1015.11,918.94,8.036,7.893,7.686
2023-03-23,7,1169.21,908.76,8.127,8.144,7.688
2023-03-24,7,1212.69,933.1,7.98,7.898,7.691
2023-03-25,7,1167.88,926.01,7.983,7.999,7.692
2023-03-26,7,1053.17,915.55,8.051,7.965,7.694
2023-03-27,7,1143.01,883.08,8.084,8.059,7.696
2023-03-28,7,1230.73,953.09,8.032,7.95,7.697
2023-03-29,7,1070.47,892.88,8.071,8.003,7.698
2023-03-30,7,1103.53,949.91,8.096,8.077,7.699
2023-03-31,7,1118.41,894.87,7.936,7.82,7.699
2023-04-01,7,1205.3,911.56,8.022,8.091,7.7
2023-04-02,7,1176.76,902.89,8.008,7.907,7.7
2023-04-03,7,1018.52,849.1,8.012,7.908,7.7
2023-04-04,7,1134.27,885.49,8.082,8.064,7.7
2023-04-05,7,1253.74,934.95,8.009,8.024,7.699
2023-04-06,7,1024.75,871.25,7.888,7.822,7.699
2023-04-07,7,1133.71,889.15,8.029,7.925,7.698
2023-04-08,7,1015.12,877.24,7.762,7.666,7.697
2023-04-09,7,814.64,859.32,7.885,7.784,7.696
2023-04-10,7,972.17,850.95,7.909,7.874,7.694
2023-04-11,7,1014.05,859.7,7.669,7.615,7.693
2023-04-12,7,891.5,863.67,7.779,7.75,7.691
2023-04-13,7,804.09,786.35,7.867,7.835,7.689
2023-04-14,7,950.71,839.37,7.724,7.715,7.686
2023-04-15,7,850.5,821.65,7.897,7.826,7.684
2023-04-16,7,699.85,812.12,7.915,7.828,7.681
2023-04-17,7,905.87,869.27,7.816,7.773,7.679
2023-04-18,7,1041.81,796.72,7.964,7.911,7.675
2023-04-19,7,1026.68,772.4,7.837,7.8,7.672
2023-04-20,7,1017.56,848.29,8.084,7.998,7.669
2023-04-21,7,961.7,770.33,8.175,8.157,7.665
2023-04-22,7,1014.58,752.57,8.155,8.046,7.661
2023-04-23,7,1078.24,852.23,7.992,7.92,7.657
2023-04-24,7,948.89,826.77,7.916,7.922,7.653
2023-04-25,7,1148.49,838.92,8.066,7.959,7.649
2023-04-26,7,1012.86,808.43,7.984,7.986,7.644
2023-04-27,7,1055.12,777.37,8.027,7.907,7.639
2023-04-28,7,911.16,786.59,8.008,7.879,7.634
2023-04-29,7,1034.96,821.19,7.986,7.862,7.629
2023-04-30,7,1034.39,789.14,8.056,8.012,7.623
2023-05-01,7,1070.68,847.71,8.053,8.04,7.618
2023-05-02,7,968.92,824.36,7.92,7.935,7.612
2023-05-03,7,918.17,850.9,7.882,7.893,7.606
2023-05-04,7,1188.66,854.01,7.75,7.743,7.6
2023-05-05,7,1117.67,866.52,7.916,7.825,7.594
2023-05-06,7,1000.53,875.09,7.65,7.558,7.587
2023-05-07,7,956.11,850.41,7.764,7.754,7.581
2023-05-08,7,959.32,873.9,7.697,7.718,7.574
2023-05-09,7,902.3,880.9,7.699,7.597,7.567
2023-05-10,7,863.65,792.94,7.775,7.789,7.56
2023-05-11,7,1055.13,906.0,7.734,7.588,7.552
2023-05-12,7,944.76,894.11,7.686,7.655,7.545
2023-05-13,7,1098.95,914.16,7.822,7.767,7.537
2023-05-14,7,795.15,854.96,7.739,7.678,7.53
2023-05-15,7,824.26,894.53,7.638,7.59,7.522
2023-05-16,7,985.58,872.93,7.634,7.541,7.514
2023-05-17,7,928.09,942.69,7.718,7.691,7.505
2023-05-18,7,1251.24,872.87,7.863,7.816,7.497
2023-05-19,7,1232.22,894.86,7.749,7.745,7.488
2023-05-20,7,1328.9,951.24,7.901,7.931,7.48
2023-05-21,7,1227.52,915.53,7.921,7.878,7.471
2023-05-22,7,1088.51,909.9,7.906,7.815,7.462
2023-05-23,7,1113.12,978.76,7.926,7.819,7.453
2023-05-24,7,1368.25,984.59,7.959,7.994,7.443
2023-05-25,7,1128.05,980.85,7.923,7.951,7.434
2023-05-26,7,1381.7,989.16,7.802,7.796,7.425
2023-05-27,7,1263.99,954.94,7.748,7.701,7.415
2023-05-28,7,1212.38,959.16,7.609,7.6,7.405
2023-05-29,7,1235.77,946.6,7.747,7.762,7.396
2023-05-30,7,1278.32,977.77,7.777,7.696,7.386
2023-05-31,7,1198.45,955.7,7.729,7.681,7.376
2023-06-01,7,1330.21,960.93,7.565,7.459,7.366
2023-06-02,7,1379.71,998.62,7.683,7.626,7.355
2023-06-03,7,1308.81,1020.24,7.747,7.774,7.345
2023-06-04,7,1214.54,993.5,7.603,7.607,7.335
2023-06-05,7,1204.46,1042.75,7.488,7.445,7.325
2023-06-06,7,849.17,955.26,7.499,7.315,7.314
2023-06-07,7,994.34,915.23,7.544,7.461,7.304
2023-06-08,7,1114.53,1003.8,7.582,7.537,7.294
2023-06-09,7,936.49,950.61,7.404,7.344,7.284
2023-06-10,7,1091.8,966.51,7.439,7.391,7.274
2023-06-11,7,957.85,912.23,7.432,7.394,7.264
2023-06-12,7,948.83,940.43,7.457,7.381,7.254
2023-06-13,7,1036.07,916.7,7.439,7.389,7.244
2023-06-14,7,919.7,951.12,7.501,7.444,7.235
2023-06-15,7,1067.08,949.23,7.192,7.107,7.226
2023-06-16,7,863.43,962.6,7.404,7.446,7.217
2023-06-17,7,1078.43,998.96,7.402,7.328,7.209
2023-06-18,7,1249.63,975.11,7.537,7.375,7.201
2023-06-19,7,1100.7,890.25,7.369,7.408,7.194
2023-06-20,7,1264.88,963.67,7.54,7.448,7.188
2023-06-21,7,1202.4,941.47,7.484,7.479,7.183
2023-06-22,7,1273.23,929.12,7.672,7.588,7.178
2023-06-23,7,1235.75,926.57,7.567,7.545,7.175
2023-06-24,7,1234.37,929.21,7.473,7.421,7.173
2023-06-25,7,1177.42,892.42,7.375,7.375,7.173
2023-06-26,7,1142.36,904.75,7.59,7.529,7.174
2023-06-27,7,1213.39,947.02,7.605,7.522,7.177
2023-06-28,7,1165.1,875.36,7.54,7.503,7.182
2023-06-29,7,1119.11,858.37,7.618,7.548,7.19
2023-06-30,7,1253.71,886.71,7.556,7.41,7.2
2023-07-01,7,1131.32,843.8,7.687,7.607,7.212
2023-07-02,7,1122.36,817.65,7.703,7.797,7.228
2023-07-03,7,1067.81,860.58,7.518,7.377,7.248
2023-07-04,7,1322.25,918.16,7.568,7.53,7.27
2023-07-05,7,1146.19,861.09,7.877,7.815,7.297
2023-07-06,7,1130.35,863.86,7.829,7.871,7.328
2023-07-07,7,1198.31,778.42,7.699,7.593,7.364
2023-07-08,7,1089.31,863.91,7.525,7.48,7.404
2023-07-09,7,1103.94,847.7,7.724,7.708,7.449
2023-07-10,7,1047.13,817.28,7.679,7.621,7.499
2023-07-11,7,1062.51,843.26,7.815,7.727,7.555
2023-07-12,7,1065.92,839.63,7.914,7.862,7.616
2023-07-13,7,1095.66,793.64,7.994,7.928,7.683
2023-07-14,7,1206.78,839.71,8.182,8.116,7.756
2023-07-15,7,1189.96,867.73,8.337,8.333,7.835
2023-07-16,7,1285.0,815.94,8.257,8.227,7.92
2023-07-17,7,1130.6,792.01,8.317,8.294,8.011
2023-07-18,7,1294.17,815.0,8.758,8.724,8.108
2023-07-19,7,1360.37,850.35,8.984,8.982,8.211
2023-07-20,7,1276.29,777.13,8.954,8.969,8.319
2023-07-21,7,1500.59,840.3,9.193,9.129,8.432
2023-07-22,7,1468.68,796.71,9.203,9.194,8.55
2023-07-23,7,1627.14,829.69,9.422,9.307,8.672
2023-07-24,7,1565.14,802.62,9.482,9.319,8.798
2023-07-25,7,1661.69,804.07,9.734,9.775,8.927
2023-07-26,7,1802.52,879.13,9.885,9.819,9.059
2023-07-27,7,1632.33,778.78,10.107,10.069,9.193
2023-07-28,7,1777.81,847.71,10.365,10.254,9.327
2023-07-29,7,2061.91,894.27,10.357,10.243,9.462
2023-07-30,7,1823.08,860.95,10.392,10.306,9.595
2023-07-31,7,1835.38,793.96,10.697,10.679,9.727
2023-08-01,7,1854.7,799.57,10.895,10.819,9.856
2023-08-02,7,2007.95,822.27,11.041,10.974,9.982
2023-08-03,7,2078.78,858.5,11.16,11.073,10.102
2023-08-04,7,2133.85,865.51,11.432,11.441,10.217
2023-08-05,7,1850.77,817.93,11.257,11.25,10.325
2023-08-06,7,2035.59,836.91,11.361,11.286,10.425
2023-08-07,7,1987.98,844.24,11.419,11.403,10.516
2023-08-08,7,2216.27,871.62,11.443,11.38,10.598
2023-08-09,7,2319.15,952.83,11.697,11.63,10.669
2023-08-10,7,2086.78,856.2,11.765,11.713,10.73
2023-08-11,7,2101.75,860.23,11.722,11.704,10.778
2023-08-12,7,2163.99,860.34,11.849,11.754,10.815
2023-08-13,7,2258.39,927.82,11.871,11.847,10.838
2023-08-14,7,2273.71,909.69,11.848,11.923,10.849
2023-08-15,7,2204.89,885.27,11.834,11.793,10.847
2023-08-16,7,2285.93,909.35,11.913,11.864,10.832
2023-08-17,7,2257.37,899.66,11.829,11.775,10.803
2023-08-18,7,2566.84,942.9,11.952,11.926,10.761
2023-08-19,7,2767.0,1031.51,11.866,11.736,10.707
2023-08-20,7,2674.43,961.67,11.847,11.882,10.641
2023-08-21,7,2516.07,943.77,11.838,11.837,10.563
2023-08-22,7,2611.44,928.15,11.675,11.593,10.474
2023-08-23,7,2342.76,908.55,11.521,11.472,10.374
2023-08-24,7,2578.59,985.13,11.434,11.357,10.266
2023-08-25,7,2413.75,986.82,11.378,11.343,10.148
2023-08-26,7,2447.97,950.01,11.159,11.112,10.023
2023-08-27,7,2394.53,1011.75,10.982,10.943,9.89
2023-08-28,7,2349.8,972.64,10.847,10.746,9.753
2023-08-29,7,2315.98,1001.29,10.612,10.538,9.61
2023-08-30,7,2292.25,986.45,10.464,10.472,9.464
2023-08-31,7,2157.78,971.42,10.232,10.155,9.315
2023-09-01,7,2012.43,945.36,9.966,9.784,9.164
2023-09-02,7,2067.51,974.47,9.936,9.878,9.012
2023-09-03,7,2239.16,1009.42,9.755,9.825,8.861
2023-09-04,7,2005.28,962.17,9.523,9.516,8.711
2023-09-05,7,1667.56,994.95,9.251,9.172,8.563
2023-09-06,7,1712.36,940.89,8.935,8.883,8.417
2023-09-07,7,1623.17,1004.93,8.68,8.664,8.274
2023-09-08,7,1679.42,987.04,8.6,8.462,8.136
2023-09-09,7,1531.57,932.1,8.371,8.279,8.002
2023-09-10,7,1548.91,964.06,8.367,8.336,7.872
2023-09-11,7,1668.89,1001.88,8.131,8.16,7.748
2023-09-12,7,1303.3,922.26,8.127,8.055,7.63
2023-09-13,7,1381.08,925.56,7.991,8.019,7.518
2023-09-14,7,1444.94,957.02,7.712,7.624,7.411
2023-09-15,7,1365.42,1030.24,7.6,7.381,7.311
2023-09-16,7,1194.07,927.88,7.595,7.582,7.217
2023-09-17,7,1249.09,964.36,7.524,7.501,7.128
2023-09-18,7,1463.27,951.5,7.387,7.373,7.046
2023-09-19,7,1260.41,916.92,7.479,7.464,6.97
2023-09-20,7,1415.71,938.18,7.196,7.156,6.9
2023-09-21,7,1213.87,911.69,7.25,7.187,6.835
2023-09-22,7,1390.26,909.53,7.31,7.249,6.776
2023-09-23,7,1243.79,858.49,7.399,7.326,6.722
2023-09-24,7,1406.34,910.28,7.08,7.01,6.673
2023-09-25,7,1341.0,937.05,6.946,6.805,6.628
2023-09-26,7,1208.94,902.01,6.956,6.845,6.588
2023-09-27,7,1202.22,932.59,6.959,6.901,6.552
2023-09-28,7,1238.02,909.18,6.861,6.699,6.52
2023-09-29,7,1172.85,881.28,6.806,6.656,6.491
2023-09-30,7,1215.37,855.97,6.816,6.749,6.465
2023-10-01,7,1063.83,855.62,6.854,6.798,6.443
2023-10-02,7,1201.8,815.99,6.786,6.72,6.423
2023-10-03,7,1200.64,853.09,6.708,6.539,6.406
2023-10-04,7,1107.83,862.72,6.707,6.735,6.392
2023-10-05,7,1314.6,913.02,6.712,6.59,6.379
2023-10-06,7,1066.09,867.07,6.652,6.561,6.368
2023-10-07,7,1062.73,814.16,6.664,6.551,6.359
2023-10-08,7,761.63,790.17,6.563,6.578,6.351
2023-10-09,7,1005.01,829.73,6.485,6.456,6.345
2023-10-10,7,801.4,862.09,6.357,6.284,6.34
2023-10-11,7,777.18,823.0,6.575,6.498,6.337
2023-10-12,7,853.2,847.07,6.522,6.481,6.334
2023-10-13,7,952.63,819.49,6.376,6.263,6.332
2023-10-14,7,961.04,849.01,6.455,6.424,6.331
2023-10-15,7,815.82,766.47,6.42,6.343,6.331
2023-10-16,7,996.1,877.36,6.538,6.514,6.331
2023-10-17,7,815.82,781.5,6.454,6.429,6.332
2023-10-18,7,1107.59,847.83,6.679,6.6,6.334
2023-10-19,7,1138.18,810.52,6.672,6.519,6.335
2023-10-20,7,1022.12,816.38,6.57,6.508,6.338
2023-10-21,7,983.54,812.78,6.804,6.681,6.341
2023-10-22,7,1088.02,831.32,6.747,6.701,6.344
2023-10-23,7,1117.23,839.93,6.638,6.575,6.347
2023-10-24,7,1104.11,862.87,6.717,6.637,6.351
2023-10-25,7,1185.22,877.37,6.783,6.669,6.355
2023-10-26,7,1056.61,842.33,6.714,6.723,6.359
2023-10-27,7,1144.41,893.66,6.839,6.766,6.364
2023-10-28,7,1092.51,840.21,6.952,7.02,6.369
2023-10-29,7,1135.79,878.26,6.714,6.666,6.374
2023-10-30,7,1202.57,859.43,6.683,6.65,6.379
2023-10-31,7,1077.93,829.35,6.656,6.608,6.385
2023-11-01,7,1070.55,859.32,6.563,6.53,6.39
2023-11-02,7,1148.58,875.22,6.846,6.851,6.396
2023-11-03,7,1163.45,861.32,6.724,6.729,6.402
2023-11-04,7,1174.7,881.91,6.829,6.69,6.409
2023-11-05,7,1000.04,902.93,6.651,6.644,6.415
2023-11-06,7,815.9,877.13,6.485,6.46,6.422
2023-11-07,7,663.77,780.33,6.504,6.456,6.429
2023-11-08,7,1091.68,947.61,6.725,6.761,6.436
2023-11-09,7,959.25,884.0,6.587,6.625,6.443
2023-11-10,7,913.25,871.19,6.548,6.543,6.45
2023-11-11,7,957.67,866.24,6.524,6.447,6.458
2023-11-12,7,1083.0,899.36,6.604,6.495,6.466
2023-11-13,7,1043.22,896.94,6.744,6.732,6.473
2023-11-14,7,1010.06,896.26,6.686,6.704,6.481
2023-11-15,7,884.57,903.49,6.654,6.503,6.49
2023-11-16,7,941.05,951.08,6.775,6.779,6.498
2023-11-17,7,866.5,1008.62,6.768,6.705,6.506
2023-11-18,7,1282.53,971.11,6.892,6.751,6.515
2023-11-19,7,1340.1,986.31,7.096,7.069,6.524
2023-11-20,7,1280.86,938.21,6.863,6.858,6.533
2023-11-21,7,1270.06,959.24,6.979,6.912,6.542
2023-11-22,7,1225.45,974.38,6.869,6.767,6.551
2023-11-23,7,1151.31,939.96,6.982,7.018,6.56
2023-11-24,7,1145.49,951.42,6.9,6.816,6.57
2023-11-25,7,1255.91,999.19,6.966,6.974,6.579
2023-11-26,7,1203.77,1010.06,7.13,7.004,6.589
2023-11-27,7,1377.38,976.53,7.025,6.996,6.599
2023-11-28,7,1089.16,934.25,6.997,6.966,6.609
2023-11-29,7,1213.19,967.28,6.907,6.9,6.619
2023-11-30,7,1035.19,928.34,6.994,7.018,6.629
2023-12-01,7,1270.69,982.19,6.908,6.818,6.639
2023-12-02,7,1255.7,988.89,7.07,7.046,6.649
2023-12-03,7,1204.8,970.48,7.079,6.96,6.66
2023-12-04,7,1181.06,988.02,7.006,6.887,6.67
2023-12-05,7,1261.78,993.38,7.164,7.085,6.681
2023-12-06,7,992.97,986.61,6.964,6.934,6.692
2023-12-07,7,970.51,934.03,6.865,6.899,6.703
2023-12-08,7,1164.74,965.31,6.909,6.952,6.714
2023-12-09,7,1049.15,986.25,6.828,6.76,6.725
2023-12-10,7,1119.44,1024.54,6.864,6.829,6.736
2023-12-11,7,969.09,956.81,6.811,6.808,6.747
2023-12-12,7,969.79,982.32,6.87,6.858,6.758
2023-12-13,7,1037.88,990.19,6.911,6.853,6.77
2023-12-14,7,1186.16,948.69,6.798,6.752,6.781
2023-12-15,7,1018.4,991.62,6.989,6.933,6.792
2023-12-16,7,1067.15,989.1,7.036,6.975,6.804
2023-12-17,7,974.59,990.71,6.965,6.898,6.816
2023-12-18,7,1000.88,953.6,6.961,6.905,6.827
2023-12-19,7,1225.09,1015.14,7.169,7.098,6.839
2023-12-20,7,1322.92,905.83,7.089,6.982,6.851
2023-12-21,7,1312.88,996.39,7.164,7.157,6.862
2023-12-22,7,1322.13,943.52,7.34,7.316,6.874
2023-12-23,7,1190.07,958.05,7.041,7.085,6.886
2023-12-24,7,967.23,894.38,7.183,7.151,6.898
2023-12-25,7,1098.09,929.56,7.326,7.255,6.91
2023-12-26,7,1229.34,944.36,7.216,7.134,6.922
2023-12-27,7,1096.7,850.81,7.222,7.174,6.934
2023-12-28,7,1113.88,877.65,7.458,7.436,6.946
2023-12-29,7,985.75,803.01,7.338,7.276,6.958
2023-12-30,7,1165.46,866.4,7.395,7.271,6.97
2023-12-31,7,1031.76,838.9,7.372,7.285,6.982
2024-01-01,7,1106.67,854.82,7.357,7.308,6.994
2024-01-02,7,1234.12,959.93,7.457,7.444,7.006
2024-01-03,7,1132.72,913.1,7.52,7.396,7.018
2024-01-04,7,957.43,798.2,7.245,7.209,7.03
2024-01-05,7,1067.59,863.88,7.389,7.35,7.042
2024-01-06,7,1233.19,868.51,7.401,7.328,7.054
2024-01-07,7,1121.35,825.13,7.382,7.302,7.066
2024-01-08,7,950.48,839.92,7.307,7.22,7.078
2024-01-09,7,829.52,840.38,7.261,7.218,7.09
2024-01-10,7,730.19,780.97,7.406,7.412,7.102
2024-01-11,7,898.49,789.73,7.352,7.362,7.114
2024-01-12,7,931.52,829.95,7.385,7.279,7.126
2024-01-13,7,876.22,825.86,7.192,7.132,7.138
2024-01-14,7,812.63,796.42,7.235,7.075,7.149
2024-01-15,7,739.44,792.64,7.253,7.209,7.161
2024-01-16,7,914.44,816.91,7.429,7.409,7.173
2024-01-17,7,974.38,851.06,7.257,7.286,7.184
2024-01-18,7,994.13,817.76,7.471,7.332,7.196
2024-01-19,7,1061.51,878.01,7.468,7.363,7.208
2024-01-20,7,1092.72,798.02,7.789,7.746,7.219
2024-01-21,7,1012.3,830.67,7.569,7.438,7.23
2024-01-22,7,1148.82,813.42,7.634,7.593,7.242
2024-01-23,7,1070.41,848.68,7.512,7.493,7.253
2024-01-24,7,995.43,803.36,7.691,7.577,7.264
2024-01-25,7,1147.69,901.14,7.483,7.44,7.275
2024-01-26,7,963.73,777.79,7.558,7.447,7.286
2024-01-27,7,1224.89,900.59,7.589,7.608,7.297
2024-01-28,7,1136.49,847.58,7.676,7.636,7.308
2024-01-29,7,1177.8,867.91,7.605,7.523,7.319
2024-01-30,7,1155.88,899.69,7.802,7.69,7.33
2024-01-31,7,1094.88,887.62,7.73,7.7,7.34
2024-02-01,7,1062.25,836.89,7.645,7.663,7.351
2024-02-02,7,1098.09,888.46,7.791,7.702,7.361
2024-02-03,7,1301.31,938.0,7.69,7.618,7.371
2024-02-04,7,1143.46,846.89,7.684,7.597,7.381
2024-02-05,7,998.38,957.51,7.613,7.641,7.391
2024-02-06,7,880.6,902.37,7.355,7.21,7.401
2024-02-07,7,1031.6,879.26,7.62,7.634,7.411
2024-02-08,7,921.67,868.73,7.514,7.445,7.421
2024-02-09,7,933.3,897.77,7.523,7.47,7.43
2024-02-10,7,989.31,842.7,7.747,7.679,7.44
2024-02-11,7,910.4,902.1,7.557,7.519,7.449
2024-02-12,7,935.2,912.85,7.685,7.598,7.458
2024-02-13,7,917.82,889.76,7.64,7.643,7.467
2024-02-14,7,905.67,958.71,7.657,7.662,7.476
2024-02-15,7,999.88,929.9,7.615,7.516,7.485
2024-02-16,7,910.03,920.14,7.619,7.603,7.494
2024-02-17,7,939.7,935.64,7.774,7.707,7.502
2024-02-18,7,1169.77,963.85,7.935,7.887,7.51
2024-02-19,7,1171.83,958.14,7.829,7.855,7.519
2024-02-20,7,1124.6,934.92,7.793,7.709,7.527
2024-02-21,7,1247.78,967.44,7.838,7.834,7.534
2024-02-22,7,1212.97,964.55,7.971,7.944,7.542
2024-02-23,7,1183.91,929.4,7.994,7.934,7.55
2024-02-24,7,1402.6,961.81,7.951,7.92,7.557
2024-02-25,7,1250.58,994.45,7.785,7.747,7.564
2024-02-26,7,1313.27,996.11,7.982,7.874,7.571
2024-02-27,7,1287.11,969.57,8.032,7.952,7.578
2024-02-28,7,1268.1,1002.47,7.949,7.847,7.585
2024-02-29,7,1221.19,945.26,8.1,8.036,7.591
2024-03-01,7,1203.92,946.74,7.842,7.859,7.598
2024-03-02,7,1249.11,971.16,8.009,7.988,7.604
2024-03-03,7,1262.19,1031.98,7.878,7.757,7.61
2024-03-04,7,1211.39,984.5,8.05,7.987,7.616
2024-03-05,7,1230.65,967.99,8.02,7.982,7.621
2024-03-06,7,1145.76,1030.13,8.121,8.108,7.627
2024-03-07,7,1127.73,964.13,7.822,7.74,7.632
2024-03-08,7,1284.16,1050.12,7.755,7.643,7.637
2024-03-09,7,1011.92,951.39,7.753,7.7,7.642
2024-03-10,7,1027.02,930.91,7.777,7.755,7.647
2024-03-11,7,1087.86,957.22,7.76,7.722,7.651
2024-03-12,7,897.52,950.73,7.913,7.819,7.656
2024-03-13,7,1042.53,927.3,7.912,7.95,7.66
2024-03-14,7,1059.05,1042.49,7.694,7.639,7.664
2024-03-15,7,1181.68,958.17,7.82,7.78,7.667
2024-03-16,7,992.14,958.64,7.826,7.743,7.671
2024-03-17,7,1034.4,921.39,7.762,7.767,7.674
2024-03-18,7,1145.63,912.32,8.062,8.041,7.677
2024-03-19,7,1392.61,963.26,8.147,8.113,7.68
2024-03-20,7,1061.12,863.4,8.104,7.997,7.683
2024-03-21,7,1195.03,876.63,8.143,8.148,7.686
2024-03-22,7,1191.39,902.48,7.98,7.968,7.688
2024-03-23,7,1240.96,952.87,8.043,8.044,7.69
2024-03-24,7,1142.6,886.89,7.981,7.933,7.692
2024-03-25,7,1105.91,908.98,8.063,8.009,7.694
2024-03-26,7,946.0,889.84,8.072,8.012,7.695
2024-03-27,7,1259.32,928.74,8.123,8.187,7.697
2024-03-28,7,1012.39,822.48,8.153,8.076,7.698
2024-03-29,7,1225.03,898.4,8.104,7.994,7.698
2024-03-30,7,1117.05,860.5,7.98,7.912,7.699
2024-03-31,7,1222.33,894.81,7.941,7.865,7.7
2024-04-01,7,1105.92,828.93,8.092,8.105,7.7
2024-04-02,7,916.01,853.83,8.17,8.052,7.7
2024-04-03,7,1114.7,844.99,8.048,7.97,7.7
2024-04-04,7,1005.61,809.34,7.927,7.887,7.7
2024-04-05,7,1084.75,795.73,8.216,8.229,7.699
2024-04-06,7,1075.76,816.64,8.087,8.073,7.698
2024-04-07,7,1104.98,838.22,8.061,8.092,7.697
2024-04-08,7,826.92,804.23,7.753,7.72,7.696
2024-04-09,7,797.76,816.54,7.846,7.786,7.695
2024-04-10,7,771.5,759.82,7.898,7.891,7.693
2024-04-11,7,734.72,810.94,7.882,7.763,7.691
2024-04-12,7,860.58,858.2,7.785,7.649,7.689
2024-04-13,7,789.11,845.9,7.833,7.831,7.687
2024-04-14,7,764.25,817.4,7.785,7.746,7.685
2024-04-15,7,877.73,828.58,7.965,7.963,7.682
2024-04-16,7,864.41,791.06,7.901,7.808,7.679
2024-04-17,7,918.93,877.29,7.784,7.799,7.676
2024-04-18,7,1099.2,893.59,7.93,7.913,7.673
2024-04-19,7,988.98,828.15,8.042,7.99,7.67
2024-04-20,7,1138.32,914.59,7.977,7.937,7.666
2024-04-21,7,965.81,802.02,7.979,7.946,7.662
2024-04-22,7,992.13,784.31,7.917,7.825,7.658
2024-04-23,7,925.38,805.88,7.923,7.854,7.654
2024-04-24,7,1095.36,825.99,8.013,7.979,7.65
2024-04-25,7,1124.07,917.88,7.974,7.902,7.645
2024-04-26,7,1080.0,830.71,8.19,8.067,7.64
2024-04-27,7,1092.01,814.34,8.033,7.998,7.635
2024-04-28,7,1059.19,817.13,7.888,7.88,7.63
2024-04-29,7,1191.04,892.88,7.852,7.855,7.625
2024-04-30,7,985.93,892.51,8.001,7.978,7.619
2024-05-01,7,1040.39,845.45,7.932,7.923,7.614
2024-05-02,7,1089.05,801.81,8.064,8.064,7.608
2024-05-03,7,1092.03,833.14,7.974,7.928,7.602
2024-05-04,7,1330.24,938.19,7.787,7.631,7.595
2024-05-05,7,1276.23,907.48,7.857,7.865,7.589
2024-05-06,7,957.07,891.16,7.678,7.584,7.582
2024-05-07,7,988.47,959.83,7.761,7.654,7.576
2024-05-08,7,942.71,968.54,7.634,7.529,7.569
2024-05-09,7,915.12,904.32,7.724,7.798,7.562
2024-05-10,7,926.31,910.52,7.597,7.569,7.554
2024-05-11,7,898.54,896.26,7.697,7.595,7.547
2024-05-12,7,890.69,912.09,7.719,7.635,7.539
2024-05-13,7,947.23,875.34,7.798,7.748,7.532
2024-05-14,7,1043.89,880.38,7.693,7.67,7.524
2024-05-15,7,986.62,877.26,7.6,7.564,7.516
2024-05-16,7,1004.08,980.35,7.777,7.68,7.507
2024-05-17,7,1009.38,892.37,7.634,7.6,7.499
2024-05-18,7,1323.26,1019.67,7.902,7.822,7.49
2024-05-19,7,1178.08,930.01,7.783,7.785,7.482
2024-05-20,7,1287.31,1020.26,7.83,7.783,7.473
2024-05-21,7,1191.64,950.26,7.75,7.662,7.464
2024-05-22,7,1205.09,911.51,7.831,7.815,7.455
2024-05-23,7,1299.38,1014.21,7.86,7.829,7.446
2024-05-24,7,1237.13,1020.97,7.747,7.673,7.436
2024-05-25,7,1138.36,942.46,7.733,7.719,7.427
2024-05-26,7,1248.49,964.48,7.796,7.777,7.417
2024-05-27,7,1233.76,945.92,7.692,7.702,7.408
2024-05-28,7,1213.29,974.57,7.626,7.612,7.398
2024-05-29,7,1159.79,983.34,7.766,7.705,7.388
2024-05-30,7,1325.76,967.65,7.719,7.585,7.378
2024-05-31,7,1239.82,916.29,7.707,7.666,7.367
2024-06-01,7,1065.72,959.23,7.749,7.716,7.357
2024-06-02,7,1381.86,1003.41,7.75,7.702,7.347
2024-06-03,7,1216.07,970.31,7.673,7.473,7.336
2024-06-04,7,1239.73,964.62,7.586,7.57,7.326
2024-06-05,7,1074.42,941.6,7.414,7.318,7.315
2024-06-06,7,1123.75,950.55,7.501,7.485,7.304
2024-06-07,7,1151.25,1018.6,7.454,7.489,7.293
2024-06-08,7,990.62,926.43,7.388,7.326,7.282
2024-06-09,7,928.92,988.27,7.358,7.33,7.271
2024-06-10,7,853.36,961.1,7.459,7.411,7.26
2024-06-11,7,1080.08,964.14,7.381,7.357,7.249
2024-06-12,7,1071.48,925.79,7.448,7.403,7.238
2024-06-13,7,920.53,934.71,7.447,7.371,7.226
2024-06-14,7,968.97,942.19,7.34,7.244,7.215
2024-06-15,7,924.32,919.33,7.429,7.459,7.203
2024-06-16,7,947.24,944.14,7.353,7.325,7.192
2024-06-17,7,1071.67,943.37,7.352,7.343,7.18
2024-06-18,7,1285.02,998.1,7.343,7.313,7.168
2024-06-19,7,1159.51,926.37,7.429,7.428,7.157
2024-06-20,7,1251.62,844.21,7.422,7.327,7.145
2024-06-21,7,1093.19,946.29,7.458,7.412,7.133
2024-06-22,7,1173.07,892.86,7.48,7.456,7.121
2024-06-23,7,1144.38,964.84,7.472,7.486,7.109
2024-06-24,7,1182.4,940.35,7.47,7.554,7.098
2024-06-25,7,1109.71,865.68,7.381,7.351,7.086
2024-06-26,7,1208.11,903.22,7.479,7.396,7.074
2024-06-27,7,1064.05,851.85,7.556,7.447,7.062
2024-06-28,7,1076.33,867.56,7.371,7.276,7.05
2024-06-29,7,1105.57,886.1,7.335,7.246,7.038
2024-06-30,7,1061.17,896.56,7.321,7.126,7.026
2024-07-01,7,1167.81,884.31,7.37,7.287,7.014
2024-07-02,7,1100.18,851.2,7.309,7.295,7.002
2024-07-03,7,1215.23,931.35,7.201,7.155,6.989
2024-07-04,7,1046.67,827.77,7.211,7.148,6.977
2024-07-05,7,979.45,780.71,7.397,7.266,6.965
2024-07-06,7,1069.64,784.16,7.406,7.408,6.953
2024-07-07,7,1192.65,882.31,7.419,7.395,6.941
2024-07-08,7,960.11,825.41,7.097,7.047,6.929
2024-07-09,7,897.74,831.39,6.988,6.828,6.917
2024-07-10,7,932.28,804.93,7.02,6.946,6.905
2024-07-11,7,820.01,806.53,6.924,6.896,6.894
2024-07-12,7,820.6,793.67,6.909,6.858,6.882
2024-07-13,7,958.79,836.93,7.04,7.0,6.87
2024-07-14,7,912.57,816.64,7.051,7.035,6.858
2024-07-15,7,857.63,835.27,7.153,7.111,6.846
2024-07-16,7,804.27,832.32,6.978,6.96,6.835
2024-07-17,7,833.47,806.31,6.864,6.772,6.823
2024-07-18,7,937.32,771.32,7.151,7.04,6.811
2024-07-19,7,1083.87,769.81,7.127,7.101,6.8
2024-07-20,7,1239.99,931.76,7.099,7.083,6.788
2024-07-21,7,1063.48,879.83,7.154,7.13,6.777
2024-07-22,7,1041.21,877.62,7.018,6.975,6.765
2024-07-23,7,978.34,810.07,7.114,7.048,6.754
2024-07-24,7,1025.93,837.29,7.145,7.105,6.743
2024-07-25,7,1020.42,812.01,7.195,7.164,6.732
2024-07-26,7,1085.3,798.5,7.095,7.067,6.721
2024-07-27,7,987.5,827.97,7.143,7.223,6.71
2024-07-28,7,1306.97,899.39,7.013,6.917,6.699
2024-07-29,7,1059.59,887.03,7.013,7.125,6.688
2024-07-30,7,958.79,828.49,7.135,7.022,6.677
2024-07-31,7,1203.36,856.44,6.907,6.876,6.666
2024-08-01,7,1236.56,898.86,6.974,6.864,6.656
2024-08-02,7,1077.1,857.97,7.086,7.051,6.645
2024-08-03,7,1152.45,886.15,6.968,6.967,6.635
2024-08-04,7,1176.09,902.93,6.952,6.904,6.625
2024-08-05,7,963.44,908.1,6.744,6.742,6.615
2024-08-06,7,860.07,908.9,6.764,6.693,6.605
2024-08-07,7,751.57,882.7,6.832,6.679,6.595
2024-08-08,7,876.17,891.85,6.809,6.79,6.585
2024-08-09,7,1048.22,876.96,6.726,6.678,6.576
2024-08-10,7,1039.53,867.4,6.803,6.729,6.566
2024-08-11,7,950.17,923.35,6.734,6.663,6.557
2024-08-12,7,935.51,961.11,6.766,6.736,6.547
2024-08-13,7,953.5,889.25,6.606,6.515,6.538
2024-08-14,7,1032.98,951.95,6.818,6.787,6.529
2024-08-15,7,1070.04,974.48,6.688,6.697,6.52
2024-08-16,7,752.15,887.14,6.442,6.495,6.512
2024-08-17,7,1232.41,946.1,6.786,6.806,6.503
2024-08-18,7,1383.82,1017.07,6.845,6.803,6.495
2024-08-19,7,1232.05,982.36,6.805,6.768,6.486
2024-08-20,7,1092.31,900.86,6.78,6.71,6.478
2024-08-21,7,1338.63,992.32,6.856,6.782,6.47
2024-08-22,7,1238.56,945.73,6.742,6.735,6.463
2024-08-23,7,1275.29,998.37,6.759,6.693,6.455
2024-08-24,7,1243.86,951.93,6.753,6.722,6.448
2024-08-25,7,1230.43,975.77,6.767,6.669,6.44
2024-08-26,7,1250.02,959.97,6.742,6.76,6.433
2024-08-27,7,1301.11,979.67,6.844,6.778,6.426
2024-08-28,7,1245.69,960.1,6.791,6.795,6.419
2024-08-29,7,1257.23,972.13,6.794,6.709,6.413
2024-08-30,7,1296.35,938.42,6.805,6.717,6.406
2024-08-31,7,1137.61,995.96,6.742,6.759,6.4
2024-09-01,7,1186.58,983.76,6.662,6.581,6.394
2024-09-02,7,1169.73,919.51,6.882,6.754,6.388
2024-09-03,7,1222.43,1008.93,6.806,6.704,6.382
2024-09-04,7,1195.88,965.73,6.856,6.848,6.377
2024-09-05,7,1124.13,974.94,6.604,6.592,6.371
2024-09-06,7,1030.9,993.08,6.479,6.391,6.366
2024-09-07,7,880.65,974.53,6.323,6.242,6.361
2024-09-08,7,1016.37,1000.23,6.408,6.391,6.356
2024-09-09,7,996.97,945.31,6.552,6.568,6.351
2024-09-10,7,1040.15,987.63,6.489,6.435,6.347
2024-09-11,7,1041.21,951.33,6.459,6.437,6.343
2024-09-12,7,1044.61,960.16,6.289,6.283,6.339
2024-09-13,7,988.7,951.68,6.484,6.542,6.335
2024-09-14,7,931.61,975.96,6.395,6.287,6.331
2024-09-15,7,966.62,952.61,6.42,6.336,6.328
2024-09-16,7,906.71,906.55,6.543,6.467,6.325
2024-09-17,7,918.5,894.19,6.389,6.381,6.321
2024-09-18,7,1205.21,909.39,6.594,6.531,6.319
2024-09-19,7,1144.72,878.98,6.681,6.646,6.316
2024-09-20,7,1153.13,863.17,6.733,6.689,6.314
2024-09-21,7,1016.13,819.94,6.629,6.579,6.311
2024-09-22,7,1160.71,834.64,6.777,6.732,6.309
2024-09-23,7,1261.42,952.86,6.555,6.557,6.307
2024-09-24,7,1093.49,854.97,6.539,6.441,6.306
2024-09-25,7,1238.2,939.26,6.531,6.474,6.304
2024-09-26,7,1071.94,881.57,6.521,6.41,6.303
2024-09-27,7,947.89,860.7,6.679,6.64,6.302
2024-09-28,7,983.38,805.09,6.573,6.513,6.301
2024-09-29,7,1134.5,853.14,6.538,6.541,6.301
2024-09-30,7,1167.67,914.8,6.681,6.63,6.3
2024-10-01,7,1131.82,898.94,6.716,6.644,6.3
2024-10-02,7,1022.02,850.15,6.734,6.672,6.3
2024-10-03,7,887.21,796.76,6.72,6.756,6.3
2024-10-04,7,1107.43,800.18,6.577,6.449,6.301
2024-10-05,7,1003.79,800.88,6.673,6.592,6.301
2024-10-06,7,1078.5,872.83,6.692,6.644,6.302
2024-10-07,7,1073.89,882.94,6.615,6.533,6.303
2024-10-08,7,955.69,830.77,6.468,6.442,6.304
2024-10-09,7,909.59,811.77,6.356,6.303,6.306
2024-10-10,7,851.45,875.42,6.407,6.37,6.308
2024-10-11,7,898.74,786.19,6.489,6.445,6.309
2024-10-12,7,853.42,821.86,6.582,6.527,6.312
2024-10-13,7,837.22,836.25,6.556,6.441,6.314
2024-10-14,7,811.19,790.24,6.519,6.478,6.316
2024-10-15,7,788.84,798.96,6.475,6.337,6.319
2024-10-16,7,753.0,797.4,6.466,6.382,6.322
2024-10-17,7,971.41,873.5,6.359,6.334,6.325
2024-10-18,7,1118.13,892.83,6.611,6.621,6.328
2024-10-19,7,1097.87,832.11,6.617,6.685,6.332
2024-10-20,7,1061.96,821.33,6.731,6.66,6.335
2024-10-21,7,1067.77,812.68,6.765,6.672,6.339
2024-10-22,7,926.01,837.02,6.752,6.728,6.343
2024-10-23,7,986.09,821.29,6.792,6.836,6.348
2024-10-24,7,1106.42,841.03,6.708,6.734,6.352
2024-10-25,7,1008.04,863.04,6.628,6.526,6.357
2024-10-26,7,1090.3,838.79,6.708,6.651,6.362
2024-10-27,7,986.06,850.97,6.659,6.651,6.367
2024-10-28,7,1088.18,855.95,6.774,6.77,6.372
2024-10-29,7,1197.86,856.35,6.698,6.678,6.377
2024-10-30,7,1141.75,857.19,6.725,6.652,6.383
2024-10-31,7,1014.94,904.63,6.794,6.773,6.389
2024-11-01,7,1098.91,821.39,6.685,6.682,6.395
2024-11-02,7,1336.45,943.97,6.828,6.731,6.401
2024-11-03,7,1343.13,899.16,6.649,6.666,6.407
2024-11-04,7,1205.13,921.35,6.788,6.788,6.413
2024-11-05,7,875.89,930.96,6.563,6.476,6.42
2024-11-06,7,961.49,886.35,6.643,6.639,6.427
2024-11-07,7,1041.81,884.63,6.474,6.465,6.434
2024-11-08,7,916.96,885.92,6.469,6.461,6.441
2024-11-09,7,1041.32,918.71,6.658,6.687,6.448
2024-11-10,7,940.58,957.01,6.575,6.524,6.456
2024-11-11,7,990.3,917.13,6.606,6.573,6.464
2024-11-12,7,819.92,963.67,6.569,6.387,6.471
2024-11-13,7,841.65,864.15,6.702,6.708,6.479
2024-11-14,7,984.37,937.93,6.661,6.662,6.488
2024-11-15,7,1017.28,996.42,6.665,6.683,6.496
2024-11-16,7,901.93,953.47,6.561,6.464,6.504
2024-11-17,7,943.39,934.02,6.703,6.701,6.513
2024-11-18,7,1222.91,943.33,6.792,6.793,6.522
2024-11-19,7,1090.44,863.3,6.828,6.745,6.53
2024-11-20,7,1193.91,936.49,6.78,6.783,6.539
2024-11-21,7,1343.41,1011.18,6.886,6.859,6.549
2024-11-22,7,1187.49,955.69,6.993,6.858,6.558
2024-11-23,7,1325.47,961.36,6.935,6.915,6.567
2024-11-24,7,1068.4,897.17,6.891,6.803,6.577
2024-11-25,7,1313.84,922.48,6.945,6.811,6.586
2024-11-26,7,1388.4,1021.6,6.954,6.923,6.596
2024-11-27,7,1243.45,1001.56,6.961,6.908,6.606
2024-11-28,7,1164.75,934.15,6.98,7.0,6.616
2024-11-29,7,1230.85,956.71,6.893,6.852,6.626
2024-11-30,7,1287.06,976.6,6.995,6.984,6.636
2024-12-01,7,1268.26,934.22,6.856,6.832,6.647
2024-12-02,7,1051.16,904.03,7.053,7.054,6.657
2024-12-03,7,1261.06,966.33,6.93,6.835,6.668
2024-12-04,7,1088.93,989.32,7.123,7.083,6.678
2024-12-05,7,1239.54,987.04,6.844,6.786,6.689
2024-12-06,7,1158.94,993.67,6.984,6.967,6.7
2024-12-07,7,847.69,905.08,6.73,6.693,6.711
2024-12-08,7,882.96,957.6,6.776,6.695,6.722
2024-12-09,7,1005.77,942.03,6.907,6.84,6.733
2024-12-10,7,1095.94,943.97,6.944,6.976,6.744
2024-12-11,7,1006.07,934.98,6.883,6.748,6.755
2024-12-12,7,820.83,914.44,6.988,6.974,6.767
2024-12-13,7,756.92,826.92,6.864,6.876,6.778
2024-12-14,7,1024.0,968.03,6.908,6.887,6.79
2024-12-15,7,892.21,933.6,6.927,6.975,6.801
2024-12-16,7,917.37,864.68,6.92,6.917,6.813
2024-12-17,7,988.62,927.69,6.82,6.789,6.824
2024-12-18,7,1095.34,889.92,7.184,7.111,6.836
2024-12-19,7,1252.91,885.34,7.188,7.159,6.848
2024-12-20,7,1142.74,867.52,7.296,7.28,6.859
2024-12-21,7,1240.7,907.66,7.118,7.069,6.871
2024-12-22,7,1149.32,855.37,7.182,7.095,6.883
2024-12-23,7,1056.16,839.56,7.341,7.231,6.895
2024-12-24,7,1144.37,912.25,7.28,7.24,6.907
2024-12-25,7,1073.22,861.2,7.313,7.189,6.919
2024-12-26,7,1135.46,857.28,7.317,7.244,6.931
2024-12-27,7,1074.06,881.84,7.329,7.158,6.943
2024-12-28,7,1168.1,829.61,7.451,7.442,6.955
2024-12-29,7,1007.23,832.19,7.324,7.332,6.967
2024-12-30,7,1100.68,855.13,7.248,7.202,6.979
2024-12-31,7,984.57,786.6,7.392,7.434,6.991
2025-01-01,7,1042.3,844.7,7.308,7.325,7.003
2025-01-02,7,1165.46,807.23,7.356,7.33,7.015
2025-01-03,7,1062.81,860.66,7.407,7.351,7.027
2025-01-04,7,1055.33,847.23,7.323,7.256,7.039
2025-01-05,7,1022.58,840.33,7.36,7.338,7.051
2025-01-06,7,977.46,767.67,7.451,7.394,7.063
2025-01-07,7,1033.19,818.76,7.381,7.359,7.075
2025-01-08,7,749.17,780.01,7.315,7.296,7.087
2025-01-09,7,832.3,819.15,7.17,7.109,7.099
2025-01-10,7,812.01,739.01,7.182,7.187,7.111
2025-01-11,7,867.37,766.12,7.425,7.364,7.123
2025-01-12,7,906.81,862.05,7.162,7.113,7.135
2025-01-13,7,879.78,834.13,7.294,7.195,7.146
2025-01-14,7,827.1,809.99,7.456,7.393,7.158
2025-01-15,7,799.88,792.11,7.318,7.376,7.17
2025-01-16,7,769.31,787.88,7.439,7.344,7.182
2025-01-17,7,772.86,835.1,7.395,7.367,7.193
2025-01-18,7,993.73,818.69,7.554,7.481,7.205
2025-01-19,7,1191.73,887.81,7.556,7.395,7.216
2025-01-20,7,1026.53,830.49,7.408,7.386,7.228
2025-01-21,7,1046.78,842.6,7.563,7.486,7.239
2025-01-22,7,987.43,795.83,7.619,7.585,7.25
2025-01-23,7,1144.9,835.95,7.63,7.629,7.261
2025-01-24,7,1027.34,859.17,7.82,7.782,7.273
2025-01-25,7,1091.31,844.56,7.656,7.623,7.284
2025-01-26,7,1069.08,845.45,7.695,7.602,7.295
2025-01-27,7,1120.98,878.9,7.749,7.734,7.305
2025-01-28,7,1193.68,925.66,7.709,7.65,7.316
2025-01-29,7,1125.48,883.02,7.67,7.52,7.327
2025-01-30,7,1231.32,923.41,7.681,7.672,7.338
2025-01-31,7,1154.36,910.62,7.67,7.677,7.348
2025-02-01,7,1314.22,932.37,7.744,7.768,7.358
2025-02-02,7,1119.02,878.66,7.705,7.764,7.369
2025-02-03,7,1018.47,898.34,7.779,7.768,7.379
2025-02-04,7,1194.29,904.04,7.658,7.634,7.389
2025-02-05,7,1011.89,935.75,7.561,7.565,7.399
2025-02-06,7,999.75,949.79,7.683,7.589,7.409
2025-02-07,7,958.98,931.74,7.551,7.417,7.418
2025-02-08,7,848.44,963.22,7.726,7.652,7.428
2025-02-09,7,820.78,917.84,7.601,7.614,7.438
2025-02-10,7,1150.34,973.38,7.592,7.509,7.447
2025-02-11,7,985.68,982.58,7.615,7.589,7.456
2025-02-12,7,1099.22,975.14,7.59,7.569,7.465
2025-02-13,7,885.13,960.27,7.466,7.428,7.474
2025-02-14,7,951.2,984.42,7.703,7.589,7.483
2025-02-15,7,1028.92,931.75,7.817,7.784,7.492
2025-02-16,7,1013.95,973.27,7.688,7.617,7.5
2025-02-17,7,1070.93,979.8,7.702,7.737,7.508
2025-02-18,7,1174.21,925.37,7.852,7.859,7.517
2025-02-19,7,1241.84,990.79,7.967,7.898,7.525
2025-02-20,7,1133.39,932.38,7.879,7.918,7.533
2025-02-21,7,1130.61,962.65,7.912,7.879,7.54
2025-02-22,7,1354.82,980.18,7.773,7.639,7.548
2025-02-23,7,1331.18,953.99,7.863,7.809,7.555
2025-02-24,7,1166.54,982.84,7.942,7.974,7.562
2025-02-25,7,1160.74,982.28,7.992,7.901,7.57
2025-02-26,7,1181.13,950.86,8.001,7.948,7.576
2025-02-27,7,1295.5,998.66,7.807,7.689,7.583
2025-02-28,7,1193.78,950.88,7.822,7.712,7.59
2025-03-01,7,1383.53,1056.16,7.993,7.901,7.596
2025-03-02,7,1228.51,970.34,7.893,7.781,7.602
2025-03-03,7,1173.72,930.91,8.03,7.949,7.608
2025-03-04,7,1367.7,934.83,7.834,7.871,7.614
2025-03-05,7,1235.95,1006.49,7.962,7.91,7.62
2025-03-06,7,1329.34,948.72,7.973,7.962,7.626
2025-03-07,7,1263.41,911.72,8.019,8.024,7.631
2025-03-08,7,1074.47,985.45,7.703,7.598,7.636
2025-03-09,7,839.36,936.88,7.634,7.542,7.641
2025-03-10,7,1020.8,969.89,7.809,7.798,7.646
2025-03-11,7,983.74,975.14,7.842,7.761,7.65
2025-03-12,7,996.04,947.16,7.885,7.87,7.655
2025-03-13,7,980.78,1016.4,7.78,7.814,7.659
2025-03-14,7,962.8,867.0,7.875,7.752,7.663
2025-03-15,7,1008.49,893.42,7.855,7.787,7.666
2025-03-16,7,1038.02,907.67,7.926,7.866,7.67
2025-03-17,7,1009.51,990.27,7.819,7.743,7.673
2025-03-18,7,1147.92,968.51,7.888,7.808,7.677
2025-03-19,7,1226.87,945.1,8.024,7.95,7.68
2025-03-20,7,1222.36,866.63,8.039,7.989,7.682
2025-03-21,7,1103.55,865.15,8.076,8.035,7.685
2025-03-22,7,1115.96,854.37,7.915,7.912,7.687
2025-03-23,7,1064.19,850.53,8.015,7.963,7.69
2025-03-24,7,1137.35,924.88,8.111,8.117,7.692
2025-03-25,7,1136.07,858.93,8.035,7.955,7.693
2025-03-26,7,1083.06,858.54,8.02,7.91,7.695
2025-03-27,7,1152.14,884.71,8.199,8.133,7.696
2025-03-28,7,1041.6,794.75,7.962,7.935,7.697
2025-03-29,7,1103.68,850.42,8.147,8.14,7.698
2025-03-30,7,1059.64,806.04,8.131,8.154,7.699
2025-03-31,7,997.75,830.24,8.032,7.996,7.7
2025-04-01,7,977.17,816.43,8.047,8.035,7.7
2025-04-02,7,1027.65,811.35,8.047,8.066,7.7
2025-04-03,7,1063.79,838.61,8.064,7.976,7.7
2025-04-04,7,1026.59,835.84,8.002,7.942,7.7
2025-04-05,7,1054.8,818.13,8.015,8.103,7.699
2025-04-06,7,1123.66,836.89,8.02,8.013,7.698
2025-04-07,7,1081.05,791.97,8.022,7.997,7.697
2025-04-08,7,982.8,845.07,7.821,7.816,7.696
2025-04-09,7,768.34,813.22,7.666,7.549,7.695
2025-04-10,7,768.55,803.12,7.851,7.769,7.693
2025-04-11,7,813.49,792.23,7.8,7.699,7.692
2025-04-12,7,857.8,811.99,7.69,7.661,7.69
2025-04-13,7,914.11,886.69,7.81,7.741,7.688
2025-04-14,7,824.91,820.16,7.805,7.76,7.685
2025-04-15,7,803.96,783.86,7.935,7.869,7.683
2025-04-16,7,934.06,857.98,7.787,7.656,7.68
2025-04-17,7,765.83,811.58,7.88,7.875,7.677
2025-04-18,7,1225.22,840.65,8.134,7.996,7.674
2025-04-19,7,1033.21,812.48,7.97,7.884,7.67
2025-04-20,7,1194.0,881.79,8.013,7.897,7.667
2025-04-21,7,1003.19,819.87,8.151,8.057,7.663
2025-04-22,7,1175.61,893.35,8.028,7.988,7.659
2025-04-23,7,1037.55,811.85,8.035,8.047,7.655
2025-04-24,7,1128.03,842.73,7.968,7.84,7.651
2025-04-25,7,1136.98,906.61,8.051,7.973,7.646
2025-04-26,7,1210.56,868.33,7.988,7.851,7.641
2025-04-27,7,1089.61,946.96,7.84,7.76,7.637
2025-04-28,7,1161.85,863.22,7.953,7.907,7.631
2025-04-29,7,1134.84,886.95,7.882,7.87,7.626
2025-04-30,7,1129.16,950.05,7.98,7.824,7.621
2025-05-01,7,1192.1,835.88,7.892,7.869,7.615
2025-05-02,7,1186.92,837.1,7.997,7.899,7.609
2025-05-03,7,962.94,872.16,7.957,7.846,7.603
2025-05-04,7,1199.45,934.05,7.847,7.801,7.597
2025-05-05,7,1133.84,854.79,7.901,7.883,7.591
2025-05-06,7,1017.54,937.53,7.784,7.729,7.584
2025-05-07,7,1101.54,940.49,7.819,7.715,7.577
2025-05-08,7,1152.15,997.87,7.648,7.593,7.57
2025-05-09,7,1038.15,969.13,7.626,7.539,7.563
2025-05-10,7,1170.93,950.3,7.862,7.842,7.556
2025-05-11,7,1113.66,989.96,7.698,7.702,7.549
2025-05-12,7,987.02,965.88,7.699,7.699,7.541
2025-05-13,7,940.76,935.32,7.624,7.573,7.533
2025-05-14,7,1052.35,915.51,7.693,7.699,7.526
2025-05-15,7,926.9,939.52,7.805,7.704,7.518
2025-05-16,7,978.2,961.64,7.68,7.719,7.509
2025-05-17,7,1002.43,972.45,7.736,7.635,7.501
2025-05-18,7,1161.53,894.55,7.845,7.693,7.493
2025-05-19,7,1209.64,964.22,7.752,7.77,7.484
2025-05-20,7,1135.73,975.18,7.771,7.685,7.475
2025-05-21,7,1356.49,995.25,7.727,7.683,7.466
2025-05-22,7,1280.42,1034.56,7.825,7.723,7.457
2025-05-23,7,1410.53,985.28,7.896,7.964,7.448
2025-05-24,7,1226.66,947.73,7.802,7.843,7.439
2025-05-25,7,1256.62,916.32,7.755,7.782,7.429
2025-05-26,7,1325.75,1004.0,7.707,7.661,7.42
2025-05-27,7,1305.27,949.14,7.788,7.787,7.41
2025-05-28,7,1327.63,1009.12,7.651,7.598,7.4
2025-05-29,7,1323.01,1026.53,7.649,7.656,7.39
2025-05-30,7,1251.63,922.04,7.802,7.732,7.38
2025-05-31,7,1459.42,993.56,7.698,7.727,7.37
2025-06-01,7,1269.82,1017.15,7.686,7.613,7.36
2025-06-02,7,1340.19,1004.95,7.686,7.618,7.349
2025-06-03,7,1133.67,892.95,7.747,7.674,7.339
2025-06-04,7,1222.9,933.16,7.692,7.651,7.328
2025-06-05,7,963.46,914.65,7.408,7.339,7.318
2025-06-06,7,854.48,973.89,7.4,7.375,7.307
2025-06-07,7,998.72,965.89,7.43,7.356,7.296
2025-06-08,7,963.4,852.6,7.459,7.449,7.285
2025-06-09,7,921.41,931.86,7.421,7.447,7.274
2025-06-10,7,1085.0,965.58,7.403,7.357,7.263
2025-06-11,7,998.38,937.72,7.405,7.466,7.252
2025-06-12,7,964.82,932.48,7.387,7.394,7.24
2025-06-13,7,1020.63,909.28,7.317,7.373,7.229
2025-06-14,7,971.47,879.57,7.456,7.403,7.218
2025-06-15,7,986.7,910.54,7.318,7.184,7.206
2025-06-16,7,1026.52,907.4,7.355,7.27,7.195
2025-06-17,7,982.58,921.53,7.168,7.088,7.183
2025-06-18,7,1045.98,918.8,7.504,7.406,7.171
2025-06-19,7,1105.7,891.87,7.422,7.262,7.16
2025-06-20,7,1037.5,921.69,7.42,7.421,7.148
2025-06-21,7,1143.81,864.83,7.68,7.537,7.136
2025-06-22,7,1103.0,822.1,7.494,7.491,7.124
2025-06-23,7,1189.49,884.16,7.56,7.62,7.112
2025-06-24,7,1134.84,866.87,7.519,7.43,7.101
2025-06-25,7,1179.0,875.0,7.517,7.487,7.089
2025-06-26,7,925.07,808.72,7.411,7.341,7.077
2025-06-27,7,1149.45,911.25,7.543,7.534,7.065
2025-06-28,7,1005.61,869.29,7.47,7.361,7.053
2025-06-29,7,1030.89,830.47,7.394,7.337,7.041
2025-06-30,7,1125.34,804.22,7.4,7.406,7.029
2025-07-01,7,1182.86,871.38,7.356,7.303,7.017
2025-07-02,7,1048.01,792.16,7.359,7.227,7.005
2025-07-03,7,1139.02,907.24,7.339,7.351,6.992
2025-07-04,7,957.6,804.36,7.361,7.246,6.98
2025-07-05,7,1136.08,884.13,7.458,7.412,6.968
2025-07-06,7,1108.72,815.92,7.21,7.189,6.956
2025-07-07,7,1141.95,876.54,7.386,7.342,6.944
2025-07-08,7,733.64,794.72,7.053,7.13,6.932
2025-07-09,7,868.61,820.71,7.172,7.159,6.92
2025-07-10,7,760.79,848.21,7.032,6.972,6.908
2025-07-11,7,940.06,843.61,7.08,7.06,6.897
2025-07-12,7,855.06,859.74,7.022,6.982,6.885
2025-07-13,7,766.78,805.31,6.884,6.837,6.873
2025-07-14,7,922.33,826.88,7.15,7.112,6.861
2025-07-15,7,951.91,869.52,6.924,6.852,6.849
2025-07-16,7,858.52,803.41,6.994,6.955,6.837
2025-07-17,7,1042.46,850.76,6.892,6.816,6.826
2025-07-18,7,1090.99,826.01,7.057,6.912,6.814
2025-07-19,7,1028.53,844.16,7.136,7.143,6.803
2025-07-20,7,1106.29,843.51,7.094,7.015,6.791
2025-07-21,7,1018.69,816.84,7.036,6.993,6.78
2025-07-22,7,1151.18,839.45,7.115,7.027,6.768
2025-07-23,7,1109.01,858.05,6.988,6.902,6.757
2025-07-24,7,1110.55,854.01,7.106,7.004,6.746
2025-07-25,7,1059.34,917.49,7.074,7.072,6.734
2025-07-26,7,1151.0,902.81,6.875,6.884,6.723
2025-07-27,7,1117.17,882.79,7.02,6.972,6.712
2025-07-28,7,1011.33,851.24,7.089,7.012,6.701
2025-07-29,7,1070.11,854.53,6.955,6.821,6.69
2025-07-30,7,1249.99,957.95,7.071,7.06,6.68
2025-07-31,7,1090.72,859.07,7.054,6.97,6.669
2025-08-01,7,1045.94,903.99,6.927,6.821,6.659
2025-08-02,7,1146.06,918.21,6.997,6.949,6.648
2025-08-03,7,1109.59,900.24,7.054,6.987,6.638
2025-08-04,7,1133.22,881.56,6.907,6.781,6.627
2025-08-05,7,945.43,894.58,6.751,6.632,6.617
2025-08-06,7,923.74,908.23,6.849,6.816,6.607
2025-08-07,7,920.37,907.71,6.679,6.596,6.597
2025-08-08,7,1038.52,984.03,6.774,6.75,6.588
2025-08-09,7,1061.75,942.07,6.642,6.599,6.578
2025-08-10,7,995.83,928.69,6.705,6.708,6.568
2025-08-11,7,1111.67,955.17,6.745,6.653,6.559
2025-08-12,7,1116.65,978.95,6.507,6.469,6.55
2025-08-13,7,1108.19,947.39,6.648,6.63,6.541
2025-08-14,7,1153.24,994.61,6.716,6.635,6.531
2025-08-15,7,1083.19,921.83,6.691,6.697,6.523
2025-08-16,7,967.59,1010.28,6.622,6.489,6.514
2025-08-17,7,1070.49,971.59,6.567,6.475,6.505
2025-08-18,7,1329.85,972.49,6.897,6.762,6.497
2025-08-19,7,1315.35,951.83,6.813,6.726,6.489
2025-08-20,7,1129.38,934.65,6.874,6.816,6.48
2025-08-21,7,1217.38,920.45,6.853,6.844,6.472
2025-08-22,7,1215.87,952.86,6.779,6.721,6.465
2025-08-23,7,1418.5,1000.52,6.893,6.813,6.457
2025-08-24,7,1096.79,946.31,6.752,6.624,6.449
2025-08-25,7,1118.26,925.37,6.887,6.777,6.442
2025-08-26,7,1065.48,946.97,6.891,6.856,6.435
2025-08-27,7,1235.63,964.15,6.862,6.856,6.428
2025-08-28,7,1398.86,963.99,6.757,6.686,6.421
2025-08-29,7,1228.03,969.66,6.968,6.979,6.414
2025-08-30,7,1288.36,1008.04,6.77,6.672,6.408
2025-08-31,7,1331.11,1013.01,6.771,6.701,6.401
2025-09-01,7,1306.73,1036.51,6.744,6.678,6.395
2025-09-02,7,1177.37,906.17,6.649,6.675,6.389
2025-09-03,7,1209.62,929.5,6.837,6.794,6.384
2025-09-04,7,1178.33,980.02,6.682,6.542,6.378
2025-09-05,7,975.27,935.53,6.596,6.594,6.372
2025-09-06,7,1084.01,977.15,6.61,6.652,6.367
2025-09-07,7,1067.67,949.64,6.56,6.498,6.362
2025-09-08,7,1145.61,992.83,6.452,6.357,6.357
2025-09-09,7,1043.49,969.03,6.475,6.469,6.353
2025-09-10,7,1040.17,964.5,6.284,6.332,6.348
2025-09-11,7,1007.49,907.64,6.485,6.477,6.344
2025-09-12,7,915.43,913.22,6.554,6.423,6.34
2025-09-13,7,899.67,900.45,6.467,6.455,6.336
2025-09-14,7,887.0,852.87,6.435,6.405,6.332
2025-09-15,7,902.03,951.51,6.455,6.357,6.329
2025-09-16,7,996.5,920.51,6.573,6.587,6.325
2025-09-17,7,994.22,876.79,6.468,6.44,6.322
2025-09-18,7,1127.09,929.03,6.818,6.834,6.319
2025-09-19,7,1116.77,855.89,6.621,6.518,6.317
2025-09-20,7,985.86,808.3,6.681,6.651,6.314
2025-09-21,7,1073.04,902.72,6.627,6.532,6.312
2025-09-22,7,1172.94,817.69,6.826,6.788,6.31
2025-09-23,7,1012.25,850.75,6.672,6.696,6.308
2025-09-24,7,1004.41,860.19,6.826,6.705,6.306
2025-09-25,7,1109.63,862.07,6.621,6.503,6.305
2025-09-26,7,1128.91,874.12,6.776,6.773,6.303
2025-09-27,7,1139.27,860.88,6.662,6.611,6.302
2025-09-28,7,1224.46,856.21,6.718,6.727,6.301
2025-09-29,7,973.51,806.0,6.553,6.463,6.301
2025-09-30,7,1029.17,841.02,6.678,6.631,6.3
2025-10-01,7,1084.56,775.4,6.565,6.549,6.3
2025-10-02,7,1184.39,880.5,6.671,6.631,6.3
2025-10-03,7,1033.62,774.83,6.529,6.389,6.3
2025-10-04,7,990.78,810.25,6.643,6.734,6.301
2025-10-05,7,1054.13,775.05,6.739,6.699,6.301
2025-10-06,7,1060.58,794.88,6.696,6.579,6.302
2025-10-07,7,1054.5,820.52,6.554,6.52,6.303
2025-10-08,7,804.11,801.54,6.302,6.274,6.304
2025-10-09,7,910.86,860.49,6.495,6.495,6.306
2025-10-10,7,979.96,829.16,6.584,6.58,6.307
2025-10-11,7,775.93,806.17,6.382,6.321,6.309
2025-10-12,7,807.78,819.24,6.629,6.493,6.311
2025-10-13,7,868.32,868.51,6.463,6.436,6.313
2025-10-14,7,874.64,859.91,6.309,6.177,6.316
2025-10-15,7,829.41,790.86,6.343,6.354,6.318
2025-10-16,7,912.45,809.85,6.533,6.446,6.321
2025-10-17,7,927.76,853.58,6.485,6.466,6.324
2025-10-18,7,1087.36,852.92,6.796,6.713,6.327
2025-10-19,7,1043.63,807.66,6.585,6.51,6.331
2025-10-20,7,1154.66,874.8,6.694,6.604,6.334
2025-10-21,7,933.12,821.8,6.689,6.675,6.338
2025-10-22,7,1224.55,903.24,6.681,6.6,6.342
2025-10-23,7,1060.59,880.97,6.666,6.654,6.347
2025-10-24,7,1021.99,827.84,6.672,6.592,6.351
2025-10-25,7,1108.0,854.12,6.72,6.658,6.356
2025-10-26,7,1085.52,858.82,6.735,6.686,6.36
2025-10-27,7,1163.61,888.96,6.736,6.693,6.365
2025-10-28,7,1129.8,881.73,6.817,6.721,6.37
2025-10-29,7,1065.22,854.33,6.63,6.615,6.376
2025-10-30,7,1185.13,851.2,6.586,6.523,6.381
2025-10-31,7,1226.88,924.8,6.818,6.796,6.387
2025-11-01,7,1192.13,921.15,6.668,6.617,6.393
2025-11-02,7,1219.8,920.33,6.719,6.698,6.399
2025-11-03,7,1130.48,931.53,6.706,6.636,6.405
2025-11-04,7,1307.81,905.7,6.711,6.622,6.412
2025-11-05,7,904.23,938.98,6.452,6.423,6.418
2025-11-06,7,1087.02,1026.41,6.53,6.455,6.425
2025-11-07,7,1010.14,983.5,6.634,6.657,6.432
2025-11-08,7,959.46,936.93,6.589,6.542,6.439
2025-11-09,7,945.85,933.1,6.637,6.518,6.447
2025-11-10,7,845.42,855.46,6.564,6.485,6.454
2025-11-11,7,1141.47,996.86,6.684,6.584,6.462
2025-11-12,7,944.63,990.57,6.579,6.582,6.469
2025-11-13,7,1069.19,947.29,6.459,6.447,6.477
2025-11-14,7,1012.82,919.17,6.661,6.608,6.485
2025-11-15,7,949.66,931.47,6.705,6.67,6.494
2025-11-16,7,1081.39,989.73,6.607,6.553,6.502
2025-11-17,7,1009.32,972.96,6.757,6.75,6.511
2025-11-18,7,1184.08,1001.83,6.801,6.777,6.519
2025-11-19,7,1161.25,981.81,6.932,6.917,6.528
2025-11-20,7,1340.15,1013.4,7.027,6.967,6.537
2025-11-21,7,1308.91,992.89,6.899,6.818,6.546
2025-11-22,7,1300.91,1008.96,6.887,6.871,6.555
2025-11-23,7,1122.77,906.42,6.906,6.934,6.565
2025-11-24,7,1173.94,935.58,7.055,7.06,6.574
2025-11-25,7,1200.26,964.87,6.966,6.995,6.584
2025-11-26,7,1145.92,1013.87,7.115,7.073,6.594
2025-11-27,7,1325.89,1039.99,6.976,6.877,6.604
2025-11-28,7,1267.4,966.16,6.911,6.817,6.614
2025-11-29,7,1208.93,947.88,6.927,6.946,6.624
2025-11-30,7,1267.41,897.9,6.989,6.846,6.634
2025-12-01,7,1181.62,993.27,6.831,6.856,6.644
2025-12-02,7,1144.32,940.19,6.967,6.877,6.655
2025-12-03,7,1356.35,1059.11,6.979,7.025,6.665
2025-12-04,7,1193.49,925.54,7.045,6.991,6.676
2025-12-05,7,1141.05,1020.71,7.192,7.178,6.686
2025-12-06,7,1063.72,968.59,6.852,6.921,6.697
2025-12-07,7,964.56,901.57,6.704,6.638,6.708
2025-12-08,7,828.21,940.66,6.796,6.729,6.719
2025-12-09,7,993.17,954.36,6.901,6.816,6.73
2025-12-10,7,900.74,914.17,6.899,6.799,6.741
2025-12-11,7,958.95,945.96,7.033,6.966,6.753
2025-12-12,7,886.08,939.69,6.991,6.913,6.764
2025-12-13,7,1003.62,926.45,7.0,6.887,6.775
2025-12-14,7,1071.16,899.42,6.919,6.859,6.787
2025-12-15,7,914.05,853.3,7.036,7.009,6.798
2025-12-16,7,777.4,886.18,6.888,6.793,6.81
2025-12-17,7,954.33,889.53,7.049,6.991,6.821
2025-12-18,7,1018.96,812.29,7.16,7.181,6.833
2025-12-19,7,1038.39,878.56,7.079,6.958,6.845
2025-12-20,7,1121.82,864.07,7.254,7.301,6.857
2025-12-21,7,1095.17,817.06,7.33,7.246,6.868
2025-12-22,7,1029.12,845.95,7.198,7.158,6.88
2025-12-23,7,958.69,842.06,7.367,7.381,6.892
2025-12-24,7,1016.05,916.13,7.121,7.151,6.904
2025-12-25,7,1036.83,852.13,7.17,7.144,6.916
2025-12-26,7,1102.64,876.81,7.266,7.181,6.928
2025-12-27,7,1023.32,832.84,7.26,7.171,6.94
2025-12-28,7,933.49,768.09,7.249,7.17,6.952
2025-12-29,7,1123.71,854.25,7.325,7.369,6.964
2025-12-30,7,1052.23,805.06,7.284,7.214,6.976
2025-12-31,7,1046.88,814.08,7.309,7.275,6.988
2026-01-01,7,1050.98,787.06,7.372,7.27,7.0
2026-01-02,7,1004.34,824.92,7.309,7.201,7.012
2026-01-03,7,1015.12,858.5,7.366,7.317,7.024
2026-01-04,7,1047.77,853.08,7.334,7.268,7.036
2026-01-05,7,1070.55,875.57,7.302,7.239,7.048
2026-01-06,7,973.77,880.53,7.471,7.347,7.06
2026-01-07,7,918.33,748.83,7.559,7.505,7.072
2026-01-08,7,887.3,779.44,7.319,7.347,7.084
2026-01-09,7,845.68,759.09,7.273,7.18,7.096
2026-01-10,7,923.88,846.03,7.207,7.201,7.108
2026-01-11,7,850.09,801.57,7.247,7.024,7.12
2026-01-12,7,945.53,810.98,7.366,7.276,7.132
2026-01-13,7,794.48,823.14,7.111,6.965,7.143
2026-01-14,7,824.04,847.07,7.276,7.288,7.155
2026-01-15,7,894.82,784.97,7.376,7.37,7.167
2026-01-16,7,838.07,796.49,7.238,7.136,7.179
2026-01-17,7,841.35,844.47,7.374,7.339,7.19
2026-01-18,7,1170.3,890.53,7.582,7.592,7.202
2026-01-19,7,1052.26,852.09,7.447,7.465,7.213
2026-01-20,7,998.37,829.9,7.582,7.511,7.225
2026-01-21,7,945.31,787.25,7.537,7.376,7.236
2026-01-22,7,1167.19,900.8,7.631,7.536,7.247
2026-01-23,7,1089.48,846.88,7.662,7.651,7.259
2026-01-24,7,1165.65,837.79,7.652,7.707,7.27
2026-01-25,7,1026.52,823.33,7.637,7.584,7.281
2026-01-26,7,1044.29,838.5,7.665,7.585,7.292
2026-01-27,7,1192.32,860.78,7.559,7.629,7.303
2026-01-28,7,1202.69,891.64,7.661,7.631,7.314
2026-01-29,7,1106.37,863.27,7.611,7.499,7.324
2026-01-30,7,1050.8,917.63,7.767,7.711,7.335
2026-01-31,7,1094.2,908.01,7.75,7.75,7.345
2026-02-01,7,1185.46,999.82,7.76,7.707,7.356
2026-02-02,7,1104.52,867.71,7.853,7.843,7.366
2026-02-03,7,1153.35,938.19,7.7,7.57,7.376
2026-02-04,7,1319.44,943.65,7.693,7.571,7.386
2026-02-05,7,837.7,906.32,7.518,7.431,7.396
2026-02-06,7,909.58,950.36,7.428,7.364,7.406
2026-02-07,7,1046.42,978.36,7.444,7.411,7.416
2026-02-08,7,1046.9,958.95,7.625,7.607,7.426
2026-02-09,7,849.7,1007.91,7.474,7.547,7.435
2026-02-10,7,808.04,886.82,7.509,7.422,7.445
2026-02-11,7,963.93,936.84,7.596,7.53,7.454
2026-02-12,7,1182.71,1020.91,7.58,7.494,7.463
2026-02-13,7,1205.61,1003.82,7.693,7.697,7.472
2026-02-14,7,1009.82,993.09,7.636,7.642,7.481
2026-02-15,7,1056.29,1019.25,7.575,7.503,7.489
2026-02-16,7,895.11,910.54,7.726,7.779,7.498
2026-02-17,7,1107.95,1006.63,7.715,7.629,7.506
2026-02-18,7,1415.69,1016.81,7.752,7.753,7.515
2026-02-19,7,1311.41,956.9,7.893,7.916,7.523
2026-02-20,7,1358.92,1071.97,7.823,7.705,7.531
2026-02-21,7,1186.6,986.43,7.829,7.808,7.538
2026-02-22,7,1146.18,902.04,8.045,7.859,7.546
2026-02-23,7,1367.99,990.97,7.913,7.905,7.553
2026-02-24,7,1177.16,950.89,7.893,7.788,7.561
2026-02-25,7,1141.58,1014.95,7.925,7.903,7.568
2026-02-26,7,1230.13,991.08,7.995,7.982,7.575
2026-02-27,7,1183.24,948.35,7.875,7.881,7.582
2026-02-28,7,1145.56,1018.91,7.896,7.89,7.588
2026-03-01,7,1283.31,995.92,7.997,7.95,7.595
2026-03-02,7,1219.37,930.47,7.83,7.761,7.601
2026-03-03,7,1348.21,950.25,8.036,7.983,7.607
2026-03-04,7,1127.94,969.52,7.834,7.729,7.613
2026-03-05,7,1241.13,934.27,7.949,7.888,7.619
2026-03-06,7,1253.96,930.69,7.846,7.782,7.624
2026-03-07,7,1231.36,938.84,7.895,7.806,7.63
2026-03-08,7,867.89,895.24,7.888,7.751,7.635
2026-03-09,7,819.33,849.21,7.873,7.759,7.64
2026-03-10,7,984.18,930.42,7.887,7.679,7.644
2026-03-11,7,895.48,847.02,7.683,7.618,7.649
2026-03-12,7,880.97,876.38,7.719,7.687,7.653
2026-03-13,7,972.92,843.58,7.835,7.651,7.658
2026-03-14,7,857.42,842.3,7.869,7.831,7.662
2026-03-15,7,817.05,909.34,7.752,7.695,7.666
2026-03-16,7,909.35,881.09,7.773,7.664,7.669
2026-03-17,7,951.63,874.32,7.732,7.661,7.673
2026-03-18,7,1079.26,831.89,8.159,8.161,7.676
2026-03-19,7,1101.82,849.68,7.991,7.892,7.679
2026-03-20,7,1223.66,880.64,8.034,7.988,7.682
2026-03-21,7,1016.23,860.62,8.041,8.008,7.684
2026-03-22,7,1095.68,886.4,8.125,8.034,7.687
2026-03-23,7,1235.79,886.76,7.963,7.963,7.689
2026-03-24,7,934.32,839.75,8.134,8.105,7.691
2026-03-25,7,986.74,779.6,7.941,7.878,7.693
2026-03-26,7,1113.9,814.07,8.138,8.206,7.694
2026-03-27,7,1139.55,833.54,7.909,7.909,7.696
2026-03-28,7,1066.85,806.5,8.039,7.904,7.697
2026-03-29,7,1051.66,793.81,8.178,8.109,7.698
2026-03-30,7,985.61,830.54,8.105,8.178,7.699
2026-03-31,7,1256.89,910.89,8.083,7.984,7.699
