date,actual_balances_bln,required_reserves_bln,accounting_reserves_bln,ruonia
2014-01-01,1089.51,980.0,176.4,7.037
2014-01-02,1063.02,980.76,176.54,6.965
2014-01-03,1096.86,981.52,176.67,7.212
2014-01-04,1098.29,982.28,176.81,7.192
2014-01-05,1087.42,983.03,176.95,6.771
2014-01-06,1120.53,983.79,177.08,6.806
2014-01-07,1116.2,984.53,177.22,7.009
2014-01-08,1114.75,985.28,177.35,7.046
2014-01-09,1109.97,986.01,177.48,7.172
2014-01-10,1119.77,986.74,177.61,7.103
2014-01-11,1113.29,987.47,177.74,7.269
2014-01-12,1106.19,988.18,177.87,7.182
2014-01-13,1086.28,988.89,178.0,7.054
2014-01-14,1132.22,989.58,178.12,7.212
2014-01-15,1065.75,990.27,178.25,7.223
2014-01-16,1091.79,990.94,178.37,7.154
2014-01-17,1068.79,991.6,178.49,7.332
2014-01-18,1178.24,992.25,178.6,7.38
2014-01-19,1113.86,992.88,178.72,7.525
2014-01-20,1112.58,993.5,178.83,7.371
2014-01-21,1103.47,994.11,178.94,7.386
2014-01-22,1129.21,994.7,179.05,7.416
2014-01-23,1090.54,995.27,179.15,7.734
2014-01-24,1110.33,995.83,179.25,7.599
2014-01-25,1075.08,996.37,179.35,7.523
2014-01-26,1130.73,996.89,179.44,7.456
2014-01-27,1118.76,997.39,179.53,7.519
2014-01-28,1102.51,997.87,179.62,7.529
2014-01-29,1165.56,998.33,179.7,7.624
2014-01-30,1120.02,998.78,179.78,7.715
2014-01-31,1173.84,999.2,179.86,7.95
2014-02-01,1148.51,999.6,179.93,7.6
2014-02-02,1206.58,999.98,180.0,7.511
2014-02-03,1194.74,1000.34,180.06,7.431
2014-02-04,1162.2,1000.67,180.12,7.632
2014-02-05,1099.29,1000.99,180.18,7.532
2014-02-06,1136.65,1001.28,180.23,7.471
2014-02-07,1120.02,1001.54,180.28,7.413
2014-02-08,1123.06,1001.79,180.32,7.37
2014-02-09,1154.25,1002.0,180.36,7.47
2014-02-10,1107.78,1002.2,180.4,7.436
2014-02-11,1122.87,1002.37,180.43,7.441
2014-02-12,1137.23,1002.52,180.45,7.383
2014-02-13,1128.36,1002.64,180.48,7.578
2014-02-14,1100.6,1002.74,180.49,7.592
2014-02-15,1090.79,1002.82,180.51,7.559
2014-02-16,1051.72,1002.87,180.52,7.559
2014-02-17,1059.67,1002.89,180.52,7.436
2014-02-18,1153.24,1002.9,180.52,7.768
2014-02-19,1137.22,1002.87,180.52,7.781
2014-02-20,1136.86,1002.83,180.51,7.893
2014-02-21,1154.18,1002.76,180.5,7.962
2014-02-22,1102.61,1002.66,180.48,7.664
2014-02-23,1122.38,1002.54,180.46,7.722
2014-02-24,1132.03,1002.4,180.43,7.657
2014-02-25,1114.14,1002.24,180.4,7.663
2014-02-26,1164.24,1002.05,180.37,7.792
2014-02-27,1157.08,1001.84,180.33,8.089
2014-02-28,1148.85,1001.61,180.29,7.832
2014-03-01,1188.1,1001.35,180.24,8.004
2014-03-02,1122.34,1001.08,180.19,7.606
2014-03-03,1162.06,1000.78,180.14,7.719
2014-03-04,1177.11,1000.46,180.08,7.804
2014-03-05,1155.38,1000.12,180.02,7.939
2014-03-06,1187.88,999.77,179.96,8.038
2014-03-07,1161.75,999.39,179.89,8.072
2014-03-08,1134.97,999.0,179.82,7.636
2014-03-09,1145.4,998.58,179.74,7.541
2014-03-10,1129.02,998.15,179.67,7.65
2014-03-11,1081.67,997.7,179.59,7.548
2014-03-12,1099.07,997.24,179.5,7.5
2014-03-13,1129.25,996.76,179.42,7.6
2014-03-14,1112.48,996.26,179.33,7.649
2014-03-15,1046.82,995.75,179.24,7.769
2014-03-16,1126.63,995.23,179.14,7.643
2014-03-17,1094.88,994.7,179.05,7.658
2014-03-18,1136.13,994.15,178.95,7.796
2014-03-19,1168.3,993.59,178.85,7.948
2014-03-20,1124.05,993.02,178.74,8.085
2014-03-21,1116.95,992.44,178.64,7.995
2014-03-22,1133.98,991.85,178.53,8.035
2014-03-23,1160.37,991.25,178.43,7.816
2014-03-24,1153.26,990.65,178.32,7.8
2014-03-25,1123.22,990.04,178.21,7.819
2014-03-26,1124.71,989.42,178.1,7.801
2014-03-27,1132.66,988.79,177.98,8.082
2014-03-28,1089.73,988.17,177.87,7.988
2014-03-29,1135.0,987.54,177.76,7.993
2014-03-30,1109.26,986.9,177.64,7.963
2014-03-31,1137.91,986.27,177.53,7.906
2014-04-01,1132.04,985.64,177.41,7.951
2014-04-02,1154.58,985.0,177.3,7.938
2014-04-03,1152.72,984.37,177.19,7.977
2014-04-04,1088.85,983.73,177.07,8.038
2014-04-05,1166.18,983.1,176.96,7.79
2014-04-06,1181.35,982.48,176.85,7.732
2014-04-07,1180.96,981.85,176.73,7.692
2014-04-08,1101.58,981.23,176.62,7.499
2014-04-09,1141.27,980.62,176.51,7.743
2014-04-10,1111.84,980.02,176.4,7.663
2014-04-11,1112.98,979.42,176.3,7.744
2014-04-12,1123.25,978.83,176.19,7.89
2014-04-13,1103.85,978.25,176.09,7.602
2014-04-14,1070.55,977.68,175.98,7.677
2014-04-15,1030.14,977.12,175.88,7.493
2014-04-16,1066.06,976.57,175.78,7.656
2014-04-17,1085.67,976.04,175.69,7.642
2014-04-18,1123.42,975.52,175.59,7.981
2014-04-19,1141.27,975.01,175.5,8.066
2014-04-20,1119.87,974.51,175.41,7.667
2014-04-21,1138.66,974.03,175.33,7.869
2014-04-22,1098.59,973.57,175.24,7.861
2014-04-23,1111.35,973.12,175.16,7.835
2014-04-24,1109.56,972.69,175.08,7.807
2014-04-25,1130.31,972.27,175.01,8.004
2014-04-26,1060.08,971.88,174.94,7.873
2014-04-27,1089.37,971.5,174.87,7.872
2014-04-28,1121.33,971.15,174.81,7.788
2014-04-29,1141.11,970.81,174.75,7.992
2014-04-30,1117.86,970.49,174.69,7.843
2014-05-01,1112.39,970.19,174.63,7.822
2014-05-02,1142.24,969.92,174.59,7.98
2014-05-03,1151.66,969.66,174.54,7.924
2014-05-04,1131.5,969.43,174.5,7.968
2014-05-05,1153.15,969.22,174.46,7.845
2014-05-06,1107.62,969.03,174.43,7.55
2014-05-07,1128.08,968.87,174.4,7.755
2014-05-08,1106.51,968.73,174.37,7.508
2014-05-09,1093.51,968.61,174.35,7.586
2014-05-10,1092.29,968.51,174.33,7.49
2014-05-11,1105.23,968.44,174.32,7.46
2014-05-12,1088.46,968.4,174.31,7.28
2014-05-13,1091.85,968.37,174.31,7.533
2014-05-14,1059.85,968.38,174.31,7.501
2014-05-15,1106.08,968.4,174.31,7.421
2014-05-16,1046.09,968.45,174.32,7.487
2014-05-17,1054.78,968.53,174.33,7.584
2014-05-18,1129.33,968.63,174.35,7.802
2014-05-19,1163.96,968.75,174.37,7.878
2014-05-20,1104.23,968.9,174.4,7.999
2014-05-21,1092.92,969.07,174.43,7.768
2014-05-22,1090.44,969.27,174.47,7.669
2014-05-23,1135.2,969.48,174.51,7.542
2014-05-24,1034.31,969.73,174.55,7.767
2014-05-25,1073.05,969.99,174.6,7.541
2014-05-26,1155.64,970.28,174.65,7.525
2014-05-27,1110.49,970.6,174.71,7.511
2014-05-28,1076.53,970.93,174.77,7.636
2014-05-29,1104.62,971.29,174.83,7.849
2014-05-30,1112.82,971.67,174.9,7.749
2014-05-31,1136.63,972.07,174.97,7.647
2014-06-01,1165.78,972.49,175.05,7.445
2014-06-02,1141.48,972.94,175.13,7.303
2014-06-03,1128.71,973.4,175.21,7.455
2014-06-04,1165.26,973.88,175.3,7.574
2014-06-05,1069.36,974.38,175.39,7.611
2014-06-06,1067.92,974.9,175.48,7.423
2014-06-07,1056.79,975.44,175.58,7.46
2014-06-08,1064.67,976.0,175.68,7.184
2014-06-09,1081.58,976.57,175.78,7.037
2014-06-10,1076.13,977.16,175.89,7.072
2014-06-11,1108.2,977.77,176.0,7.167
2014-06-12,1072.78,978.39,176.11,7.577
2014-06-13,1026.57,979.02,176.22,7.231
2014-06-14,1068.2,979.67,176.34,7.364
2014-06-15,1075.32,980.33,176.46,7.057
2014-06-16,1066.28,981.0,176.58,7.212
2014-06-17,1106.56,981.69,176.7,7.154
2014-06-18,1123.13,982.38,176.83,7.405
2014-06-19,1149.75,983.09,176.96,7.486
2014-06-20,1124.24,983.8,177.08,7.42
2014-06-21,1118.85,984.53,177.21,7.486
2014-06-22,1097.58,985.26,177.35,7.279
2014-06-23,1112.09,985.99,177.48,7.121
2014-06-24,1095.38,986.74,177.61,7.122
2014-06-25,1116.25,987.48,177.75,7.362
2014-06-26,1109.11,988.24,177.88,7.597
2014-06-27,1096.77,988.99,178.02,7.434
2014-06-28,1143.95,989.75,178.15,7.335
2014-06-29,1137.28,990.51,178.29,7.285
2014-06-30,1124.75,991.27,178.43,7.341
2014-07-01,1145.24,992.03,178.57,7.218
2014-07-02,1148.06,992.79,178.7,7.208
2014-07-03,1138.79,993.55,178.84,7.456
2014-07-04,1167.22,994.3,178.97,7.382
2014-07-05,1159.31,995.06,179.11,7.449
2014-07-06,1158.72,995.8,179.24,7.188
2014-07-07,1149.33,996.55,179.38,6.953
2014-07-08,1111.45,997.28,179.51,6.693
2014-07-09,1134.74,998.01,179.64,7.121
2014-07-10,1108.45,998.74,179.77,7.196
2014-07-11,1179.16,999.45,179.9,6.975
2014-07-12,1141.69,1000.16,180.03,6.885
2014-07-13,1148.03,1000.85,180.15,7.008
2014-07-14,1132.74,1001.54,180.28,6.634
2014-07-15,1150.89,1002.21,180.4,6.667
2014-07-16,1086.92,1002.87,180.52,6.918
2014-07-17,1041.51,1003.52,180.63,6.859
2014-07-18,1151.45,1004.15,180.75,7.164
2014-07-19,1167.07,1004.77,180.86,7.079
2014-07-20,1152.05,1005.38,180.97,7.041
2014-07-21,1149.41,1005.97,181.07,7.104
2014-07-22,1167.98,1006.54,181.18,6.954
2014-07-23,1144.06,1007.1,181.28,7.087
2014-07-24,1151.28,1007.64,181.37,6.831
2014-07-25,1112.52,1008.16,181.47,7.079
2014-07-26,1110.04,1008.66,181.56,6.918
2014-07-27,1172.05,1009.14,181.65,6.775
2014-07-28,1142.52,1009.6,181.73,6.751
2014-07-29,1131.59,1010.05,181.81,6.825
2014-07-30,1137.66,1010.47,181.88,7.042
2014-07-31,1143.87,1010.87,181.96,6.841
2014-08-01,1149.89,1011.25,182.02,7.012
2014-08-02,1144.82,1011.61,182.09,6.886
2014-08-03,1147.53,1011.94,182.15,6.808
2014-08-04,1183.34,1012.26,182.21,6.903
2014-08-05,1111.0,1012.55,182.26,6.606
2014-08-06,1153.88,1012.81,182.31,6.77
2014-08-07,1140.28,1013.06,182.35,6.659
2014-08-08,1142.66,1013.27,182.39,6.604
2014-08-09,1122.0,1013.47,182.42,6.597
2014-08-10,1135.71,1013.64,182.46,6.556
2014-08-11,1144.84,1013.79,182.48,6.485
2014-08-12,1149.74,1013.91,182.5,6.344
2014-08-13,1127.7,1014.01,182.52,6.554
2014-08-14,1148.17,1014.09,182.54,6.639
2014-08-15,1118.37,1014.14,182.54,6.924
2014-08-16,1128.79,1014.16,182.55,6.785
2014-08-17,1093.39,1014.17,182.55,6.362
2014-08-18,1127.08,1014.14,182.55,6.617
2014-08-19,1165.94,1014.1,182.54,6.487
2014-08-20,1169.65,1014.03,182.52,6.662
2014-08-21,1160.84,1013.93,182.51,6.84
2014-08-22,1153.04,1013.81,182.49,6.959
2014-08-23,1132.9,1013.67,182.46,6.665
2014-08-24,1121.03,1013.51,182.43,6.579
2014-08-25,1150.58,1013.32,182.4,6.339
2014-08-26,1148.95,1013.11,182.36,6.589
2014-08-27,1129.76,1012.88,182.32,6.552
2014-08-28,1170.32,1012.62,182.27,6.687
2014-08-29,1131.43,1012.35,182.22,6.658
2014-08-30,1143.84,1012.05,182.17,6.691
2014-08-31,1199.14,1011.73,182.11,6.399
2014-09-01,1189.06,1011.4,182.05,6.373
2014-09-02,1168.92,1011.04,181.99,6.818
2014-09-03,1189.71,1010.66,181.92,6.48
2014-09-04,1192.81,1010.27,181.85,6.576
2014-09-05,1064.2,1009.85,181.77,6.692
2014-09-06,1108.78,1009.42,181.7,6.761
2014-09-07,1130.46,1008.97,181.62,6.179
2014-09-08,1125.19,1008.51,181.53,6.217
2014-09-09,1138.44,1008.03,181.45,6.317
2014-09-10,1156.31,1007.53,181.36,6.557
2014-09-11,1121.39,1007.02,181.26,6.305
2014-09-12,1100.85,1006.5,181.17,6.409
2014-09-13,1125.73,1005.97,181.07,6.473
2014-09-14,1104.89,1005.42,180.98,6.342
2014-09-15,1101.41,1004.86,180.87,6.187
2014-09-16,1090.76,1004.29,180.77,6.232
2014-09-17,1138.7,1003.71,180.67,6.158
2014-09-18,1102.46,1003.12,180.56,6.62
2014-09-19,1136.06,1002.52,180.45,6.633
2014-09-20,1138.13,1001.92,180.35,6.636
2014-09-21,1115.64,1001.31,180.23,6.452
2014-09-22,1148.43,1000.69,180.12,6.519
2014-09-23,1143.7,1000.07,180.01,6.602
2014-09-24,1123.39,999.44,179.9,6.575
2014-09-25,1118.6,998.81,179.79,6.675
2014-09-26,1123.66,998.18,179.67,6.658
2014-09-27,1126.75,997.54,179.56,6.596
2014-09-28,1131.48,996.91,179.44,6.422
2014-09-29,1134.22,996.27,179.33,6.491
2014-09-30,1149.83,995.64,179.21,6.461
2014-10-01,1167.25,995.0,179.1,6.801
2014-10-02,1130.2,994.37,178.99,6.817
2014-10-03,1140.63,993.75,178.87,6.694
2014-10-04,1131.32,993.12,178.76,6.502
2014-10-05,1194.2,992.51,178.65,6.374
2014-10-06,1185.04,991.89,178.54,6.597
2014-10-07,1193.87,991.29,178.43,6.506
2014-10-08,1083.2,990.69,178.32,6.362
2014-10-09,1154.38,990.1,178.22,6.175
2014-10-10,1100.71,989.52,178.11,6.516
2014-10-11,1115.33,988.95,178.01,6.408
2014-10-12,1126.58,988.39,177.91,6.135
2014-10-13,1081.0,987.84,177.81,6.161
2014-10-14,1084.59,987.31,177.72,6.271
2014-10-15,1093.65,986.79,177.62,6.327
2014-10-16,1145.15,986.28,177.53,6.368
2014-10-17,1081.28,985.78,177.44,6.414
2014-10-18,1172.45,985.3,177.35,6.597
2014-10-19,1156.49,984.84,177.27,6.564
2014-10-20,1131.62,984.39,177.19,6.673
2014-10-21,1096.28,983.96,177.11,6.215
2014-10-22,1137.06,983.54,177.04,6.58
2014-10-23,1077.86,983.15,176.97,6.716
2014-10-24,1144.6,982.77,176.9,6.759
2014-10-25,1113.92,982.42,176.83,6.635
2014-10-26,1052.91,982.08,176.77,6.393
2014-10-27,1106.93,981.76,176.72,6.603
2014-10-28,1133.41,981.46,176.66,6.805
2014-10-29,1119.63,981.19,176.61,6.509
2014-10-30,1147.42,980.93,176.57,6.895
2014-10-31,1120.59,980.7,176.53,6.793
2014-11-01,1118.66,980.49,176.49,6.796
2014-11-02,1154.12,980.3,176.45,6.619
2014-11-03,1164.62,980.14,176.42,6.684
2014-11-04,1164.15,980.0,176.4,6.936
2014-11-05,1136.13,979.88,176.38,6.719
2014-11-06,1096.96,979.78,176.36,6.982
2014-11-07,1128.16,979.71,176.35,6.987
2014-11-08,1127.34,979.67,176.34,6.903
2014-11-09,1095.11,979.64,176.34,7.038
2014-11-10,1102.81,979.65,176.34,6.901
2014-11-11,1133.62,979.67,176.34,7.048
2014-11-12,1177.67,979.72,176.35,7.08
2014-11-13,1146.95,979.8,176.36,7.301
2014-11-14,1096.03,979.9,176.38,7.336
2014-11-15,1065.28,980.02,176.4,7.603
2014-11-16,1149.81,980.17,176.43,7.384
2014-11-17,1132.12,980.34,176.46,7.704
2014-11-18,1230.78,980.54,176.5,8.007
2014-11-19,1188.92,980.76,176.54,8.409
2014-11-20,1220.09,981.0,176.58,8.609
2014-11-21,1236.79,981.27,176.63,8.939
2014-11-22,1215.98,981.55,176.68,8.947
2014-11-23,1226.08,981.87,176.74,8.787
2014-11-24,1247.67,982.2,176.8,9.125
2014-11-25,1272.71,982.56,176.86,9.233
2014-11-26,1276.0,982.94,176.93,9.618
2014-11-27,1315.01,983.34,177.0,10.174
2014-11-28,1302.18,983.76,177.08,10.328
2014-11-29,1303.05,984.21,177.16,10.356
2014-11-30,1396.53,984.67,177.24,10.477
2014-12-01,1360.94,985.15,177.33,10.793
2014-12-02,1382.98,985.65,177.42,10.906
2014-12-03,1414.88,986.17,177.51,11.289
2014-12-04,1437.85,986.71,177.61,11.719
2014-12-05,1446.7,987.27,177.71,12.065
2014-12-06,1402.07,987.84,177.81,11.911
2014-12-07,1416.93,988.43,177.92,11.68
2014-12-08,1434.84,989.04,178.03,12.127
2014-12-09,1389.94,989.66,178.14,12.292
2014-12-10,1491.48,990.29,178.25,12.567
2014-12-11,1452.6,990.94,178.37,12.926
2014-12-12,1471.78,991.6,178.49,12.62
2014-12-13,1429.39,992.27,178.61,12.837
2014-12-14,1447.71,992.96,178.73,12.963
2014-12-15,1439.53,993.65,178.86,12.696
2014-12-16,1481.02,994.36,178.98,13.106
2014-12-17,1428.59,995.07,179.11,13.051
2014-12-18,1519.69,995.8,179.24,13.412
2014-12-19,1479.29,996.53,179.37,13.213
2014-12-20,1473.61,997.26,179.51,13.254
2014-12-21,1467.83,998.01,179.64,13.105
2014-12-22,1491.11,998.75,179.78,12.837
2014-12-23,1411.14,999.51,179.91,12.723
2014-12-24,1414.05,1000.26,180.05,12.655
2014-12-25,1390.98,1001.02,180.18,12.43
2014-12-26,1401.38,1001.78,180.32,12.355
2014-12-27,1399.61,1002.54,180.46,12.107
2014-12-28,1374.78,1003.3,180.59,11.881
2014-12-29,1387.56,1004.06,180.73,11.69
2014-12-30,1353.27,1004.82,180.87,11.246
2014-12-31,1369.4,1005.57,181.0,11.215
2015-01-01,1412.53,1006.33,181.14,11.263
2015-01-02,1389.27,1007.07,181.27,10.793
2015-01-03,1378.51,1007.82,181.41,10.509
2015-01-04,1345.86,1008.55,181.54,10.327
2015-01-05,1327.02,1009.28,181.67,10.138
2015-01-06,1327.86,1010.01,181.8,9.85
2015-01-07,1343.2,1010.72,181.93,9.888
2015-01-08,1283.52,1011.43,182.06,9.468
2015-01-09,1273.58,1012.12,182.18,9.304
2015-01-10,1255.99,1012.81,182.31,9.044
2015-01-11,1213.46,1013.48,182.43,9.009
2015-01-12,1217.12,1014.14,182.55,8.5
2015-01-13,1195.91,1014.79,182.66,8.163
2015-01-14,1184.71,1015.42,182.78,8.544
2015-01-15,1220.11,1016.04,182.89,8.256
2015-01-16,1122.98,1016.65,183.0,8.235
2015-01-17,1143.61,1017.24,183.1,8.227
2015-01-18,1233.32,1017.81,183.21,7.952
2015-01-19,1163.43,1018.37,183.31,7.861
2015-01-20,1171.89,1018.91,183.4,7.768
2015-01-21,1166.36,1019.43,183.5,7.881
2015-01-22,1166.75,1019.93,183.59,8.053
2015-01-23,1132.02,1020.41,183.67,8.036
2015-01-24,1177.55,1020.87,183.76,7.911
2015-01-25,1178.25,1021.32,183.84,7.588
2015-01-26,1175.64,1021.74,183.91,7.397
2015-01-27,1147.77,1022.14,183.99,7.676
2015-01-28,1172.65,1022.52,184.05,7.672
2015-01-29,1155.92,1022.88,184.12,7.846
2015-01-30,1174.2,1023.21,184.18,7.883
2015-01-31,1235.23,1023.53,184.23,7.752
2015-02-01,1196.5,1023.82,184.29,7.734
2015-02-02,1174.68,1024.08,184.33,7.612
2015-02-03,1210.74,1024.33,184.38,7.666
2015-02-04,1182.28,1024.55,184.42,7.596
2015-02-05,1119.9,1024.74,184.45,7.489
2015-02-06,1126.44,1024.91,184.48,7.557
2015-02-07,1141.3,1025.06,184.51,7.581
2015-02-08,1171.98,1025.18,184.53,7.353
2015-02-09,1162.91,1025.28,184.55,7.415
2015-02-10,1159.09,1025.36,184.56,7.346
2015-02-11,1119.48,1025.41,184.57,7.448
2015-02-12,1126.65,1025.43,184.58,7.647
2015-02-13,1138.48,1025.44,184.58,7.335
2015-02-14,1111.9,1025.41,184.57,7.372
2015-02-15,1112.38,1025.37,184.57,7.27
2015-02-16,1120.87,1025.3,184.55,7.122
2015-02-17,1096.32,1025.2,184.54,7.347
2015-02-18,1172.26,1025.08,184.52,7.854
2015-02-19,1196.37,1024.94,184.49,7.816
2015-02-20,1152.58,1024.78,184.46,7.901
2015-02-21,1178.54,1024.59,184.43,7.961
2015-02-22,1162.47,1024.38,184.39,7.911
2015-02-23,1116.9,1024.15,184.35,7.696
2015-02-24,1125.42,1023.89,184.3,7.894
2015-02-25,1133.25,1023.62,184.25,7.827
2015-02-26,1136.04,1023.32,184.2,7.801
2015-02-27,1157.32,1023.0,184.14,7.856
2015-02-28,1178.28,1022.67,184.08,7.702
2015-03-01,1198.56,1022.31,184.02,7.693
2015-03-02,1184.39,1021.93,183.95,7.709
2015-03-03,1174.62,1021.54,183.88,7.874
2015-03-04,1145.3,1021.12,183.8,8.068
2015-03-05,1198.9,1020.69,183.72,7.78
2015-03-06,1203.43,1020.24,183.64,8.017
2015-03-07,1211.42,1019.78,183.56,7.797
2015-03-08,1187.08,1019.3,183.47,7.647
2015-03-09,1170.03,1018.8,183.38,7.525
2015-03-10,1160.54,1018.29,183.29,7.345
2015-03-11,1121.13,1017.77,183.2,7.759
2015-03-12,1128.56,1017.24,183.1,7.658
2015-03-13,1133.9,1016.69,183.0,7.69
2015-03-14,1113.82,1016.13,182.9,7.576
2015-03-15,1135.71,1015.56,182.8,7.543
2015-03-16,1125.55,1014.98,182.7,7.622
2015-03-17,1086.21,1014.39,182.59,7.571
2015-03-18,1198.68,1013.79,182.48,7.965
2015-03-19,1166.85,1013.19,182.37,8.05
2015-03-20,1119.16,1012.58,182.26,8.187
2015-03-21,1149.33,1011.96,182.15,7.936
2015-03-22,1150.81,1011.34,182.04,7.716
2015-03-23,1161.33,1010.71,181.93,7.969
2015-03-24,1129.11,1010.08,181.81,7.823
2015-03-25,1152.78,1009.45,181.7,8.076
2015-03-26,1138.2,1008.81,181.59,8.068
2015-03-27,1106.14,1008.18,181.47,8.027
2015-03-28,1106.34,1007.54,181.36,8.032
2015-03-29,1165.85,1006.91,181.24,8.139
2015-03-30,1172.25,1006.27,181.13,8.1
2015-03-31,1158.69,1005.64,181.02,7.879
2015-04-01,1190.74,1005.02,180.9,7.969
2015-04-02,1187.64,1004.39,180.79,8.157
2015-04-03,1186.0,1003.78,180.68,7.946
2015-04-04,1157.17,1003.16,180.57,8.033
2015-04-05,1220.99,1002.56,180.46,7.903
2015-04-06,1199.51,1001.96,180.35,7.889
2015-04-07,1182.95,1001.37,180.25,7.77
2015-04-08,1109.19,1000.79,180.14,7.506
2015-04-09,1130.6,1000.22,180.04,7.525
2015-04-10,1087.78,999.66,179.94,7.658
2015-04-11,1138.05,999.11,179.84,7.681
2015-04-12,1098.38,998.58,179.74,7.612
2015-04-13,1122.92,998.06,179.65,7.824
2015-04-14,1097.57,997.55,179.56,7.741
2015-04-15,1096.61,997.05,179.47,7.569
2015-04-16,1078.51,996.57,179.38,7.801
2015-04-17,1084.01,996.11,179.3,7.727
2015-04-18,1191.47,995.66,179.22,7.935
2015-04-19,1172.98,995.23,179.14,7.901
2015-04-20,1143.47,994.82,179.07,7.896
2015-04-21,1129.11,994.42,179.0,7.796
2015-04-22,1143.31,994.04,178.93,8.039
2015-04-23,1145.94,993.69,178.86,7.848
2015-04-24,1100.57,993.35,178.8,8.001
2015-04-25,1116.36,993.03,178.75,8.254
2015-04-26,1078.72,992.73,178.69,7.877
2015-04-27,1145.72,992.46,178.64,7.964
2015-04-28,1170.01,992.2,178.6,7.817
2015-04-29,1131.11,991.97,178.55,7.949
2015-04-30,1088.35,991.76,178.52,7.945
2015-05-01,1154.98,991.57,178.48,7.945
2015-05-02,1128.63,991.41,178.45,7.812
2015-05-03,1141.0,991.27,178.43,7.864
2015-05-04,1176.3,991.15,178.41,7.65
2015-05-05,1174.57,991.05,178.39,7.846
2015-05-06,1093.95,990.98,178.38,7.718
2015-05-07,1095.13,990.94,178.37,7.703
2015-05-08,1115.74,990.91,178.36,7.637
2015-05-09,1106.16,990.92,178.36,7.665
2015-05-10,1091.54,990.94,178.37,7.479
2015-05-11,1107.93,990.99,178.38,7.567
2015-05-12,1120.59,991.07,178.39,7.247
2015-05-13,1105.73,991.17,178.41,7.497
2015-05-14,1073.9,991.29,178.43,7.369
2015-05-15,1121.11,991.44,178.46,7.44
2015-05-16,1032.72,991.61,178.49,7.721
2015-05-17,1076.31,991.81,178.53,7.569
2015-05-18,1135.49,992.03,178.56,7.563
2015-05-19,1145.54,992.27,178.61,7.48
2015-05-20,1148.23,992.54,178.66,7.374
2015-05-21,1154.99,992.83,178.71,7.734
2015-05-22,1109.85,993.14,178.76,8.1
2015-05-23,1134.93,993.47,178.83,7.798
2015-05-24,1124.21,993.83,178.89,7.583
2015-05-25,1081.59,994.21,178.96,7.642
2015-05-26,1161.9,994.61,179.03,7.409
2015-05-27,1090.77,995.03,179.11,7.629
2015-05-28,1135.4,995.48,179.19,7.745
2015-05-29,1139.77,995.94,179.27,7.732
2015-05-30,1143.34,996.42,179.36,7.774
2015-05-31,1133.32,996.92,179.45,7.623
2015-06-01,1169.88,997.44,179.54,7.598
2015-06-02,1125.1,997.98,179.64,7.444
2015-06-03,1165.68,998.54,179.74,7.702
2015-06-04,1162.08,999.11,179.84,7.857
2015-06-05,1096.3,999.7,179.95,7.304
2015-06-06,1126.45,1000.31,180.06,7.249
2015-06-07,1145.41,1000.93,180.17,7.418
2015-06-08,1117.56,1001.56,180.28,7.17
2015-06-09,1144.27,1002.21,180.4,7.37
2015-06-10,1128.7,1002.87,180.52,7.215
2015-06-11,1107.01,1003.54,180.64,7.51
2015-06-12,1118.62,1004.23,180.76,7.359
2015-06-13,1114.09,1004.92,180.89,7.309
2015-06-14,1100.64,1005.63,181.01,7.368
2015-06-15,1119.83,1006.34,181.14,7.071
2015-06-16,1109.41,1007.07,181.27,7.009
2015-06-17,1062.8,1007.8,181.4,7.135
2015-06-18,1125.02,1008.53,181.54,7.56
2015-06-19,1164.56,1009.28,181.67,7.325
2015-06-20,1131.75,1010.02,181.8,7.524
2015-06-21,1151.67,1010.78,181.94,7.284
2015-06-22,1158.65,1011.53,182.08,7.42
2015-06-23,1111.23,1012.29,182.21,7.003
2015-06-24,1107.26,1013.05,182.35,7.262
2015-06-25,1175.77,1013.81,182.49,7.22
2015-06-26,1148.76,1014.57,182.62,7.331
2015-06-27,1135.33,1015.33,182.76,7.394
2015-06-28,1128.83,1016.09,182.9,7.244
2015-06-29,1144.12,1016.84,183.03,7.169
2015-06-30,1136.03,1017.6,183.17,7.187
2015-07-01,1189.19,1018.34,183.3,7.297
2015-07-02,1160.55,1019.09,183.44,7.218
2015-07-03,1209.64,1019.82,183.57,7.431
2015-07-04,1184.46,1020.55,183.7,7.359
2015-07-05,1177.47,1021.28,183.83,7.227
2015-07-06,1197.36,1021.99,183.96,7.182
2015-07-07,1154.27,1022.7,184.09,7.158
2015-07-08,1143.34,1023.39,184.21,7.183
2015-07-09,1144.86,1024.08,184.33,6.994
2015-07-10,1167.86,1024.75,184.45,6.975
2015-07-11,1107.84,1025.41,184.57,6.855
2015-07-12,1173.06,1026.06,184.69,6.723
2015-07-13,1162.37,1026.69,184.8,6.632
2015-07-14,1167.48,1027.31,184.92,6.682
2015-07-15,1133.42,1027.92,185.03,6.847
2015-07-16,1150.8,1028.51,185.13,6.962
2015-07-17,1089.6,1029.08,185.23,6.935
2015-07-18,1201.0,1029.64,185.33,7.021
2015-07-19,1161.85,1030.18,185.43,7.123
2015-07-20,1136.45,1030.7,185.53,7.038
2015-07-21,1142.76,1031.2,185.62,6.938
2015-07-22,1163.32,1031.68,185.7,6.945
2015-07-23,1141.96,1032.14,185.79,7.156
2015-07-24,1166.61,1032.59,185.87,7.121
2015-07-25,1118.23,1033.01,185.94,6.86
2015-07-26,1112.36,1033.41,186.01,6.927
2015-07-27,1191.93,1033.79,186.08,6.902
2015-07-28,1185.55,1034.15,186.15,6.771
2015-07-29,1147.69,1034.48,186.21,6.969
2015-07-30,1176.81,1034.8,186.26,6.839
2015-07-31,1206.15,1035.09,186.32,7.182
2015-08-01,1200.25,1035.35,186.36,7.107
2015-08-02,1201.75,1035.6,186.41,6.83
2015-08-03,1229.9,1035.82,186.45,6.839
2015-08-04,1196.59,1036.01,186.48,6.515
2015-08-05,1149.49,1036.18,186.51,6.484
2015-08-06,1153.56,1036.33,186.54,6.655
2015-08-07,1151.9,1036.45,186.56,6.571
2015-08-08,1151.91,1036.55,186.58,6.722
2015-08-09,1163.2,1036.63,186.59,6.779
2015-08-10,1161.96,1036.68,186.6,6.334
2015-08-11,1136.24,1036.7,186.61,6.385
2015-08-12,1173.65,1036.71,186.61,6.583
2015-08-13,1129.95,1036.68,186.6,6.817
2015-08-14,1140.98,1036.64,186.59,6.487
2015-08-15,1132.79,1036.57,186.58,6.6
2015-08-16,1140.11,1036.47,186.56,6.693
2015-08-17,1078.29,1036.35,186.54,6.214
2015-08-18,1207.22,1036.21,186.52,6.519
2015-08-19,1165.78,1036.05,186.49,6.692
2015-08-20,1201.2,1035.86,186.45,6.75
2015-08-21,1158.42,1035.65,186.42,6.921
2015-08-22,1163.56,1035.42,186.38,6.791
2015-08-23,1203.72,1035.16,186.33,6.454
2015-08-24,1153.91,1034.89,186.28,6.667
2015-08-25,1187.11,1034.59,186.23,6.548
2015-08-26,1162.03,1034.27,186.17,6.841
2015-08-27,1173.01,1033.94,186.11,6.684
2015-08-28,1169.37,1033.58,186.04,6.695
2015-08-29,1191.52,1033.2,185.98,6.776
2015-08-30,1163.66,1032.81,185.91,6.709
2015-08-31,1163.56,1032.39,185.83,6.611
2015-09-01,1177.91,1031.96,185.75,6.368
2015-09-02,1200.89,1031.51,185.67,6.707
2015-09-03,1200.25,1031.05,185.59,6.59
2015-09-04,1226.53,1030.57,185.5,6.756
2015-09-05,1174.53,1030.07,185.41,6.248
2015-09-06,1128.16,1029.56,185.32,6.38
2015-09-07,1136.0,1029.04,185.23,6.17
2015-09-08,1121.64,1028.51,185.13,6.128
2015-09-09,1197.51,1027.96,185.03,6.441
2015-09-10,1157.65,1027.4,184.93,6.458
2015-09-11,1158.17,1026.83,184.83,6.37
2015-09-12,1113.47,1026.25,184.72,6.559
2015-09-13,1137.13,1025.66,184.62,6.242
2015-09-14,1141.64,1025.06,184.51,6.24
2015-09-15,1117.49,1024.46,184.4,6.284
2015-09-16,1138.96,1023.85,184.29,6.253
2015-09-17,1158.33,1023.23,184.18,6.458
2015-09-18,1149.05,1022.61,184.07,6.604
2015-09-19,1140.35,1021.98,183.96,6.562
2015-09-20,1137.29,1021.35,183.84,6.685
2015-09-21,1186.75,1020.72,183.73,6.341
2015-09-22,1170.41,1020.08,183.61,6.193
2015-09-23,1141.94,1019.45,183.5,6.752
2015-09-24,1144.64,1018.81,183.39,6.941
2015-09-25,1126.28,1018.18,183.27,6.604
2015-09-26,1165.68,1017.54,183.16,6.365
2015-09-27,1140.93,1016.91,183.04,6.472
2015-09-28,1147.94,1016.29,182.93,6.42
2015-09-29,1172.4,1015.66,182.82,6.45
2015-09-30,1160.92,1015.05,182.71,6.417
2015-10-01,1166.37,1014.43,182.6,6.698
2015-10-02,1178.39,1013.83,182.49,6.71
2015-10-03,1202.09,1013.23,182.38,6.414
2015-10-04,1226.78,1012.64,182.28,6.591
2015-10-05,1208.65,1012.06,182.17,6.7
2015-10-06,1217.65,1011.49,182.07,6.494
2015-10-07,1198.59,1010.93,181.97,6.512
2015-10-08,1119.07,1010.38,181.87,6.365
2015-10-09,1149.24,1009.85,181.77,6.476
2015-10-10,1137.35,1009.33,181.68,6.142
2015-10-11,1099.57,1008.82,181.59,6.284
2015-10-12,1119.59,1008.32,181.5,6.166
2015-10-13,1119.72,1007.84,181.41,6.456
2015-10-14,1104.06,1007.38,181.33,6.294
2015-10-15,1140.89,1006.93,181.25,6.595
2015-10-16,1111.38,1006.5,181.17,6.285
2015-10-17,1123.4,1006.09,181.1,6.436
2015-10-18,1161.5,1005.69,181.02,6.571
2015-10-19,1150.45,1005.31,180.96,6.377
2015-10-20,1121.73,1004.96,180.89,6.526
2015-10-21,1137.26,1004.62,180.83,6.732
2015-10-22,1133.14,1004.3,180.77,6.63
2015-10-23,1100.0,1004.0,180.72,6.489
2015-10-24,1116.89,1003.73,180.67,6.64
2015-10-25,1121.84,1003.47,180.63,6.452
2015-10-26,1139.73,1003.24,180.58,6.469
2015-10-27,1143.88,1003.03,180.55,6.525
2015-10-28,1125.31,1002.84,180.51,6.413
2015-10-29,1153.85,1002.68,180.48,6.507
2015-10-30,1145.81,1002.54,180.46,6.784
2015-10-31,1093.53,1002.42,180.44,6.615
2015-11-01,1153.11,1002.32,180.42,6.289
2015-11-02,1194.58,1002.25,180.41,6.643
2015-11-03,1140.58,1002.21,180.4,6.607
2015-11-04,1186.16,1002.18,180.39,6.573
2015-11-05,1153.77,1002.19,180.39,6.335
2015-11-06,1106.26,1002.21,180.4,6.62
2015-11-07,1125.86,1002.26,180.41,6.514
2015-11-08,1098.53,1002.34,180.42,6.678
2015-11-09,1162.97,1002.44,180.44,6.396
2015-11-10,1123.83,1002.56,180.46,6.419
2015-11-11,1123.8,1002.71,180.49,6.438
2015-11-12,1148.42,1002.88,180.52,6.642
2015-11-13,1127.97,1003.08,180.55,6.646
2015-11-14,1088.09,1003.3,180.59,6.675
2015-11-15,1086.48,1003.54,180.64,6.384
2015-11-16,1104.69,1003.81,180.68,6.348
2015-11-17,1073.18,1004.1,180.74,6.371
2015-11-18,1103.77,1004.41,180.79,6.86
2015-11-19,1143.23,1004.74,180.85,7.032
2015-11-20,1106.79,1005.1,180.92,6.825
2015-11-21,1170.97,1005.48,180.99,6.784
2015-11-22,1136.67,1005.88,181.06,6.795
2015-11-23,1111.66,1006.3,181.13,6.683
2015-11-24,1116.5,1006.75,181.21,6.856
2015-11-25,1092.1,1007.21,181.3,6.559
2015-11-26,1112.72,1007.69,181.38,6.818
2015-11-27,1163.85,1008.19,181.47,6.852
2015-11-28,1196.32,1008.71,181.57,6.623
2015-11-29,1169.86,1009.25,181.67,6.71
2015-11-30,1159.19,1009.81,181.77,6.671
2015-12-01,1159.43,1010.38,181.87,6.787
2015-12-02,1155.69,1010.97,181.98,7.033
2015-12-03,1229.62,1011.58,182.08,6.959
2015-12-04,1187.19,1012.2,182.2,6.894
2015-12-05,1244.12,1012.83,182.31,6.968
2015-12-06,1163.44,1013.48,182.43,6.774
2015-12-07,1098.45,1014.14,182.55,6.488
2015-12-08,1124.69,1014.81,182.67,6.526
2015-12-09,1125.75,1015.5,182.79,6.792
2015-12-10,1138.37,1016.19,182.91,6.787
2015-12-11,1137.02,1016.9,183.04,6.922
2015-12-12,1201.15,1017.61,183.17,6.8
2015-12-13,1107.26,1018.34,183.3,6.81
2015-12-14,1130.76,1019.07,183.43,6.559
2015-12-15,1133.35,1019.8,183.56,6.713
2015-12-16,1113.4,1020.55,183.7,6.779
2015-12-17,1109.39,1021.29,183.83,6.748
2015-12-18,1147.7,1022.05,183.97,6.987
2015-12-19,1167.23,1022.8,184.1,7.215
2015-12-20,1171.11,1023.56,184.24,7.015
2015-12-21,1163.04,1024.32,184.38,6.892
2015-12-22,1165.57,1025.08,184.51,7.035
2015-12-23,1182.66,1025.84,184.65,7.271
2015-12-24,1172.21,1026.6,184.79,6.953
2015-12-25,1154.67,1027.36,184.92,7.078
2015-12-26,1130.28,1028.11,185.06,7.105
2015-12-27,1147.18,1028.87,185.2,7.316
2015-12-28,1161.08,1029.61,185.33,7.132
2015-12-29,1177.99,1030.36,185.46,7.222
2015-12-30,1169.21,1031.09,185.6,7.083
2015-12-31,1166.91,1031.82,185.73,7.176
2016-01-01,1169.3,1032.55,185.86,7.395
2016-01-02,1166.92,1033.26,185.99,7.306
2016-01-03,1205.46,1033.97,186.11,7.291
2016-01-04,1184.95,1034.66,186.24,7.16
2016-01-05,1200.95,1035.35,186.36,7.247
2016-01-06,1218.8,1036.02,186.48,7.323
2016-01-07,1201.22,1036.68,186.6,7.488
2016-01-08,1170.65,1037.33,186.72,7.272
2016-01-09,1178.77,1037.96,186.83,6.939
2016-01-10,1149.1,1038.58,186.95,6.789
2016-01-11,1148.87,1039.19,187.05,7.137
2016-01-12,1166.35,1039.78,187.16,7.19
2016-01-13,1133.79,1040.35,187.26,7.015
2016-01-14,1126.41,1040.91,187.36,7.004
2016-01-15,1163.53,1041.45,187.46,7.27
2016-01-16,1149.97,1041.97,187.55,7.328
2016-01-17,1137.11,1042.47,187.64,7.357
2016-01-18,1207.94,1042.95,187.73,7.41
2016-01-19,1138.42,1043.41,187.81,7.335
2016-01-20,1206.93,1043.86,187.89,7.362
2016-01-21,1182.12,1044.28,187.97,7.56
2016-01-22,1193.37,1044.68,188.04,7.553
2016-01-23,1178.7,1045.06,188.11,7.425
2016-01-24,1171.76,1045.42,188.18,7.717
2016-01-25,1166.59,1045.75,188.24,7.642
2016-01-26,1184.08,1046.07,188.29,7.595
2016-01-27,1173.75,1046.36,188.34,7.437
2016-01-28,1205.38,1046.62,188.39,7.739
2016-01-29,1157.9,1046.87,188.44,7.743
2016-01-30,1187.99,1047.09,188.48,7.676
2016-01-31,1252.27,1047.28,188.51,7.697
2016-02-01,1200.86,1047.45,188.54,7.579
2016-02-02,1216.41,1047.6,188.57,7.622
2016-02-03,1208.64,1047.72,188.59,7.698
2016-02-04,1240.96,1047.82,188.61,7.751
2016-02-05,1151.77,1047.9,188.62,7.275
2016-02-06,1166.97,1047.95,188.63,7.455
2016-02-07,1191.38,1047.97,188.64,7.301
2016-02-08,1157.48,1047.98,188.64,7.17
2016-02-09,1188.85,1047.95,188.63,7.554
2016-02-10,1186.78,1047.91,188.62,7.647
2016-02-11,1187.75,1047.84,188.61,7.69
2016-02-12,1162.33,1047.74,188.59,7.586
2016-02-13,1224.3,1047.62,188.57,7.673
2016-02-14,1169.27,1047.48,188.55,7.434
2016-02-15,1145.91,1047.32,188.52,7.412
2016-02-16,1112.1,1047.13,188.48,7.284
2016-02-17,1122.06,1046.92,188.45,7.55
2016-02-18,1218.92,1046.69,188.4,7.846
2016-02-19,1219.29,1046.43,188.36,7.71
2016-02-20,1209.38,1046.16,188.31,7.814
2016-02-21,1190.53,1045.86,188.25,7.731
2016-02-22,1143.4,1045.54,188.2,7.91
2016-02-23,1180.95,1045.21,188.14,7.829
2016-02-24,1143.61,1044.85,188.07,7.808
2016-02-25,1140.3,1044.47,188.0,7.922
2016-02-26,1181.72,1044.08,187.93,7.924
2016-02-27,1192.55,1043.66,187.86,7.847
2016-02-28,1206.45,1043.23,187.78,7.662
2016-02-29,1203.73,1042.78,187.7,7.726
2016-03-01,1211.12,1042.32,187.62,7.68
2016-03-02,1184.51,1041.84,187.53,7.704
2016-03-03,1210.4,1041.34,187.44,7.999
2016-03-04,1185.59,1040.84,187.35,8.01
2016-03-05,1179.94,1040.31,187.26,7.7
2016-03-06,1244.56,1039.78,187.16,7.819
2016-03-07,1144.71,1039.23,187.06,7.654
2016-03-08,1182.12,1038.67,186.96,7.686
2016-03-09,1187.48,1038.1,186.86,7.765
2016-03-10,1148.15,1037.52,186.75,7.73
2016-03-11,1171.97,1036.93,186.65,7.647
2016-03-12,1140.27,1036.33,186.54,7.569
2016-03-13,1108.82,1035.73,186.43,7.658
2016-03-14,1145.74,1035.12,186.32,7.612
2016-03-15,1125.5,1034.5,186.21,7.744
2016-03-16,1118.52,1033.88,186.1,7.803
2016-03-17,1163.82,1033.25,185.98,7.737
2016-03-18,1149.06,1032.62,185.87,7.876
2016-03-19,1183.75,1031.99,185.76,7.935
2016-03-20,1146.84,1031.35,185.64,7.916
2016-03-21,1183.08,1030.72,185.53,7.814
2016-03-22,1165.2,1030.08,185.41,7.79
2016-03-23,1163.86,1029.45,185.3,7.97
2016-03-24,1133.06,1028.81,185.19,7.96
2016-03-25,1136.82,1028.18,185.07,7.966
2016-03-26,1175.35,1027.56,184.96,8.026
2016-03-27,1196.59,1026.93,184.85,7.855
2016-03-28,1172.13,1026.32,184.74,7.879
2016-03-29,1146.82,1025.7,184.63,7.903
2016-03-30,1179.83,1025.1,184.52,7.812
2016-03-31,1232.14,1024.5,184.41,7.97
2016-04-01,1187.61,1023.91,184.3,8.22
2016-04-02,1224.08,1023.33,184.2,7.854
2016-04-03,1181.85,1022.76,184.1,7.652
2016-04-04,1202.77,1022.2,184.0,7.629
2016-04-05,1221.99,1021.65,183.9,7.874
2016-04-06,1220.64,1021.12,183.8,7.952
2016-04-07,1197.28,1020.6,183.71,8.011
2016-04-08,1127.16,1020.09,183.62,7.939
2016-04-09,1166.07,1019.59,183.53,7.417
2016-04-10,1168.43,1019.11,183.44,7.697
2016-04-11,1171.98,1018.65,183.36,7.781
2016-04-12,1173.64,1018.2,183.28,7.476
2016-04-13,1131.07,1017.77,183.2,7.641
2016-04-14,1114.57,1017.36,183.12,7.673
2016-04-15,1143.86,1016.96,183.05,7.672
2016-04-16,1122.27,1016.58,182.98,7.683
2016-04-17,1077.43,1016.23,182.92,7.804
2016-04-18,1139.09,1015.89,182.86,8.046
2016-04-19,1166.06,1015.57,182.8,7.801
2016-04-20,1145.62,1015.27,182.75,8.145
2016-04-21,1144.35,1015.0,182.7,7.995
2016-04-22,1165.24,1014.74,182.65,8.216
2016-04-23,1156.48,1014.51,182.61,7.936
2016-04-24,1168.68,1014.3,182.57,7.872
2016-04-25,1098.07,1014.11,182.54,7.841
2016-04-26,1148.74,1013.95,182.51,8.194
2016-04-27,1162.38,1013.81,182.49,7.987
2016-04-28,1118.61,1013.69,182.46,7.873
2016-04-29,1143.81,1013.59,182.45,8.089
2016-04-30,1146.44,1013.52,182.43,7.869
2016-05-01,1172.51,1013.48,182.43,7.761
2016-05-02,1215.03,1013.45,182.42,7.869
2016-05-03,1230.68,1013.46,182.42,7.777
2016-05-04,1174.71,1013.48,182.43,7.879
2016-05-05,1209.87,1013.53,182.44,7.919
2016-05-06,1145.2,1013.61,182.45,7.72
2016-05-07,1144.84,1013.71,182.47,7.67
2016-05-08,1147.13,1013.83,182.49,7.293
2016-05-09,1145.63,1013.98,182.52,7.544
2016-05-10,1175.21,1014.15,182.55,7.358
2016-05-11,1160.04,1014.35,182.58,7.374
2016-05-12,1108.86,1014.57,182.62,7.61
2016-05-13,1144.94,1014.81,182.67,7.639
2016-05-14,1141.37,1015.08,182.71,7.484
2016-05-15,1122.28,1015.37,182.77,7.572
2016-05-16,1133.46,1015.68,182.82,7.249
2016-05-17,1105.82,1016.01,182.88,7.372
2016-05-18,1169.42,1016.37,182.95,7.67
2016-05-19,1161.5,1016.75,183.02,7.804
2016-05-20,1109.05,1017.15,183.09,7.854
2016-05-21,1147.32,1017.57,183.16,7.636
2016-05-22,1131.26,1018.02,183.24,7.748
2016-05-23,1118.12,1018.48,183.33,7.606
2016-05-24,1175.51,1018.96,183.41,7.381
2016-05-25,1156.3,1019.46,183.5,7.442
2016-05-26,1147.28,1019.99,183.6,7.744
2016-05-27,1139.61,1020.52,183.69,7.729
2016-05-28,1163.89,1021.08,183.79,7.679
2016-05-29,1185.55,1021.65,183.9,7.591
2016-05-30,1152.68,1022.24,184.0,7.557
2016-05-31,1178.41,1022.85,184.11,7.653
2016-06-01,1205.46,1023.47,184.22,7.474
2016-06-02,1151.5,1024.1,184.34,7.534
2016-06-03,1200.14,1024.75,184.46,7.553
2016-06-04,1198.59,1025.41,184.57,7.654
2016-06-05,1140.76,1026.08,184.7,7.421
2016-06-06,1137.18,1026.77,184.82,7.155
2016-06-07,1154.42,1027.46,184.94,6.915
2016-06-08,1195.46,1028.17,185.07,7.078
2016-06-09,1146.28,1028.88,185.2,7.249
2016-06-10,1158.63,1029.61,185.33,7.291
2016-06-11,1193.52,1030.34,185.46,7.243
2016-06-12,1133.72,1031.07,185.59,7.199
2016-06-13,1180.88,1031.82,185.73,7.091
2016-06-14,1135.4,1032.56,185.86,7.262
2016-06-15,1168.28,1033.32,186.0,7.122
2016-06-16,1139.13,1034.07,186.13,7.166
2016-06-17,1122.99,1034.83,186.27,7.335
2016-06-18,1178.77,1035.59,186.41,7.278
2016-06-19,1161.12,1036.35,186.54,7.41
2016-06-20,1172.07,1037.11,186.68,7.31
2016-06-21,1186.83,1037.87,186.82,7.287
2016-06-22,1164.8,1038.63,186.95,7.562
2016-06-23,1157.54,1039.38,187.09,7.363
2016-06-24,1159.89,1040.14,187.22,7.692
2016-06-25,1189.62,1040.88,187.36,7.352
2016-06-26,1198.51,1041.63,187.49,7.127
2016-06-27,1161.94,1042.36,187.63,7.223
2016-06-28,1168.05,1043.09,187.76,7.092
2016-06-29,1198.1,1043.82,187.89,7.197
2016-06-30,1230.95,1044.53,188.02,7.401
2016-07-01,1230.45,1045.24,188.14,7.428
2016-07-02,1185.57,1045.93,188.27,7.22
2016-07-03,1214.87,1046.62,188.39,7.315
2016-07-04,1207.15,1047.29,188.51,7.269
2016-07-05,1227.82,1047.95,188.63,7.31
2016-07-06,1273.96,1048.6,188.75,7.267
2016-07-07,1211.04,1049.23,188.86,7.433
2016-07-08,1138.97,1049.85,188.97,6.801
2016-07-09,1157.11,1050.46,189.08,6.923
2016-07-10,1180.91,1051.05,189.19,6.758
2016-07-11,1186.06,1051.62,189.29,6.81
2016-07-12,1178.51,1052.18,189.39,6.735
2016-07-13,1190.08,1052.72,189.49,6.85
2016-07-14,1119.82,1053.24,189.58,7.162
2016-07-15,1178.47,1053.74,189.67,6.923
2016-07-16,1138.8,1054.22,189.76,6.928
2016-07-17,1155.02,1054.68,189.84,6.752
2016-07-18,1173.29,1055.13,189.92,6.973
2016-07-19,1196.52,1055.55,190.0,6.972
2016-07-20,1196.4,1055.95,190.07,7.092
2016-07-21,1212.46,1056.33,190.14,7.245
2016-07-22,1149.21,1056.69,190.2,7.31
2016-07-23,1183.18,1057.02,190.26,7.085
2016-07-24,1158.49,1057.34,190.32,7.02
2016-07-25,1194.82,1057.63,190.37,6.746
2016-07-26,1203.55,1057.89,190.42,6.882
2016-07-27,1218.83,1058.14,190.46,7.072
2016-07-28,1183.96,1058.36,190.5,7.131
2016-07-29,1222.29,1058.55,190.54,7.061
2016-07-30,1238.68,1058.72,190.57,7.077
2016-07-31,1179.83,1058.87,190.6,6.932
2016-08-01,1236.8,1058.99,190.62,6.952
2016-08-02,1251.55,1059.09,190.64,6.852
2016-08-03,1231.39,1059.17,190.65,6.842
2016-08-04,1216.29,1059.22,190.66,6.993
2016-08-05,1198.47,1059.24,190.66,6.361
2016-08-06,1154.91,1059.25,190.66,6.694
2016-08-07,1179.56,1059.22,190.66,6.114
2016-08-08,1183.29,1059.18,190.65,6.281
2016-08-09,1199.1,1059.11,190.64,6.552
2016-08-10,1167.28,1059.01,190.62,6.623
2016-08-11,1162.32,1058.89,190.6,6.495
2016-08-12,1174.63,1058.75,190.58,6.559
2016-08-13,1188.64,1058.59,190.55,6.746
2016-08-14,1210.09,1058.4,190.51,6.428
2016-08-15,1119.36,1058.19,190.47,6.692
2016-08-16,1152.01,1057.96,190.43,6.433
2016-08-17,1113.81,1057.7,190.39,6.552
2016-08-18,1223.18,1057.43,190.34,7.017
2016-08-19,1173.86,1057.13,190.28,6.85
2016-08-20,1174.35,1056.81,190.23,6.651
2016-08-21,1172.07,1056.48,190.17,6.664
2016-08-22,1180.51,1056.12,190.1,6.611
2016-08-23,1187.88,1055.74,190.03,6.463
2016-08-24,1191.46,1055.35,189.96,6.667
2016-08-25,1182.2,1054.93,189.89,6.679
2016-08-26,1155.94,1054.5,189.81,6.891
2016-08-27,1205.32,1054.05,189.73,6.724
2016-08-28,1193.28,1053.59,189.65,6.592
2016-08-29,1225.94,1053.11,189.56,6.552
2016-08-30,1191.28,1052.61,189.47,6.605
2016-08-31,1178.3,1052.11,189.38,6.724
2016-09-01,1219.43,1051.58,189.28,6.602
2016-09-02,1254.93,1051.05,189.19,6.61
2016-09-03,1235.54,1050.5,189.09,6.808
2016-09-04,1232.25,1049.94,188.99,6.534
2016-09-05,1151.0,1049.37,188.89,6.104
2016-09-06,1211.0,1048.79,188.78,6.341
2016-09-07,1150.43,1048.2,188.68,6.417
2016-09-08,1156.38,1047.6,188.57,6.251
2016-09-09,1182.64,1047.0,188.46,6.477
2016-09-10,1125.62,1046.39,188.35,6.479
2016-09-11,1189.56,1045.77,188.24,6.344
2016-09-12,1169.22,1045.15,188.13,6.317
2016-09-13,1168.36,1044.52,188.01,6.088
2016-09-14,1153.35,1043.89,187.9,6.371
2016-09-15,1129.71,1043.26,187.79,6.37
2016-09-16,1102.05,1042.62,187.67,6.364
2016-09-17,1114.84,1041.99,187.56,6.469
2016-09-18,1159.56,1041.35,187.44,6.703
2016-09-19,1185.66,1040.72,187.33,6.684
2016-09-20,1187.77,1040.08,187.21,6.643
2016-09-21,1198.84,1039.45,187.1,6.548
2016-09-22,1172.27,1038.83,186.99,6.68
2016-09-23,1183.66,1038.2,186.88,6.747
2016-09-24,1157.5,1037.59,186.77,6.614
2016-09-25,1155.67,1036.97,186.66,6.527
2016-09-26,1180.08,1036.37,186.55,6.554
2016-09-27,1165.77,1035.77,186.44,6.467
2016-09-28,1185.73,1035.18,186.33,6.464
2016-09-29,1162.66,1034.6,186.23,6.579
2016-09-30,1173.19,1034.03,186.13,6.724
2016-10-01,1213.21,1033.47,186.03,6.594
2016-10-02,1225.15,1032.92,185.93,6.547
2016-10-03,1189.85,1032.39,185.83,6.533
2016-10-04,1231.37,1031.87,185.74,6.428
2016-10-05,1208.94,1031.36,185.64,6.642
2016-10-06,1223.83,1030.86,185.56,6.676
2016-10-07,1256.08,1030.38,185.47,6.503
2016-10-08,1172.65,1029.92,185.39,6.521
2016-10-09,1170.91,1029.47,185.3,6.202
2016-10-10,1192.48,1029.04,185.23,6.011
2016-10-11,1130.76,1028.63,185.15,6.106
2016-10-12,1119.16,1028.23,185.08,6.189
2016-10-13,1118.62,1027.85,185.01,6.398
2016-10-14,1121.88,1027.5,184.95,6.381
2016-10-15,1068.25,1027.16,184.89,6.322
2016-10-16,1107.95,1026.84,184.83,6.353
2016-10-17,1093.2,1026.54,184.78,6.268
2016-10-18,1185.59,1026.27,184.73,6.538
2016-10-19,1170.06,1026.01,184.68,6.631
2016-10-20,1144.08,1025.78,184.64,6.738
2016-10-21,1166.5,1025.57,184.6,6.434
2016-10-22,1167.04,1025.38,184.57,6.593
2016-10-23,1133.31,1025.22,184.54,6.293
2016-10-24,1139.98,1025.08,184.51,6.509
2016-10-25,1103.95,1024.96,184.49,6.528
2016-10-26,1132.39,1024.86,184.48,6.737
2016-10-27,1144.75,1024.79,184.46,6.837
2016-10-28,1168.46,1024.75,184.45,6.744
2016-10-29,1152.56,1024.72,184.45,6.611
2016-10-30,1169.1,1024.73,184.45,6.648
2016-10-31,1160.69,1024.75,184.46,6.478
2016-11-01,1198.55,1024.8,184.46,6.566
2016-11-02,1210.9,1024.88,184.48,6.769
2016-11-03,1216.45,1024.98,184.5,6.668
2016-11-04,1212.99,1025.1,184.52,6.858
2016-11-05,1112.79,1025.25,184.54,6.545
2016-11-06,1135.71,1025.42,184.58,6.269
2016-11-07,1141.63,1025.62,184.61,6.453
2016-11-08,1141.49,1025.84,184.65,6.447
2016-11-09,1150.33,1026.08,184.69,6.461
2016-11-10,1177.01,1026.35,184.74,6.443
2016-11-11,1159.25,1026.64,184.79,6.458
2016-11-12,1114.37,1026.95,184.85,6.45
2016-11-13,1144.93,1027.28,184.91,6.501
2016-11-14,1137.49,1027.64,184.98,6.275
2016-11-15,1098.84,1028.02,185.04,6.47
2016-11-16,1128.5,1028.42,185.12,6.355
2016-11-17,1099.94,1028.84,185.19,6.566
2016-11-18,1136.77,1029.29,185.27,6.882
2016-11-19,1173.06,1029.75,185.35,7.117
2016-11-20,1164.22,1030.23,185.44,6.581
2016-11-21,1152.18,1030.73,185.53,6.878
2016-11-22,1155.55,1031.26,185.63,6.748
2016-11-23,1141.24,1031.79,185.72,6.867
2016-11-24,1172.67,1032.35,185.82,6.919
2016-11-25,1161.9,1032.92,185.93,6.987
2016-11-26,1171.42,1033.51,186.03,6.871
2016-11-27,1181.64,1034.12,186.14,6.987
2016-11-28,1155.28,1034.74,186.25,6.714
2016-11-29,1168.52,1035.37,186.37,6.934
2016-11-30,1147.4,1036.02,186.48,6.809
2016-12-01,1216.29,1036.68,186.6,6.968
2016-12-02,1184.75,1037.35,186.72,6.876
2016-12-03,1221.29,1038.04,186.85,7.016
2016-12-04,1232.65,1038.73,186.97,7.058
2016-12-05,1242.76,1039.44,187.1,6.832
2016-12-06,1136.77,1040.15,187.23,6.598
2016-12-07,1164.17,1040.88,187.36,6.577
2016-12-08,1203.23,1041.61,187.49,6.773
2016-12-09,1203.6,1042.34,187.62,6.639
2016-12-10,1185.59,1043.09,187.76,6.678
2016-12-11,1167.97,1043.83,187.89,6.739
2016-12-12,1133.97,1044.59,188.03,6.828
2016-12-13,1166.52,1045.34,188.16,7.037
2016-12-14,1141.22,1046.1,188.3,6.719
2016-12-15,1150.64,1046.86,188.43,7.052
2016-12-16,1117.94,1047.62,188.57,6.939
2016-12-17,1121.85,1048.38,188.71,6.85
2016-12-18,1193.61,1049.14,188.85,7.094
2016-12-19,1190.57,1049.9,188.98,7.008
2016-12-20,1192.22,1050.65,189.12,7.045
2016-12-21,1166.06,1051.41,189.25,7.072
2016-12-22,1148.08,1052.15,189.39,7.044
2016-12-23,1213.67,1052.9,189.52,7.057
2016-12-24,1234.47,1053.63,189.65,7.279
2016-12-25,1192.76,1054.36,189.79,7.092
2016-12-26,1158.34,1055.09,189.92,7.012
2016-12-27,1176.17,1055.8,190.04,7.116
2016-12-28,1211.05,1056.51,190.17,7.3
2016-12-29,1236.72,1057.2,190.3,7.317
2016-12-30,1188.31,1057.89,190.42,7.248
2016-12-31,1220.15,1058.56,190.54,7.432
2017-01-01,1234.9,1059.22,190.66,7.399
2017-01-02,1256.81,1059.87,190.78,7.227
2017-01-03,1236.65,1060.5,190.89,7.316
2017-01-04,1215.2,1061.12,191.0,7.438
2017-01-05,1267.45,1061.73,191.11,7.515
2017-01-06,1281.32,1062.32,191.22,7.484
2017-01-07,1256.07,1062.89,191.32,7.44
2017-01-08,1196.62,1063.45,191.42,7.106
2017-01-09,1175.6,1063.99,191.52,6.87
2017-01-10,1164.38,1064.51,191.61,7.117
2017-01-11,1201.3,1065.01,191.7,6.96
2017-01-12,1181.93,1065.49,191.79,7.117
2017-01-13,1178.11,1065.95,191.87,7.4
2017-01-14,1193.77,1066.4,191.95,7.302
2017-01-15,1130.72,1066.82,192.03,7.305
2017-01-16,1135.09,1067.22,192.1,7.051
2017-01-17,1144.42,1067.6,192.17,6.977
2017-01-18,1192.92,1067.96,192.23,7.426
2017-01-19,1217.9,1068.29,192.29,7.557
2017-01-20,1193.04,1068.61,192.35,7.585
2017-01-21,1173.13,1068.9,192.4,7.668
2017-01-22,1195.64,1069.16,192.45,7.413
2017-01-23,1198.63,1069.41,192.49,7.456
2017-01-24,1217.58,1069.63,192.53,7.326
2017-01-25,1209.17,1069.82,192.57,7.588
2017-01-26,1215.39,1069.99,192.6,7.623
2017-01-27,1218.04,1070.14,192.63,7.563
2017-01-28,1213.4,1070.26,192.65,7.581
2017-01-29,1208.85,1070.36,192.67,7.511
2017-01-30,1238.24,1070.44,192.68,7.458
2017-01-31,1231.75,1070.49,192.69,7.732
2017-02-01,1283.06,1070.51,192.69,7.597
2017-02-02,1281.54,1070.52,192.69,7.668
2017-02-03,1271.12,1070.49,192.69,7.475
2017-02-04,1269.56,1070.45,192.68,7.575
2017-02-05,1191.99,1070.38,192.67,7.324
2017-02-06,1167.42,1070.28,192.65,7.229
2017-02-07,1190.14,1070.16,192.63,7.506
2017-02-08,1195.36,1070.02,192.6,7.408
2017-02-09,1194.97,1069.86,192.57,7.67
2017-02-10,1195.75,1069.67,192.54,7.552
2017-02-11,1200.07,1069.46,192.5,7.504
2017-02-12,1158.06,1069.23,192.46,7.411
2017-02-13,1151.13,1068.97,192.42,7.377
2017-02-14,1190.62,1068.7,192.37,7.611
2017-02-15,1168.18,1068.4,192.31,7.213
2017-02-16,1135.43,1068.08,192.26,7.338
2017-02-17,1135.05,1067.75,192.19,7.541
2017-02-18,1199.38,1067.39,192.13,7.812
2017-02-19,1197.64,1067.01,192.06,7.814
2017-02-20,1203.91,1066.62,191.99,7.742
2017-02-21,1247.24,1066.2,191.92,7.666
2017-02-22,1195.07,1065.77,191.84,7.92
2017-02-23,1206.36,1065.32,191.76,8.007
2017-02-24,1156.98,1064.86,191.67,7.932
2017-02-25,1187.0,1064.38,191.59,7.978
2017-02-26,1229.42,1063.88,191.5,7.816
2017-02-27,1216.85,1063.38,191.41,7.668
2017-02-28,1117.7,1062.85,191.31,7.845
2017-03-01,1235.7,1062.32,191.22,7.859
2017-03-02,1269.73,1061.77,191.12,7.931
2017-03-03,1190.02,1061.21,191.02,8.133
2017-03-04,1273.21,1060.64,190.92,7.614
2017-03-05,1183.82,1060.06,190.81,7.656
2017-03-06,1269.41,1059.47,190.7,7.636
2017-03-07,1251.29,1058.87,190.6,7.759
2017-03-08,1131.09,1058.27,190.49,7.605
2017-03-09,1192.44,1057.66,190.38,7.538
2017-03-10,1206.29,1057.04,190.27,7.625
2017-03-11,1185.86,1056.42,190.15,7.59
2017-03-12,1186.27,1055.79,190.04,7.906
2017-03-13,1158.72,1055.16,189.93,7.777
2017-03-14,1120.23,1054.53,189.81,7.535
2017-03-15,1169.1,1053.89,189.7,7.623
2017-03-16,1184.64,1053.26,189.59,7.61
2017-03-17,1163.14,1052.62,189.47,7.542
2017-03-18,1156.89,1051.99,189.36,7.956
2017-03-19,1160.11,1051.35,189.24,7.766
2017-03-20,1168.41,1050.72,189.13,7.825
2017-03-21,1146.57,1050.1,189.02,7.665
2017-03-22,1178.39,1049.47,188.91,7.846
2017-03-23,1183.26,1048.86,188.79,8.036
2017-03-24,1141.78,1048.24,188.68,8.083
2017-03-25,1190.48,1047.64,188.58,8.037
2017-03-26,1188.21,1047.04,188.47,7.743
2017-03-27,1165.91,1046.45,188.36,7.951
2017-03-28,1178.37,1045.87,188.26,7.773
2017-03-29,1144.49,1045.3,188.15,8.024
2017-03-30,1186.07,1044.74,188.05,8.026
2017-03-31,1200.03,1044.19,187.96,7.882
2017-04-01,1210.26,1043.66,187.86,7.955
2017-04-02,1221.46,1043.14,187.76,7.95
2017-04-03,1224.66,1042.63,187.67,7.926
2017-04-04,1218.94,1042.13,187.58,7.855
2017-04-05,1235.57,1041.65,187.5,8.133
2017-04-06,1254.68,1041.19,187.41,8.147
2017-04-07,1232.57,1040.74,187.33,8.014
2017-04-08,1172.27,1040.31,187.26,7.83
2017-04-09,1160.32,1039.9,187.18,7.884
2017-04-10,1147.88,1039.5,187.11,7.831
2017-04-11,1169.93,1039.12,187.04,7.466
2017-04-12,1141.3,1038.77,186.98,7.579
2017-04-13,1156.07,1038.43,186.92,7.944
2017-04-14,1141.45,1038.11,186.86,7.656
2017-04-15,1126.89,1037.81,186.81,7.567
2017-04-16,1118.87,1037.54,186.76,7.578
2017-04-17,1107.51,1037.28,186.71,7.63
2017-04-18,1145.47,1037.05,186.67,7.833
2017-04-19,1183.77,1036.84,186.63,7.842
2017-04-20,1175.04,1036.65,186.6,7.914
2017-04-21,1184.4,1036.49,186.57,7.925
2017-04-22,1151.11,1036.35,186.54,7.847
2017-04-23,1203.05,1036.23,186.52,8.135
2017-04-24,1153.05,1036.13,186.5,7.839
2017-04-25,1143.71,1036.06,186.49,7.924
2017-04-26,1144.09,1036.02,186.48,7.833
2017-04-27,1132.1,1036.0,186.48,7.942
2017-04-28,1209.38,1036.0,186.48,7.893
2017-04-29,1212.13,1036.02,186.48,7.601
2017-04-30,1202.11,1036.07,186.49,7.662
2017-05-01,1176.43,1036.15,186.51,7.55
2017-05-02,1243.28,1036.25,186.52,7.511
2017-05-03,1202.69,1036.37,186.55,7.71
2017-05-04,1210.94,1036.52,186.57,8.084
2017-05-05,1254.06,1036.69,186.6,7.933
2017-05-06,1171.45,1036.89,186.64,7.782
2017-05-07,1208.63,1037.11,186.68,7.583
2017-05-08,1167.55,1037.35,186.72,7.567
2017-05-09,1153.76,1037.62,186.77,7.377
2017-05-10,1147.99,1037.91,186.82,7.619
2017-05-11,1118.37,1038.22,186.88,7.714
2017-05-12,1149.13,1038.55,186.94,7.569
2017-05-13,1175.59,1038.91,187.0,7.644
2017-05-14,1157.84,1039.29,187.07,7.55
2017-05-15,1138.73,1039.69,187.14,7.354
2017-05-16,1109.67,1040.11,187.22,7.296
2017-05-17,1129.79,1040.56,187.3,7.359
2017-05-18,1210.58,1041.02,187.38,7.831
2017-05-19,1191.84,1041.5,187.47,7.871
2017-05-20,1180.92,1042.0,187.56,7.673
2017-05-21,1155.69,1042.53,187.65,7.676
2017-05-22,1189.54,1043.06,187.75,7.678
2017-05-23,1100.2,1043.62,187.85,7.694
2017-05-24,1177.65,1044.19,187.95,7.875
2017-05-25,1227.4,1044.78,188.06,7.911
2017-05-26,1140.76,1045.39,188.17,7.647
2017-05-27,1173.08,1046.01,188.28,7.905
2017-05-28,1183.85,1046.64,188.4,7.543
2017-05-29,1180.46,1047.29,188.51,7.668
2017-05-30,1220.77,1047.95,188.63,7.56
2017-05-31,1216.13,1048.62,188.75,7.571
2017-06-01,1216.99,1049.31,188.88,7.471
2017-06-02,1238.91,1050.0,189.0,7.676
2017-06-03,1228.99,1050.71,189.13,7.445
2017-06-04,1305.09,1051.42,189.26,7.651
2017-06-05,1173.96,1052.15,189.39,7.402
2017-06-06,1179.23,1052.88,189.52,7.133
2017-06-07,1140.24,1053.61,189.65,7.332
2017-06-08,1167.4,1054.36,189.78,7.276
2017-06-09,1204.6,1055.1,189.92,7.296
2017-06-10,1148.53,1055.86,190.05,7.399
2017-06-11,1127.63,1056.61,190.19,7.204
2017-06-12,1171.79,1057.37,190.33,7.352
2017-06-13,1196.2,1058.13,190.46,7.093
2017-06-14,1161.19,1058.89,190.6,7.338
2017-06-15,1146.59,1059.65,190.74,7.296
2017-06-16,1106.63,1060.41,190.87,7.388
2017-06-17,1151.13,1061.17,191.01,7.173
2017-06-18,1219.81,1061.92,191.15,7.372
2017-06-19,1160.86,1062.68,191.28,7.298
2017-06-20,1220.76,1063.42,191.42,7.219
2017-06-21,1209.57,1064.17,191.55,7.466
2017-06-22,1215.89,1064.9,191.68,7.53
2017-06-23,1203.5,1065.63,191.81,7.531
2017-06-24,1206.22,1066.36,191.94,7.578
2017-06-25,1205.92,1067.07,192.07,7.469
2017-06-26,1217.58,1067.78,192.2,7.184
2017-06-27,1163.71,1068.47,192.33,7.281
2017-06-28,1176.99,1069.16,192.45,7.228
2017-06-29,1200.92,1069.83,192.57,7.372
2017-06-30,1221.87,1070.49,192.69,7.304
2017-07-01,1241.12,1071.14,192.81,7.504
2017-07-02,1247.51,1071.77,192.92,7.255
2017-07-03,1272.34,1072.39,193.03,7.119
2017-07-04,1279.76,1073.0,193.14,7.295
2017-07-05,1241.1,1073.59,193.25,6.958
2017-07-06,1270.19,1074.16,193.35,7.043
2017-07-07,1249.61,1074.72,193.45,7.387
2017-07-08,1196.0,1075.26,193.55,6.983
2017-07-09,1207.59,1075.78,193.64,6.907
2017-07-10,1124.39,1076.28,193.73,6.652
2017-07-11,1249.88,1076.76,193.82,6.816
2017-07-12,1205.44,1077.22,193.9,7.125
2017-07-13,1174.9,1077.67,193.98,7.05
2017-07-14,1224.55,1078.09,194.06,6.979
2017-07-15,1168.03,1078.49,194.13,6.84
2017-07-16,1171.79,1078.87,194.2,6.747
2017-07-17,1151.33,1079.23,194.26,6.473
2017-07-18,1261.85,1079.56,194.32,7.017
2017-07-19,1217.23,1079.88,194.38,7.154
2017-07-20,1217.7,1080.17,194.43,6.93
2017-07-21,1236.85,1080.43,194.48,7.048
2017-07-22,1220.45,1080.68,194.52,6.923
2017-07-23,1204.97,1080.9,194.56,6.848
2017-07-24,1230.64,1081.09,194.6,6.904
2017-07-25,1263.56,1081.26,194.63,6.656
2017-07-26,1217.61,1081.41,194.65,7.047
2017-07-27,1217.4,1081.53,194.68,7.131
2017-07-28,1223.89,1081.63,194.69,7.019
2017-07-29,1255.17,1081.71,194.71,6.686
2017-07-30,1219.98,1081.76,194.72,6.767
2017-07-31,1234.22,1081.78,194.72,6.97
2017-08-01,1213.72,1081.79,194.72,6.497
2017-08-02,1228.44,1081.76,194.72,6.856
2017-08-03,1249.47,1081.72,194.71,6.824
2017-08-04,1265.17,1081.65,194.7,7.071
2017-08-05,1239.77,1081.55,194.68,6.58
2017-08-06,1215.83,1081.43,194.66,6.612
2017-08-07,1185.75,1081.29,194.63,6.568
2017-08-08,1190.08,1081.13,194.6,6.73
2017-08-09,1235.11,1080.94,194.57,6.554
2017-08-10,1226.96,1080.73,194.53,6.692
2017-08-11,1198.74,1080.5,194.49,6.478
2017-08-12,1183.13,1080.24,194.44,6.736
2017-08-13,1211.37,1079.97,194.39,6.406
2017-08-14,1157.8,1079.67,194.34,6.367
2017-08-15,1180.87,1079.35,194.28,6.442
2017-08-16,1214.69,1079.02,194.22,6.326
2017-08-17,1161.81,1078.66,194.16,6.611
2017-08-18,1203.3,1078.28,194.09,6.96
2017-08-19,1223.21,1077.89,194.02,6.817
2017-08-20,1198.65,1077.47,193.95,6.496
2017-08-21,1174.32,1077.04,193.87,6.61
2017-08-22,1217.76,1076.59,193.79,6.725
2017-08-23,1225.72,1076.13,193.7,6.482
2017-08-24,1194.55,1075.65,193.62,6.649
2017-08-25,1194.8,1075.15,193.53,6.895
2017-08-26,1185.01,1074.65,193.44,6.761
2017-08-27,1207.12,1074.12,193.34,6.684
2017-08-28,1203.3,1073.59,193.25,6.797
2017-08-29,1199.43,1073.04,193.15,6.642
2017-08-30,1269.78,1072.48,193.05,6.737
2017-08-31,1245.06,1071.91,192.94,7.055
2017-09-01,1253.91,1071.33,192.84,6.717
2017-09-02,1266.83,1070.74,192.73,6.587
2017-09-03,1269.73,1070.14,192.63,6.641
2017-09-04,1248.07,1069.54,192.52,6.583
2017-09-05,1196.37,1068.93,192.41,6.231
2017-09-06,1186.32,1068.31,192.3,6.243
2017-09-07,1202.3,1067.69,192.18,6.718
2017-09-08,1199.1,1067.06,192.07,6.494
2017-09-09,1180.62,1066.43,191.96,6.308
2017-09-10,1155.85,1065.8,191.84,6.415
2017-09-11,1183.13,1065.16,191.73,6.233
2017-09-12,1169.18,1064.53,191.61,6.231
2017-09-13,1125.03,1063.89,191.5,6.403
2017-09-14,1170.19,1063.26,191.39,6.255
2017-09-15,1172.41,1062.62,191.27,6.468
2017-09-16,1199.02,1061.99,191.16,6.598
2017-09-17,1127.39,1061.37,191.05,6.335
2017-09-18,1187.39,1060.74,190.93,6.427
2017-09-19,1169.01,1060.13,190.82,6.428
2017-09-20,1193.32,1059.51,190.71,6.515
2017-09-21,1189.82,1058.91,190.6,6.61
2017-09-22,1165.58,1058.31,190.5,6.612
2017-09-23,1179.14,1057.72,190.39,6.711
2017-09-24,1140.51,1057.14,190.29,6.305
2017-09-25,1206.89,1056.57,190.18,6.561
2017-09-26,1173.31,1056.01,190.08,6.43
2017-09-27,1194.36,1055.47,189.98,6.598
2017-09-28,1169.48,1054.93,189.89,6.494
2017-09-29,1194.41,1054.41,189.79,6.808
2017-09-30,1207.75,1053.9,189.7,6.743
2017-10-01,1220.34,1053.4,189.61,6.622
2017-10-02,1237.54,1052.92,189.53,6.271
2017-10-03,1264.46,1052.46,189.44,6.571
2017-10-04,1253.88,1052.01,189.36,6.599
2017-10-05,1262.81,1051.58,189.28,6.437
2017-10-06,1276.08,1051.17,189.21,6.647
2017-10-07,1258.04,1050.77,189.14,6.64
2017-10-08,1174.47,1050.39,189.07,6.327
2017-10-09,1195.78,1050.04,189.01,6.229
2017-10-10,1194.09,1049.7,188.95,6.264
2017-10-11,1180.36,1049.38,188.89,6.486
2017-10-12,1128.58,1049.08,188.84,6.536
2017-10-13,1135.67,1048.81,188.79,6.067
2017-10-14,1141.1,1048.55,188.74,6.321
2017-10-15,1156.92,1048.32,188.7,6.255
2017-10-16,1131.88,1048.11,188.66,6.013
2017-10-17,1150.21,1047.92,188.63,6.257
2017-10-18,1217.55,1047.76,188.6,6.727
2017-10-19,1209.25,1047.62,188.57,6.529
2017-10-20,1204.72,1047.5,188.55,6.722
2017-10-21,1151.99,1047.4,188.53,6.522
2017-10-22,1183.43,1047.33,188.52,6.468
2017-10-23,1158.95,1047.29,188.51,6.676
2017-10-24,1137.06,1047.27,188.51,6.458
2017-10-25,1169.5,1047.27,188.51,6.661
2017-10-26,1208.82,1047.29,188.51,6.464
2017-10-27,1194.86,1047.34,188.52,6.936
2017-10-28,1235.15,1047.42,188.54,6.736
2017-10-29,1201.43,1047.52,188.55,6.561
2017-10-30,1258.6,1047.64,188.58,6.603
2017-10-31,1216.02,1047.79,188.6,6.39
2017-11-01,1219.82,1047.96,188.63,6.785
2017-11-02,1197.93,1048.16,188.67,6.688
2017-11-03,1256.51,1048.38,188.71,6.728
2017-11-04,1226.06,1048.62,188.75,6.646
2017-11-05,1156.7,1048.89,188.8,6.305
2017-11-06,1201.62,1049.18,188.85,6.411
2017-11-07,1199.97,1049.49,188.91,6.385
2017-11-08,1198.98,1049.82,188.97,6.518
2017-11-09,1164.27,1050.18,189.03,6.524
2017-11-10,1167.92,1050.56,189.1,6.613
2017-11-11,1163.35,1050.96,189.17,6.455
2017-11-12,1176.52,1051.38,189.25,6.694
2017-11-13,1187.37,1051.83,189.33,6.192
2017-11-14,1154.72,1052.29,189.41,6.559
2017-11-15,1183.33,1052.77,189.5,6.658
2017-11-16,1153.03,1053.27,189.59,6.478
2017-11-17,1121.97,1053.8,189.68,6.876
2017-11-18,1209.95,1054.33,189.78,6.932
2017-11-19,1224.8,1054.89,189.88,6.851
2017-11-20,1227.98,1055.46,189.98,6.693
2017-11-21,1208.24,1056.05,190.09,6.692
2017-11-22,1182.25,1056.66,190.2,6.78
2017-11-23,1177.99,1057.28,190.31,6.94
2017-11-24,1197.98,1057.91,190.42,7.09
2017-11-25,1226.09,1058.56,190.54,6.899
2017-11-26,1204.02,1059.22,190.66,6.691
2017-11-27,1210.75,1059.9,190.78,6.855
2017-11-28,1208.99,1060.58,190.9,6.896
2017-11-29,1208.3,1061.27,191.03,6.952
2017-11-30,1219.86,1061.98,191.16,7.051
2017-12-01,1234.27,1062.69,191.29,6.959
2017-12-02,1276.59,1063.42,191.42,6.836
2017-12-03,1240.37,1064.15,191.55,6.768
2017-12-04,1252.75,1064.88,191.68,6.632
2017-12-05,1237.37,1065.63,191.81,6.887
2017-12-06,1205.69,1066.37,191.95,6.687
2017-12-07,1222.07,1067.13,192.08,6.734
2017-12-08,1228.35,1067.88,192.22,6.462
2017-12-09,1196.22,1068.64,192.36,6.624
2017-12-10,1202.1,1069.4,192.49,6.832
2017-12-11,1182.53,1070.16,192.63,6.575
2017-12-12,1192.88,1070.92,192.77,6.729
2017-12-13,1182.65,1071.68,192.9,6.608
2017-12-14,1170.9,1072.44,193.04,7.038
2017-12-15,1166.23,1073.19,193.18,6.878
2017-12-16,1166.71,1073.95,193.31,6.888
2017-12-17,1144.16,1074.69,193.45,7.057
2017-12-18,1209.77,1075.44,193.58,7.168
2017-12-19,1247.99,1076.17,193.71,6.98
2017-12-20,1266.47,1076.9,193.84,7.035
2017-12-21,1178.03,1077.63,193.97,7.157
2017-12-22,1175.9,1078.34,194.1,7.289
2017-12-23,1183.11,1079.05,194.23,7.173
2017-12-24,1203.93,1079.74,194.35,7.063
2017-12-25,1229.35,1080.43,194.48,7.244
2017-12-26,1227.4,1081.1,194.6,7.086
2017-12-27,1224.05,1081.76,194.72,7.466
2017-12-28,1238.67,1082.41,194.83,7.291
2017-12-29,1219.23,1083.04,194.95,7.526
2017-12-30,1236.85,1083.66,195.06,7.312
2017-12-31,1249.59,1084.27,195.17,7.31
2018-01-01,1222.73,1084.86,195.27,7.066
2018-01-02,1239.03,1085.43,195.38,7.081
2018-01-03,1246.06,1085.99,195.48,7.329
2018-01-04,1292.64,1086.53,195.57,7.483
2018-01-05,1285.05,1087.05,195.67,7.4
2018-01-06,1295.52,1087.55,195.76,7.199
2018-01-07,1242.53,1088.03,195.85,7.116
2018-01-08,1179.79,1088.49,195.93,6.815
2018-01-09,1224.97,1088.94,196.01,6.806
2018-01-10,1145.85,1089.36,196.08,7.121
2018-01-11,1229.32,1089.76,196.16,7.333
2018-01-12,1156.69,1090.14,196.23,7.228
2018-01-13,1209.04,1090.5,196.29,6.916
2018-01-14,1164.17,1090.83,196.35,7.089
2018-01-15,1199.89,1091.15,196.41,7.05
2018-01-16,1240.65,1091.44,196.46,7.352
2018-01-17,1113.78,1091.7,196.51,7.015
2018-01-18,1243.54,1091.95,196.55,7.483
2018-01-19,1183.9,1092.17,196.59,7.765
2018-01-20,1229.7,1092.36,196.63,7.572
2018-01-21,1213.73,1092.53,196.66,7.51
2018-01-22,1220.54,1092.68,196.68,7.414
2018-01-23,1198.49,1092.8,196.7,7.47
2018-01-24,1238.02,1092.9,196.72,7.613
2018-01-25,1192.63,1092.98,196.74,7.512
2018-01-26,1256.64,1093.03,196.75,7.745
2018-01-27,1226.14,1093.06,196.75,7.431
2018-01-28,1210.83,1093.06,196.75,7.56
2018-01-29,1283.79,1093.03,196.75,7.498
2018-01-30,1254.4,1092.99,196.74,7.433
2018-01-31,1304.87,1092.92,196.73,7.593
2018-02-01,1296.35,1092.82,196.71,7.609
2018-02-02,1257.77,1092.7,196.69,7.585
2018-02-03,1278.31,1092.56,196.66,7.627
2018-02-04,1286.51,1092.4,196.63,7.461
2018-02-05,1249.72,1092.21,196.6,7.338
2018-02-06,1226.6,1092.0,196.56,7.19
2018-02-07,1220.17,1091.77,196.52,7.502
2018-02-08,1209.72,1091.51,196.47,7.362
2018-02-09,1209.43,1091.24,196.42,7.465
2018-02-10,1234.39,1090.94,196.37,7.413
2018-02-11,1199.85,1090.62,196.31,7.569
2018-02-12,1184.32,1090.29,196.25,7.405
2018-02-13,1173.27,1089.93,196.19,7.368
2018-02-14,1165.92,1089.55,196.12,7.541
2018-02-15,1139.72,1089.16,196.05,7.315
2018-02-16,1146.86,1088.74,195.97,7.59
2018-02-17,1189.78,1088.31,195.9,7.789
2018-02-18,1216.61,1087.86,195.82,7.737
2018-02-19,1232.12,1087.4,195.73,7.683
2018-02-20,1158.84,1086.92,195.65,7.768
2018-02-21,1224.05,1086.42,195.56,7.896
2018-02-22,1207.63,1085.92,195.46,7.634
2018-02-23,1201.7,1085.39,195.37,7.699
2018-02-24,1218.77,1084.86,195.27,7.879
2018-02-25,1207.65,1084.31,195.18,7.689
2018-02-26,1176.69,1083.75,195.07,7.885
2018-02-27,1249.41,1083.18,194.97,7.716
2018-02-28,1240.76,1082.6,194.87,7.606
2018-03-01,1235.1,1082.01,194.76,7.771
2018-03-02,1227.34,1081.41,194.65,7.618
2018-03-03,1222.53,1080.81,194.55,7.872
2018-03-04,1265.46,1080.2,194.44,7.797
2018-03-05,1300.82,1079.58,194.32,7.72
2018-03-06,1273.49,1078.96,194.21,7.925
2018-03-07,1241.01,1078.33,194.1,8.023
2018-03-08,1207.38,1077.7,193.99,7.692
2018-03-09,1200.77,1077.07,193.87,7.481
2018-03-10,1218.99,1076.43,193.76,7.762
2018-03-11,1209.93,1075.8,193.64,7.672
2018-03-12,1126.18,1075.16,193.53,7.593
2018-03-13,1198.02,1074.53,193.41,7.697
2018-03-14,1157.19,1073.89,193.3,7.522
2018-03-15,1140.58,1073.26,193.19,7.985
2018-03-16,1159.94,1072.64,193.07,7.652
2018-03-17,1165.29,1072.01,192.96,7.806
2018-03-18,1182.58,1071.4,192.85,7.68
2018-03-19,1227.14,1070.78,192.74,7.72
2018-03-20,1222.22,1070.18,192.63,8.036
2018-03-21,1201.31,1069.58,192.52,7.903
2018-03-22,1177.3,1068.99,192.42,8.116
2018-03-23,1172.34,1068.41,192.31,8.065
2018-03-24,1215.44,1067.84,192.21,7.972
2018-03-25,1160.11,1067.28,192.11,8.063
2018-03-26,1218.71,1066.74,192.01,7.819
2018-03-27,1194.95,1066.2,191.92,7.654
2018-03-28,1200.95,1065.68,191.82,7.851
2018-03-29,1170.93,1065.17,191.73,8.092
2018-03-30,1211.46,1064.67,191.64,8.094
2018-03-31,1234.8,1064.19,191.55,7.805
2018-04-01,1198.66,1063.73,191.47,7.82
2018-04-02,1245.61,1063.28,191.39,7.783
2018-04-03,1242.72,1062.85,191.31,7.828
2018-04-04,1231.98,1062.44,191.24,7.785
2018-04-05,1269.33,1062.04,191.17,7.952
2018-04-06,1205.27,1061.66,191.1,7.959
2018-04-07,1263.19,1061.31,191.04,8.084
2018-04-08,1221.6,1060.97,190.97,7.75
2018-04-09,1216.58,1060.65,190.92,7.58
2018-04-10,1190.98,1060.35,190.86,7.569
2018-04-11,1171.93,1060.08,190.81,7.709
2018-04-12,1159.54,1059.82,190.77,7.67
2018-04-13,1160.84,1059.59,190.73,7.648
2018-04-14,1172.71,1059.38,190.69,7.616
2018-04-15,1135.76,1059.19,190.65,7.564
2018-04-16,1162.8,1059.03,190.63,7.444
2018-04-17,1185.83,1058.89,190.6,7.619
2018-04-18,1200.75,1058.77,190.58,8.012
2018-04-19,1166.48,1058.67,190.56,7.809
2018-04-20,1161.4,1058.6,190.55,8.018
2018-04-21,1204.2,1058.56,190.54,7.931
2018-04-22,1183.29,1058.54,190.54,7.908
2018-04-23,1202.86,1058.54,190.54,7.807
2018-04-24,1172.3,1058.56,190.54,7.649
2018-04-25,1204.28,1058.61,190.55,7.746
2018-04-26,1185.9,1058.69,190.56,7.974
2018-04-27,1177.92,1058.79,190.58,8.109
2018-04-28,1190.95,1058.91,190.6,7.66
2018-04-29,1180.0,1059.06,190.63,7.876
2018-04-30,1257.24,1059.23,190.66,7.917
2018-05-01,1218.75,1059.43,190.7,7.77
2018-05-02,1242.42,1059.65,190.74,7.927
2018-05-03,1223.45,1059.89,190.78,7.849
2018-05-04,1218.51,1060.16,190.83,7.932
2018-05-05,1242.01,1060.45,190.88,7.691
2018-05-06,1205.77,1060.76,190.94,7.261
2018-05-07,1173.18,1061.09,191.0,7.595
2018-05-08,1167.18,1061.45,191.06,7.376
2018-05-09,1189.98,1061.83,191.13,7.51
2018-05-10,1196.31,1062.23,191.2,7.47
2018-05-11,1218.86,1062.65,191.28,7.479
2018-05-12,1186.63,1063.1,191.36,7.566
2018-05-13,1188.07,1063.56,191.44,7.404
2018-05-14,1183.93,1064.04,191.53,7.475
2018-05-15,1136.36,1064.54,191.62,7.496
2018-05-16,1133.87,1065.07,191.71,7.55
2018-05-17,1124.58,1065.6,191.81,7.61
2018-05-18,1182.79,1066.16,191.91,8.032
2018-05-19,1223.9,1066.73,192.01,7.651
2018-05-20,1207.95,1067.32,192.12,7.677
2018-05-21,1199.61,1067.93,192.23,7.757
2018-05-22,1138.41,1068.55,192.34,7.783
2018-05-23,1239.67,1069.18,192.45,7.53
2018-05-24,1175.28,1069.83,192.57,7.732
2018-05-25,1242.09,1070.49,192.69,7.942
2018-05-26,1168.5,1071.17,192.81,7.776
2018-05-27,1187.27,1071.85,192.93,7.642
2018-05-28,1162.58,1072.55,193.06,7.529
2018-05-29,1225.85,1073.25,193.19,7.518
2018-05-30,1201.14,1073.96,193.31,7.667
2018-05-31,1209.63,1074.69,193.44,7.67
2018-06-01,1210.98,1075.42,193.58,7.705
2018-06-02,1265.98,1076.15,193.71,7.655
2018-06-03,1271.69,1076.9,193.84,7.467
2018-06-04,1302.26,1077.65,193.98,7.547
2018-06-05,1182.61,1078.4,194.11,7.592
2018-06-06,1206.57,1079.15,194.25,7.096
2018-06-07,1176.07,1079.91,194.38,7.416
2018-06-08,1198.27,1080.67,194.52,7.294
2018-06-09,1193.95,1081.43,194.66,7.389
2018-06-10,1213.85,1082.19,194.79,7.228
2018-06-11,1222.95,1082.95,194.93,7.248
2018-06-12,1218.13,1083.71,195.07,7.306
2018-06-13,1172.58,1084.47,195.2,7.255
2018-06-14,1207.17,1085.22,195.34,7.434
2018-06-15,1177.89,1085.97,195.47,7.025
2018-06-16,1165.24,1086.71,195.61,7.432
2018-06-17,1150.49,1087.44,195.74,7.188
2018-06-18,1217.94,1088.17,195.87,7.456
2018-06-19,1263.52,1088.9,196.0,7.188
2018-06-20,1227.89,1089.61,196.13,7.301
2018-06-21,1222.11,1090.32,196.26,7.485
2018-06-22,1210.99,1091.01,196.38,7.473
2018-06-23,1270.51,1091.7,196.51,7.443
2018-06-24,1246.83,1092.37,196.63,7.44
2018-06-25,1205.12,1093.03,196.75,7.032
2018-06-26,1219.18,1093.68,196.86,7.368
2018-06-27,1225.9,1094.31,196.98,7.319
2018-06-28,1240.23,1094.93,197.09,7.359
2018-06-29,1228.75,1095.54,197.2,7.215
2018-06-30,1261.45,1096.13,197.3,7.385
2018-07-01,1291.54,1096.7,197.41,6.936
2018-07-02,1238.34,1097.26,197.51,7.238
2018-07-03,1249.64,1097.8,197.6,6.988
2018-07-04,1270.31,1098.32,197.7,7.24
2018-07-05,1276.83,1098.82,197.79,7.285
2018-07-06,1334.71,1099.3,197.87,7.447
2018-07-07,1315.73,1099.77,197.96,7.219
2018-07-08,1245.95,1100.21,198.04,6.809
2018-07-09,1219.34,1100.63,198.11,6.765
2018-07-10,1217.34,1101.03,198.19,6.986
2018-07-11,1188.77,1101.41,198.25,6.964
2018-07-12,1233.72,1101.77,198.32,6.92
2018-07-13,1222.05,1102.1,198.38,6.945
2018-07-14,1233.43,1102.42,198.43,6.719
2018-07-15,1193.83,1102.71,198.49,6.855
2018-07-16,1188.41,1102.97,198.54,6.532
2018-07-17,1188.37,1103.22,198.58,6.841
2018-07-18,1267.69,1103.44,198.62,7.082
2018-07-19,1209.79,1103.63,198.65,7.42
2018-07-20,1253.29,1103.8,198.68,7.009
2018-07-21,1232.72,1103.95,198.71,7.063
2018-07-22,1207.24,1104.07,198.73,7.193
2018-07-23,1183.43,1104.17,198.75,7.055
2018-07-24,1226.52,1104.25,198.76,6.837
2018-07-25,1263.05,1104.3,198.77,7.014
2018-07-26,1271.1,1104.33,198.78,7.054
2018-07-27,1246.39,1104.33,198.78,7.096
2018-07-28,1287.13,1104.3,198.77,6.914
2018-07-29,1249.25,1104.26,198.77,6.889
2018-07-30,1277.98,1104.19,198.75,6.643
2018-07-31,1254.17,1104.09,198.74,6.86
2018-08-01,1259.84,1103.97,198.72,6.965
2018-08-02,1262.99,1103.83,198.69,6.952
2018-08-03,1238.67,1103.67,198.66,6.794
2018-08-04,1317.55,1103.48,198.63,7.042
2018-08-05,1209.22,1103.27,198.59,6.62
2018-08-06,1208.51,1103.04,198.55,6.425
2018-08-07,1201.56,1102.78,198.5,6.488
2018-08-08,1222.89,1102.51,198.45,6.41
2018-08-09,1264.55,1102.21,198.4,6.535
2018-08-10,1268.74,1101.89,198.34,6.604
2018-08-11,1181.72,1101.56,198.28,6.752
2018-08-12,1204.9,1101.2,198.22,6.432
2018-08-13,1183.44,1100.82,198.15,6.522
2018-08-14,1220.76,1100.43,198.08,6.391
2018-08-15,1197.76,1100.01,198.0,6.555
2018-08-16,1169.82,1099.58,197.92,6.577
2018-08-17,1178.01,1099.13,197.84,6.71
2018-08-18,1229.02,1098.67,197.76,6.728
2018-08-19,1268.95,1098.19,197.67,6.509
2018-08-20,1240.43,1097.69,197.59,6.469
2018-08-21,1239.32,1097.19,197.49,6.582
2018-08-22,1163.47,1096.66,197.4,6.567
2018-08-23,1219.69,1096.13,197.3,6.836
2018-08-24,1267.48,1095.58,197.2,6.743
2018-08-25,1252.75,1095.02,197.1,7.022
2018-08-26,1186.19,1094.45,197.0,6.435
2018-08-27,1224.35,1093.87,196.9,6.607
2018-08-28,1210.19,1093.28,196.79,6.459
2018-08-29,1280.34,1092.68,196.68,6.607
2018-08-30,1254.56,1092.08,196.57,6.755
2018-08-31,1238.9,1091.47,196.46,6.471
2018-09-01,1262.96,1090.85,196.35,6.719
2018-09-02,1210.78,1090.23,196.24,6.826
2018-09-03,1249.43,1089.6,196.13,6.483
2018-09-04,1278.26,1088.97,196.01,6.582
2018-09-05,1228.99,1088.34,195.9,6.497
2018-09-06,1169.25,1087.7,195.79,6.427
2018-09-07,1203.68,1087.07,195.67,6.391
2018-09-08,1232.9,1086.43,195.56,6.129
2018-09-09,1175.92,1085.8,195.44,6.387
2018-09-10,1208.69,1085.16,195.33,6.238
2018-09-11,1199.69,1084.53,195.22,6.145
2018-09-12,1229.54,1083.91,195.1,6.356
2018-09-13,1179.59,1083.28,194.99,6.345
2018-09-14,1173.22,1082.67,194.88,6.367
2018-09-15,1187.97,1082.05,194.77,6.446
2018-09-16,1132.28,1081.45,194.66,6.122
2018-09-17,1149.33,1080.85,194.55,6.351
2018-09-18,1207.62,1080.26,194.45,6.324
2018-09-19,1209.01,1079.68,194.34,6.488
2018-09-20,1226.33,1079.11,194.24,6.874
2018-09-21,1216.82,1078.55,194.14,6.795
2018-09-22,1186.56,1078.01,194.04,6.615
2018-09-23,1205.95,1077.47,193.94,6.402
2018-09-24,1237.13,1076.95,193.85,6.396
2018-09-25,1188.85,1076.44,193.76,6.486
2018-09-26,1214.39,1075.94,193.67,6.558
2018-09-27,1212.07,1075.46,193.58,6.62
2018-09-28,1220.89,1075.0,193.5,6.645
2018-09-29,1192.92,1074.55,193.42,6.569
2018-09-30,1266.6,1074.12,193.34,6.334
2018-10-01,1225.26,1073.71,193.27,6.391
2018-10-02,1271.26,1073.31,193.2,6.582
2018-10-03,1240.76,1072.93,193.13,6.386
2018-10-04,1245.52,1072.58,193.06,6.606
2018-10-05,1289.71,1072.24,193.0,6.55
2018-10-06,1287.33,1071.92,192.95,6.608
2018-10-07,1271.1,1071.62,192.89,6.463
2018-10-08,1212.82,1071.35,192.84,6.384
2018-10-09,1187.85,1071.09,192.8,6.288
2018-10-10,1190.74,1070.86,192.76,6.149
2018-10-11,1171.85,1070.65,192.72,6.467
2018-10-12,1200.69,1070.46,192.68,6.315
2018-10-13,1159.1,1070.3,192.65,6.287
2018-10-14,1200.01,1070.16,192.63,6.309
2018-10-15,1153.09,1070.04,192.61,6.161
2018-10-16,1153.21,1069.95,192.59,6.349
2018-10-17,1162.51,1069.87,192.58,6.23
2018-10-18,1210.02,1069.83,192.57,6.58
2018-10-19,1197.5,1069.81,192.56,6.599
2018-10-20,1199.08,1069.81,192.57,6.559
2018-10-21,1216.39,1069.83,192.57,6.676
2018-10-22,1180.57,1069.88,192.58,6.569
2018-10-23,1192.3,1069.96,192.59,6.722
2018-10-24,1196.74,1070.06,192.61,6.872
2018-10-25,1218.42,1070.18,192.63,6.559
2018-10-26,1201.42,1070.33,192.66,6.715
2018-10-27,1248.79,1070.5,192.69,6.516
2018-10-28,1211.88,1070.7,192.73,6.482
2018-10-29,1217.1,1070.92,192.76,6.451
2018-10-30,1225.95,1071.16,192.81,6.425
2018-10-31,1208.22,1071.43,192.86,6.509
2018-11-01,1221.63,1071.72,192.91,6.702
2018-11-02,1239.5,1072.03,192.97,6.599
2018-11-03,1282.1,1072.36,193.03,6.798
2018-11-04,1261.29,1072.72,193.09,6.507
2018-11-05,1185.04,1073.1,193.16,6.656
2018-11-06,1225.01,1073.5,193.23,6.291
2018-11-07,1233.02,1073.92,193.31,6.439
2018-11-08,1225.91,1074.37,193.39,6.36
2018-11-09,1177.51,1074.83,193.47,6.747
2018-11-10,1182.04,1075.31,193.56,6.63
2018-11-11,1228.34,1075.82,193.65,6.452
2018-11-12,1188.3,1076.34,193.74,6.208
2018-11-13,1170.97,1076.87,193.84,6.422
2018-11-14,1186.12,1077.43,193.94,6.349
2018-11-15,1185.84,1078.0,194.04,6.745
2018-11-16,1144.66,1078.59,194.15,6.695
2018-11-17,1156.11,1079.2,194.26,6.563
2018-11-18,1236.5,1079.82,194.37,6.431
2018-11-19,1186.44,1080.45,194.48,6.56
2018-11-20,1209.32,1081.1,194.6,6.789
2018-11-21,1182.99,1081.76,194.72,6.939
2018-11-22,1185.8,1082.44,194.84,7.014
2018-11-23,1196.48,1083.12,194.96,6.719
2018-11-24,1222.26,1083.82,195.09,6.902
2018-11-25,1208.95,1084.52,195.21,6.91
2018-11-26,1207.26,1085.23,195.34,6.545
2018-11-27,1229.18,1085.96,195.47,6.772
2018-11-28,1210.09,1086.69,195.6,6.894
2018-11-29,1252.53,1087.42,195.74,6.913
2018-11-30,1275.95,1088.17,195.87,6.757
2018-12-01,1257.16,1088.92,196.0,6.896
2018-12-02,1261.87,1089.67,196.14,6.819
2018-12-03,1281.26,1090.42,196.28,6.797
2018-12-04,1234.17,1091.18,196.41,6.777
2018-12-05,1295.19,1091.94,196.55,6.881
2018-12-06,1284.87,1092.7,196.69,6.768
2018-12-07,1215.73,1093.46,196.82,6.856
2018-12-08,1216.12,1094.22,196.96,6.723
2018-12-09,1233.94,1094.98,197.1,6.635
2018-12-10,1251.23,1095.74,197.23,6.652
2018-12-11,1232.69,1096.49,197.37,6.441
2018-12-12,1158.95,1097.24,197.5,6.818
2018-12-13,1213.1,1097.98,197.64,6.851
2018-12-14,1251.06,1098.71,197.77,6.886
2018-12-15,1201.69,1099.45,197.9,6.954
2018-12-16,1156.17,1100.17,198.03,6.529
2018-12-17,1181.71,1100.88,198.16,6.484
2018-12-18,1211.91,1101.59,198.29,7.035
2018-12-19,1262.7,1102.28,198.41,7.091
2018-12-20,1211.16,1102.97,198.53,7.202
2018-12-21,1231.73,1103.64,198.66,7.157
2018-12-22,1210.55,1104.3,198.77,7.25
2018-12-23,1218.2,1104.95,198.89,7.208
2018-12-24,1265.18,1105.58,199.01,7.112
2018-12-25,1238.41,1106.2,199.12,7.053
2018-12-26,1228.76,1106.81,199.23,6.922
2018-12-27,1221.87,1107.4,199.33,7.357
2018-12-28,1212.74,1107.97,199.43,7.443
2018-12-29,1233.82,1108.53,199.54,7.332
2018-12-30,1271.53,1109.07,199.63,7.074
2018-12-31,1298.34,1109.59,199.73,7.218
2019-01-01,1271.82,1110.09,199.82,7.272
2019-01-02,1325.46,1110.57,199.9,7.446
2019-01-03,1281.0,1111.04,199.99,7.244
2019-01-04,1296.31,1111.48,200.07,7.353
2019-01-05,1281.25,1111.9,200.14,7.428
2019-01-06,1328.83,1112.3,200.21,7.271
2019-01-07,1353.71,1112.68,200.28,7.088
2019-01-08,1197.82,1113.04,200.35,7.053
2019-01-09,1226.54,1113.37,200.41,7.162
2019-01-10,1258.22,1113.69,200.46,7.194
2019-01-11,1193.64,1113.98,200.52,7.241
2019-01-12,1232.08,1114.24,200.56,7.141
2019-01-13,1239.95,1114.49,200.61,7.275
2019-01-14,1207.87,1114.71,200.65,6.947
2019-01-15,1211.25,1114.9,200.68,7.015
2019-01-16,1231.09,1115.07,200.71,7.177
2019-01-17,1228.94,1115.22,200.74,7.371
2019-01-18,1249.23,1115.34,200.76,7.367
2019-01-19,1234.43,1115.44,200.78,7.347
2019-01-20,1222.67,1115.52,200.79,7.184
2019-01-21,1262.54,1115.57,200.8,7.39
2019-01-22,1210.45,1115.6,200.81,7.282
2019-01-23,1236.11,1115.6,200.81,7.46
2019-01-24,1246.39,1115.57,200.8,7.675
2019-01-25,1236.84,1115.53,200.8,7.549
2019-01-26,1258.99,1115.46,200.78,7.61
2019-01-27,1315.12,1115.36,200.77,7.471
2019-01-28,1262.58,1115.24,200.74,7.544
2019-01-29,1262.63,1115.1,200.72,7.55
2019-01-30,1301.61,1114.94,200.69,7.499
2019-01-31,1291.39,1114.75,200.66,7.651
2019-02-01,1324.12,1114.54,200.62,7.826
2019-02-02,1301.64,1114.31,200.58,7.704
2019-02-03,1297.07,1114.05,200.53,7.413
2019-02-04,1266.59,1113.78,200.48,7.615
2019-02-05,1202.1,1113.48,200.43,7.186
2019-02-06,1197.78,1113.16,200.37,7.573
2019-02-07,1245.43,1112.83,200.31,7.615
2019-02-08,1204.55,1112.47,200.24,7.556
2019-02-09,1258.2,1112.09,200.18,7.495
2019-02-10,1226.07,1111.7,200.11,7.374
2019-02-11,1213.83,1111.28,200.03,7.435
2019-02-12,1193.65,1110.85,199.95,7.338
2019-02-13,1218.42,1110.4,199.87,7.498
2019-02-14,1179.35,1109.94,199.79,7.661
2019-02-15,1167.79,1109.46,199.7,7.517
2019-02-16,1208.45,1108.97,199.61,7.465
2019-02-17,1183.64,1108.46,199.52,7.317
2019-02-18,1235.14,1107.93,199.43,7.537
2019-02-19,1250.06,1107.4,199.33,7.473
2019-02-20,1233.12,1106.85,199.23,7.866
2019-02-21,1239.75,1106.29,199.13,8.082
2019-02-22,1213.23,1105.72,199.03,8.063
2019-02-23,1278.08,1105.14,198.93,7.65
2019-02-24,1222.5,1104.55,198.82,7.852
2019-02-25,1273.44,1103.95,198.71,7.889
2019-02-26,1240.05,1103.35,198.6,7.69
2019-02-27,1267.77,1102.74,198.49,7.842
2019-02-28,1272.51,1102.12,198.38,7.674
2019-03-01,1288.17,1101.5,198.27,7.973
2019-03-02,1250.97,1100.87,198.16,7.765
2019-03-03,1299.27,1100.24,198.04,7.836
2019-03-04,1321.73,1099.61,197.93,7.577
2019-03-05,1279.99,1098.97,197.81,7.854
2019-03-06,1289.88,1098.34,197.7,7.996
2019-03-07,1279.73,1097.7,197.59,7.862
2019-03-08,1214.33,1097.07,197.47,7.594
2019-03-09,1258.82,1096.43,197.36,7.423
2019-03-10,1196.81,1095.8,197.24,7.568
2019-03-11,1194.52,1095.18,197.13,7.481
2019-03-12,1245.74,1094.55,197.02,7.388
2019-03-13,1218.01,1093.94,196.91,7.711
2019-03-14,1244.03,1093.32,196.8,7.685
2019-03-15,1179.99,1092.72,196.69,7.633
2019-03-16,1184.9,1092.12,196.58,7.645
2019-03-17,1159.82,1091.53,196.48,7.757
2019-03-18,1240.05,1090.95,196.37,7.9
2019-03-19,1191.02,1090.38,196.27,7.834
2019-03-20,1239.14,1089.82,196.17,8.005
2019-03-21,1226.33,1089.28,196.07,7.873
2019-03-22,1214.37,1088.74,195.97,8.038
2019-03-23,1204.9,1088.22,195.88,8.0
2019-03-24,1193.14,1087.71,195.79,7.841
2019-03-25,1229.68,1087.21,195.7,7.897
2019-03-26,1190.19,1086.73,195.61,7.772
2019-03-27,1230.82,1086.27,195.53,8.007
2019-03-28,1269.96,1085.82,195.45,8.091
2019-03-29,1262.7,1085.39,195.37,7.695
2019-03-30,1203.27,1084.98,195.3,8.135
2019-03-31,1231.33,1084.58,195.22,7.54
2019-04-01,1259.24,1084.2,195.16,7.778
2019-04-02,1255.02,1083.85,195.09,7.995
2019-04-03,1231.86,1083.51,195.03,7.912
2019-04-04,1276.42,1083.19,194.97,7.852
2019-04-05,1271.97,1082.89,194.92,7.916
2019-04-06,1317.34,1082.62,194.87,8.115
2019-04-07,1271.32,1082.36,194.83,7.674
2019-04-08,1232.8,1082.13,194.78,7.735
2019-04-09,1177.97,1081.92,194.75,7.611
2019-04-10,1180.56,1081.73,194.71,7.551
2019-04-11,1215.07,1081.57,194.68,7.701
2019-04-12,1217.89,1081.43,194.66,7.666
2019-04-13,1166.91,1081.31,194.64,7.836
2019-04-14,1181.73,1081.22,194.62,7.731
2019-04-15,1143.64,1081.14,194.61,7.38
2019-04-16,1162.78,1081.1,194.6,7.555
2019-04-17,1178.12,1081.08,194.59,7.575
2019-04-18,1213.59,1081.08,194.59,8.159
2019-04-19,1211.92,1081.1,194.6,7.858
2019-04-20,1187.81,1081.15,194.61,8.155
2019-04-21,1194.91,1081.23,194.62,7.868
2019-04-22,1245.75,1081.33,194.64,7.674
2019-04-23,1208.06,1081.45,194.66,7.748
2019-04-24,1185.29,1081.6,194.69,7.807
2019-04-25,1202.79,1081.77,194.72,7.824
2019-04-26,1178.34,1081.97,194.75,8.003
2019-04-27,1196.17,1082.19,194.79,7.785
2019-04-28,1254.44,1082.43,194.84,7.579
2019-04-29,1228.2,1082.7,194.89,7.736
2019-04-30,1280.25,1082.99,194.94,7.579
2019-05-01,1244.09,1083.3,194.99,7.778
2019-05-02,1252.83,1083.63,195.05,7.831
2019-05-03,1274.75,1083.99,195.12,7.849
2019-05-04,1208.2,1084.37,195.19,8.134
2019-05-05,1276.9,1084.77,195.26,7.807
2019-05-06,1205.56,1085.19,195.34,7.519
2019-05-07,1242.26,1085.64,195.41,7.289
2019-05-08,1232.29,1086.1,195.5,7.495
2019-05-09,1186.16,1086.58,195.58,7.671
2019-05-10,1237.02,1087.09,195.68,7.534
2019-05-11,1201.14,1087.61,195.77,7.705
2019-05-12,1183.0,1088.14,195.87,7.357
2019-05-13,1202.18,1088.7,195.97,7.406
2019-05-14,1187.54,1089.27,196.07,7.381
2019-05-15,1219.47,1089.86,196.18,7.541
2019-05-16,1186.52,1090.47,196.28,7.515
2019-05-17,1177.02,1091.09,196.4,7.57
2019-05-18,1256.17,1091.72,196.51,7.762
2019-05-19,1254.92,1092.37,196.63,7.607
2019-05-20,1243.56,1093.03,196.75,7.69
2019-05-21,1254.15,1093.71,196.87,7.671
2019-05-22,1234.24,1094.39,196.99,7.701
2019-05-23,1223.89,1095.09,197.12,7.729
2019-05-24,1248.32,1095.79,197.24,7.886
2019-05-25,1221.4,1096.5,197.37,7.699
2019-05-26,1227.89,1097.23,197.5,7.594
2019-05-27,1270.08,1097.96,197.63,7.58
2019-05-28,1274.04,1098.69,197.77,7.78
2019-05-29,1245.2,1099.44,197.9,7.484
2019-05-30,1243.02,1100.19,198.03,7.806
2019-05-31,1293.13,1100.94,198.17,7.495
2019-06-01,1286.48,1101.69,198.3,7.684
2019-06-02,1283.45,1102.45,198.44,7.75
2019-06-03,1276.47,1103.21,198.58,7.555
2019-06-04,1297.02,1103.97,198.71,7.526
2019-06-05,1224.32,1104.73,198.85,7.256
2019-06-06,1213.98,1105.49,198.99,7.394
2019-06-07,1233.82,1106.25,199.12,7.369
2019-06-08,1237.73,1107.01,199.26,7.24
2019-06-09,1223.04,1107.76,199.4,7.201
2019-06-10,1249.17,1108.51,199.53,7.195
2019-06-11,1254.31,1109.25,199.66,7.087
2019-06-12,1242.82,1109.99,199.8,7.149
2019-06-13,1210.01,1110.72,199.93,7.15
2019-06-14,1226.66,1111.44,200.06,7.368
2019-06-15,1205.31,1112.15,200.19,7.321
2019-06-16,1169.91,1112.86,200.31,7.185
2019-06-17,1205.63,1113.55,200.44,7.207
2019-06-18,1258.31,1114.24,200.56,7.36
2019-06-19,1307.22,1114.91,200.68,7.463
2019-06-20,1278.33,1115.57,200.8,7.518
2019-06-21,1259.26,1116.22,200.92,7.479
2019-06-22,1247.81,1116.85,201.03,7.36
2019-06-23,1246.11,1117.47,201.15,7.591
2019-06-24,1222.07,1118.08,201.25,7.205
2019-06-25,1208.97,1118.67,201.36,7.186
2019-06-26,1232.43,1119.24,201.46,7.385
2019-06-27,1256.13,1119.8,201.56,7.429
2019-06-28,1217.36,1120.34,201.66,7.238
2019-06-29,1258.9,1120.86,201.75,7.475
2019-06-30,1273.02,1121.36,201.84,7.23
2019-07-01,1281.43,1121.84,201.93,7.042
2019-07-02,1279.11,1122.31,202.01,7.325
2019-07-03,1293.15,1122.75,202.09,7.324
2019-07-04,1344.8,1123.17,202.17,7.163
2019-07-05,1326.62,1123.57,202.24,7.535
2019-07-06,1303.68,1123.95,202.31,7.335
2019-07-07,1317.06,1124.31,202.38,7.156
2019-07-08,1249.02,1124.64,202.44,7.032
2019-07-09,1232.32,1124.96,202.49,6.867
2019-07-10,1230.38,1125.25,202.54,6.911
2019-07-11,1266.23,1125.51,202.59,6.901
2019-07-12,1230.23,1125.76,202.64,7.058
2019-07-13,1209.81,1125.98,202.68,6.979
2019-07-14,1226.59,1126.17,202.71,6.825
2019-07-15,1223.27,1126.34,202.74,6.663
2019-07-16,1170.2,1126.49,202.77,6.781
2019-07-17,1205.73,1126.61,202.79,6.823
2019-07-18,1289.15,1126.71,202.81,6.988
2019-07-19,1274.1,1126.79,202.82,6.979
2019-07-20,1308.27,1126.84,202.83,7.158
2019-07-21,1282.95,1126.87,202.84,6.68
2019-07-22,1284.81,1126.87,202.84,6.951
2019-07-23,1313.48,1126.84,202.83,6.877
2019-07-24,1268.95,1126.8,202.82,7.158
2019-07-25,1257.71,1126.73,202.81,7.009
2019-07-26,1278.75,1126.63,202.79,7.155
2019-07-27,1249.46,1126.52,202.77,6.964
2019-07-28,1269.6,1126.37,202.75,6.927
2019-07-29,1259.24,1126.21,202.72,6.937
2019-07-30,1289.02,1126.02,202.68,6.801
2019-07-31,1272.92,1125.81,202.65,7.044
2019-08-01,1279.06,1125.58,202.6,6.873
2019-08-02,1309.79,1125.32,202.56,7.036
2019-08-03,1303.52,1125.05,202.51,7.047
2019-08-04,1269.05,1124.75,202.46,6.918
2019-08-05,1213.19,1124.43,202.4,6.755
2019-08-06,1222.4,1124.1,202.34,6.442
2019-08-07,1229.19,1123.74,202.27,6.437
2019-08-08,1257.21,1123.36,202.21,6.551
2019-08-09,1250.89,1122.97,202.13,6.759
2019-08-10,1266.06,1122.55,202.06,6.676
2019-08-11,1254.43,1122.12,201.98,6.533
2019-08-12,1255.59,1121.67,201.9,6.322
2019-08-13,1238.65,1121.21,201.82,6.559
2019-08-14,1222.53,1120.73,201.73,6.389
2019-08-15,1234.42,1120.24,201.64,6.744
2019-08-16,1222.77,1119.73,201.55,6.959
2019-08-17,1203.42,1119.2,201.46,6.597
2019-08-18,1286.29,1118.67,201.36,6.778
2019-08-19,1200.76,1118.12,201.26,6.586
2019-08-20,1241.1,1117.56,201.16,6.439
2019-08-21,1237.16,1116.99,201.06,6.654
2019-08-22,1267.04,1116.41,200.95,6.666
2019-08-23,1275.51,1115.82,200.85,6.635
2019-08-24,1209.77,1115.22,200.74,6.953
2019-08-25,1274.88,1114.62,200.63,6.685
2019-08-26,1221.53,1114.01,200.52,6.636
2019-08-27,1226.78,1113.39,200.41,6.566
2019-08-28,1252.24,1112.77,200.3,6.654
2019-08-29,1256.55,1112.14,200.19,6.862
2019-08-30,1235.78,1111.51,200.07,6.755
2019-08-31,1290.93,1110.88,199.96,6.762
2019-09-01,1297.91,1110.24,199.84,6.581
2019-09-02,1311.94,1109.61,199.73,6.504
2019-09-03,1284.18,1108.97,199.61,6.389
2019-09-04,1296.77,1108.34,199.5,6.393
2019-09-05,1229.64,1107.7,199.39,6.422
2019-09-06,1268.73,1107.07,199.27,6.474
2019-09-07,1169.06,1106.45,199.16,6.254
2019-09-08,1208.7,1105.82,199.05,6.312
2019-09-09,1226.77,1105.21,198.94,6.264
2019-09-10,1198.33,1104.59,198.83,6.013
2019-09-11,1210.93,1103.99,198.72,6.236
2019-09-12,1207.28,1103.39,198.61,6.469
2019-09-13,1188.32,1102.8,198.5,6.482
2019-09-14,1196.53,1102.22,198.4,6.239
2019-09-15,1201.14,1101.65,198.3,6.306
2019-09-16,1174.53,1101.09,198.2,6.352
2019-09-17,1162.66,1100.55,198.1,6.339
2019-09-18,1232.66,1100.01,198.0,6.559
2019-09-19,1230.84,1099.49,197.91,6.59
2019-09-20,1188.64,1098.98,197.82,6.587
2019-09-21,1234.38,1098.48,197.73,6.662
2019-09-22,1213.08,1098.0,197.64,6.541
2019-09-23,1251.04,1097.54,197.56,6.537
2019-09-24,1238.04,1097.09,197.48,6.495
2019-09-25,1253.92,1096.66,197.4,6.654
2019-09-26,1210.3,1096.25,197.32,6.643
2019-09-27,1229.76,1095.85,197.25,6.744
2019-09-28,1216.78,1095.47,197.19,6.7
2019-09-29,1235.27,1095.12,197.12,6.411
2019-09-30,1285.22,1094.78,197.06,6.236
2019-10-01,1297.17,1094.46,197.0,6.657
2019-10-02,1245.56,1094.16,196.95,6.581
2019-10-03,1266.43,1093.89,196.9,6.423
2019-10-04,1279.58,1093.63,196.85,6.562
2019-10-05,1297.73,1093.4,196.81,6.687
2019-10-06,1248.4,1093.19,196.77,6.475
2019-10-07,1252.71,1093.0,196.74,6.393
2019-10-08,1228.13,1092.84,196.71,6.393
2019-10-09,1172.42,1092.7,196.69,6.179
2019-10-10,1202.05,1092.58,196.66,6.289
2019-10-11,1210.8,1092.49,196.65,6.431
2019-10-12,1210.7,1092.41,196.63,6.4
2019-10-13,1191.97,1092.37,196.63,6.328
2019-10-14,1180.06,1092.35,196.62,6.326
2019-10-15,1199.48,1092.35,196.62,6.263
2019-10-16,1180.06,1092.37,196.63,6.378
2019-10-17,1152.82,1092.42,196.64,6.37
2019-10-18,1231.83,1092.5,196.65,6.681
2019-10-19,1234.32,1092.6,196.67,6.635
2019-10-20,1259.74,1092.72,196.69,6.565
2019-10-21,1236.62,1092.87,196.72,6.582
2019-10-22,1244.88,1093.04,196.75,6.579
2019-10-23,1205.07,1093.24,196.78,6.6
2019-10-24,1208.82,1093.46,196.82,6.58
2019-10-25,1218.45,1093.7,196.87,6.709
2019-10-26,1225.06,1093.97,196.91,6.648
2019-10-27,1211.74,1094.26,196.97,6.593
2019-10-28,1268.36,1094.57,197.02,6.785
2019-10-29,1267.16,1094.9,197.08,6.482
2019-10-30,1248.54,1095.26,197.15,6.679
2019-10-31,1276.94,1095.64,197.22,6.841
2019-11-01,1275.01,1096.04,197.29,6.749
2019-11-02,1292.64,1096.46,197.36,6.97
2019-11-03,1253.08,1096.91,197.44,6.563
2019-11-04,1284.23,1097.37,197.53,6.6
2019-11-05,1219.68,1097.85,197.61,6.241
2019-11-06,1236.81,1098.36,197.7,6.38
2019-11-07,1209.93,1098.88,197.8,6.537
2019-11-08,1167.96,1099.41,197.89,6.635
2019-11-09,1196.96,1099.97,197.99,6.525
2019-11-10,1215.91,1100.54,198.1,6.558
2019-11-11,1214.04,1101.13,198.2,6.349
2019-11-12,1244.15,1101.74,198.31,6.348
2019-11-13,1213.77,1102.36,198.42,6.798
2019-11-14,1196.23,1102.99,198.54,6.607
2019-11-15,1187.17,1103.64,198.66,6.501
2019-11-16,1205.87,1104.3,198.77,6.458
2019-11-17,1162.85,1104.98,198.9,6.35
2019-11-18,1237.83,1105.66,199.02,6.78
2019-11-19,1213.09,1106.36,199.14,6.652
2019-11-20,1265.67,1107.06,199.27,6.798
2019-11-21,1241.89,1107.77,199.4,6.862
2019-11-22,1217.96,1108.5,199.53,6.986
2019-11-23,1232.78,1109.23,199.66,6.752
2019-11-24,1249.73,1109.96,199.79,6.647
2019-11-25,1237.57,1110.71,199.93,6.759
2019-11-26,1237.08,1111.46,200.06,6.833
2019-11-27,1241.16,1112.21,200.2,6.889
2019-11-28,1270.43,1112.96,200.33,6.84
2019-11-29,1262.95,1113.72,200.47,7.047
2019-11-30,1268.83,1114.48,200.61,6.833
2019-12-01,1257.21,1115.24,200.74,6.783
2019-12-02,1295.63,1116.0,200.88,6.689
2019-12-03,1296.48,1116.76,201.02,6.988
2019-12-04,1298.93,1117.52,201.15,6.996
2019-12-05,1314.7,1118.28,201.29,7.082
2019-12-06,1259.74,1119.03,201.42,6.939
2019-12-07,1260.21,1119.78,201.56,7.084
2019-12-08,1256.93,1120.52,201.69,6.465
2019-12-09,1238.01,1121.26,201.83,6.539
2019-12-10,1228.0,1121.99,201.96,6.584
2019-12-11,1213.45,1122.71,202.09,6.645
2019-12-12,1218.29,1123.42,202.22,6.707
2019-12-13,1225.92,1124.13,202.34,6.831
2019-12-14,1201.85,1124.82,202.47,6.678
2019-12-15,1214.73,1125.51,202.59,6.789
2019-12-16,1184.95,1126.18,202.71,6.713
2019-12-17,1163.64,1126.84,202.83,6.795
2019-12-18,1282.9,1127.49,202.95,7.138
2019-12-19,1250.07,1128.12,203.06,7.239
2019-12-20,1238.89,1128.74,203.17,7.153
2019-12-21,1231.36,1129.35,203.28,7.41
2019-12-22,1264.28,1129.94,203.39,7.109
2019-12-23,1286.24,1130.51,203.49,6.815
2019-12-24,1249.6,1131.07,203.59,6.95
2019-12-25,1257.56,1131.61,203.69,6.951
2019-12-26,1290.95,1132.13,203.78,7.252
2019-12-27,1233.66,1132.63,203.87,7.267
2019-12-28,1323.66,1133.11,203.96,7.183
2019-12-29,1341.58,1133.58,204.04,7.406
2019-12-30,1235.93,1134.02,204.12,7.188
2019-12-31,1300.89,1134.44,204.2,7.241
2020-01-01,1294.4,1134.84,204.27,7.132
2020-01-02,1310.89,1135.22,204.34,7.214
2020-01-03,1313.08,1135.58,204.4,7.37
2020-01-04,1344.55,1135.91,204.46,7.344
2020-01-05,1327.3,1136.23,204.52,7.026
2020-01-06,1311.36,1136.52,204.57,7.185
2020-01-07,1327.73,1136.78,204.62,7.24
2020-01-08,1271.46,1137.03,204.66,7.052
2020-01-09,1231.27,1137.25,204.7,7.071
2020-01-10,1216.98,1137.44,204.74,7.135
2020-01-11,1291.79,1137.61,204.77,7.136
2020-01-12,1227.69,1137.76,204.8,7.093
2020-01-13,1232.05,1137.89,204.82,7.113
2020-01-14,1219.23,1137.98,204.84,7.201
2020-01-15,1232.93,1138.06,204.85,7.126
2020-01-16,1253.05,1138.11,204.86,7.196
2020-01-17,1220.56,1138.14,204.86,7.334
2020-01-18,1238.98,1138.14,204.86,7.563
2020-01-19,1237.6,1138.11,204.86,7.362
2020-01-20,1256.19,1138.07,204.85,7.466
2020-01-21,1257.37,1138.0,204.84,7.52
2020-01-22,1225.14,1137.9,204.82,7.647
2020-01-23,1282.27,1137.79,204.8,7.795
2020-01-24,1242.96,1137.64,204.78,7.508
2020-01-25,1303.62,1137.48,204.75,7.57
2020-01-26,1315.85,1137.29,204.71,7.494
2020-01-27,1276.25,1137.08,204.67,7.438
2020-01-28,1297.91,1136.85,204.63,7.402
2020-01-29,1268.05,1136.59,204.59,7.391
2020-01-30,1315.8,1136.32,204.54,7.669
2020-01-31,1297.78,1136.02,204.48,7.595
2020-02-01,1290.93,1135.7,204.43,7.654
2020-02-02,1313.75,1135.37,204.37,7.472
2020-02-03,1314.06,1135.01,204.3,7.392
2020-02-04,1320.08,1134.63,204.23,7.581
2020-02-05,1279.65,1134.24,204.16,7.41
2020-02-06,1241.52,1133.82,204.09,7.549
2020-02-07,1295.49,1133.39,204.01,7.771
2020-02-08,1225.24,1132.94,203.93,7.498
2020-02-09,1285.64,1132.48,203.85,7.445
2020-02-10,1222.26,1132.0,203.76,7.213
2020-02-11,1238.14,1131.51,203.67,7.217
2020-02-12,1220.2,1131.0,203.58,7.648
2020-02-13,1215.8,1130.47,203.49,7.435
2020-02-14,1233.24,1129.94,203.39,7.448
2020-02-15,1241.02,1129.39,203.29,7.524
2020-02-16,1227.11,1128.83,203.19,7.439
2020-02-17,1185.65,1128.26,203.09,7.296
2020-02-18,1263.25,1127.68,202.98,7.646
2020-02-19,1237.83,1127.09,202.88,7.916
2020-02-20,1230.42,1126.49,202.77,7.758
2020-02-21,1225.67,1125.89,202.66,7.715
2020-02-22,1241.4,1125.28,202.55,7.949
2020-02-23,1258.1,1124.66,202.44,7.815
2020-02-24,1213.49,1124.04,202.33,7.635
2020-02-25,1258.68,1123.41,202.21,7.546
2020-02-26,1298.22,1122.78,202.1,7.732
2020-02-27,1295.46,1122.15,201.99,7.9
2020-02-28,1264.31,1121.51,201.87,8.072
2020-02-29,1253.04,1120.88,201.76,7.76
2020-03-01,1300.34,1120.24,201.64,7.794
2020-03-02,1245.28,1119.61,201.53,7.837
2020-03-03,1326.02,1118.97,201.42,7.496
2020-03-04,1301.26,1118.34,201.3,7.99
2020-03-05,1349.45,1117.72,201.19,7.808
2020-03-06,1273.03,1117.09,201.08,8.014
2020-03-07,1261.65,1116.48,200.97,7.705
2020-03-08,1238.18,1115.86,200.86,7.724
2020-03-09,1230.58,1115.26,200.75,7.611
2020-03-10,1203.83,1114.66,200.64,7.283
2020-03-11,1241.93,1114.07,200.53,7.557
2020-03-12,1237.51,1113.49,200.43,7.75
2020-03-13,1254.92,1112.92,200.33,7.734
2020-03-14,1230.3,1112.36,200.23,7.764
2020-03-15,1187.3,1111.82,200.13,7.719
2020-03-16,1170.6,1111.28,200.03,7.646
2020-03-17,1155.28,1110.76,199.94,7.57
2020-03-18,1281.16,1110.25,199.84,7.706
2020-03-19,1225.93,1109.75,199.76,7.954
2020-03-20,1271.06,1109.27,199.67,8.081
2020-03-21,1246.82,1108.81,199.59,7.848
2020-03-22,1240.74,1108.36,199.5,7.97
2020-03-23,1226.45,1107.93,199.43,7.952
2020-03-24,1248.95,1107.52,199.35,7.879
2020-03-25,1236.71,1107.12,199.28,7.576
2020-03-26,1232.87,1106.74,199.21,7.87
2020-03-27,1261.36,1106.39,199.15,8.27
2020-03-28,1248.82,1106.05,199.09,7.925
2020-03-29,1240.99,1105.73,199.03,7.667
2020-03-30,1278.63,1105.43,198.98,8.0
2020-03-31,1270.93,1105.16,198.93,7.873
2020-04-01,1289.72,1104.9,198.88,8.083
2020-04-02,1275.02,1104.67,198.84,8.061
2020-04-03,1263.61,1104.46,198.8,8.102
2020-04-04,1332.51,1104.27,198.77,8.036
2020-04-05,1331.24,1104.11,198.74,7.989
2020-04-06,1318.14,1103.97,198.71,8.124
2020-04-07,1290.2,1103.85,198.69,7.986
2020-04-08,1220.69,1103.76,198.68,7.506
2020-04-09,1254.88,1103.68,198.66,7.826
2020-04-10,1212.56,1103.64,198.65,7.928
2020-04-11,1201.2,1103.62,198.65,7.879
2020-04-12,1250.18,1103.62,198.65,7.595
2020-04-13,1201.19,1103.64,198.66,7.729
2020-04-14,1234.05,1103.69,198.66,7.718
2020-04-15,1157.24,1103.77,198.68,7.991
2020-04-16,1192.55,1103.87,198.7,7.667
2020-04-17,1220.41,1103.99,198.72,7.713
2020-04-18,1240.04,1104.14,198.75,7.93
2020-04-19,1229.2,1104.31,198.78,7.817
2020-04-20,1206.21,1104.51,198.81,7.712
2020-04-21,1254.02,1104.73,198.85,7.503
2020-04-22,1213.06,1104.97,198.89,7.856
2020-04-23,1229.22,1105.24,198.94,8.027
2020-04-24,1206.92,1105.53,198.99,7.938
2020-04-25,1272.47,1105.84,199.05,8.171
2020-04-26,1268.96,1106.17,199.11,7.848
2020-04-27,1249.18,1106.53,199.18,7.943
2020-04-28,1231.53,1106.91,199.24,7.833
2020-04-29,1298.21,1107.31,199.32,7.974
2020-04-30,1264.01,1107.73,199.39,7.981
2020-05-01,1255.23,1108.18,199.47,8.125
2020-05-02,1247.79,1108.64,199.56,7.908
2020-05-03,1278.62,1109.12,199.64,7.868
2020-05-04,1266.11,1109.63,199.73,7.792
2020-05-05,1288.5,1110.15,199.83,7.726
2020-05-06,1251.32,1110.68,199.92,7.631
2020-05-07,1227.98,1111.24,200.02,7.922
2020-05-08,1243.89,1111.81,200.13,7.634
2020-05-09,1218.54,1112.4,200.23,7.655
2020-05-10,1232.93,1113.01,200.34,7.662
2020-05-11,1269.59,1113.63,200.45,7.586
2020-05-12,1214.51,1114.26,200.57,7.463
2020-05-13,1224.73,1114.91,200.68,7.246
2020-05-14,1175.46,1115.57,200.8,7.664
2020-05-15,1236.8,1116.25,200.92,7.347
2020-05-16,1186.44,1116.93,201.05,7.727
2020-05-17,1214.08,1117.63,201.17,7.476
2020-05-18,1253.0,1118.33,201.3,7.763
2020-05-19,1264.88,1119.05,201.43,7.545
2020-05-20,1263.09,1119.77,201.56,7.537
2020-05-21,1236.62,1120.5,201.69,7.823
2020-05-22,1270.29,1121.23,201.82,7.798
2020-05-23,1230.76,1121.98,201.96,7.68
2020-05-24,1267.23,1122.73,202.09,7.653
2020-05-25,1245.59,1123.48,202.23,7.911
2020-05-26,1267.17,1124.23,202.36,7.689
2020-05-27,1255.68,1124.99,202.5,7.783
2020-05-28,1274.13,1125.75,202.64,7.827
2020-05-29,1257.11,1126.51,202.77,7.913
2020-05-30,1294.16,1127.27,202.91,7.648
2020-05-31,1297.6,1128.03,203.05,7.327
2020-06-01,1292.28,1128.79,203.18,7.487
2020-06-02,1309.83,1129.55,203.32,7.616
2020-06-03,1319.95,1130.3,203.45,7.47
2020-06-04,1308.27,1131.05,203.59,7.633
2020-06-05,1252.5,1131.79,203.72,7.329
2020-06-06,1235.28,1132.53,203.85,7.528
2020-06-07,1309.59,1133.26,203.99,7.34
2020-06-08,1280.38,1133.98,204.12,7.263
2020-06-09,1260.77,1134.69,204.24,7.268
2020-06-10,1276.93,1135.4,204.37,7.256
2020-06-11,1202.89,1136.09,204.5,7.351
2020-06-12,1184.57,1136.78,204.62,7.193
2020-06-13,1225.85,1137.45,204.74,7.007
2020-06-14,1197.78,1138.11,204.86,7.189
2020-06-15,1216.37,1138.76,204.98,7.145
2020-06-16,1219.86,1139.39,205.09,7.259
2020-06-17,1229.93,1140.01,205.2,7.369
2020-06-18,1249.83,1140.62,205.31,7.685
2020-06-19,1279.93,1141.21,205.42,7.384
2020-06-20,1269.0,1141.78,205.52,7.396
2020-06-21,1275.25,1142.34,205.62,7.397
2020-06-22,1256.56,1142.88,205.72,7.578
2020-06-23,1300.28,1143.4,205.81,7.459
2020-06-24,1270.84,1143.9,205.9,7.482
2020-06-25,1316.71,1144.38,205.99,7.367
2020-06-26,1265.96,1144.85,206.07,7.315
2020-06-27,1306.26,1145.29,206.15,7.45
2020-06-28,1295.81,1145.71,206.23,7.124
2020-06-29,1297.45,1146.11,206.3,7.162
2020-06-30,1326.16,1146.49,206.37,7.184
2020-07-01,1312.99,1146.85,206.43,7.455
2020-07-02,1267.76,1147.18,206.49,7.287
2020-07-03,1264.86,1147.5,206.55,7.044
2020-07-04,1365.08,1147.79,206.6,7.331
2020-07-05,1367.72,1148.05,206.65,7.088
2020-07-06,1384.34,1148.3,206.69,7.111
2020-07-07,1343.1,1148.52,206.73,7.103
2020-07-08,1244.2,1148.71,206.77,6.897
2020-07-09,1261.1,1148.88,206.8,7.09
2020-07-10,1266.9,1149.03,206.83,6.819
2020-07-11,1239.62,1149.16,206.85,6.875
2020-07-12,1292.18,1149.25,206.87,6.92
2020-07-13,1298.58,1149.33,206.88,6.699
2020-07-14,1252.79,1149.38,206.89,6.587
2020-07-15,1234.84,1149.41,206.89,6.926
2020-07-16,1199.55,1149.41,206.89,7.047
2020-07-17,1255.49,1149.38,206.89,6.915
2020-07-18,1287.31,1149.34,206.88,6.869
2020-07-19,1274.42,1149.27,206.87,7.091
2020-07-20,1287.71,1149.17,206.85,6.741
2020-07-21,1261.91,1149.06,206.83,6.986
2020-07-22,1277.15,1148.91,206.8,6.909
2020-07-23,1242.76,1148.75,206.77,6.943
2020-07-24,1300.43,1148.56,206.74,7.037
2020-07-25,1277.57,1148.35,206.7,7.003
2020-07-26,1309.91,1148.12,206.66,6.85
2020-07-27,1285.52,1147.86,206.62,6.933
2020-07-28,1293.23,1147.59,206.57,6.817
2020-07-29,1276.29,1147.29,206.51,7.055
2020-07-30,1326.58,1146.97,206.46,7.039
2020-07-31,1297.35,1146.64,206.39,6.93
2020-08-01,1312.24,1146.28,206.33,6.845
2020-08-02,1328.55,1145.9,206.26,6.654
2020-08-03,1335.79,1145.51,206.19,6.823
2020-08-04,1299.0,1145.09,206.12,6.754
2020-08-05,1263.51,1144.66,206.04,6.33
2020-08-06,1286.68,1144.21,205.96,6.619
2020-08-07,1259.95,1143.75,205.88,6.584
2020-08-08,1260.93,1143.27,205.79,6.818
2020-08-09,1265.65,1142.78,205.7,6.328
2020-08-10,1254.24,1142.27,205.61,6.296
2020-08-11,1228.22,1141.74,205.51,6.612
2020-08-12,1243.13,1141.21,205.42,6.71
2020-08-13,1258.29,1140.66,205.32,6.527
2020-08-14,1205.53,1140.1,205.22,6.551
2020-08-15,1212.7,1139.53,205.12,6.638
2020-08-16,1183.18,1138.95,205.01,6.189
2020-08-17,1227.57,1138.36,204.9,6.182
2020-08-18,1269.02,1137.76,204.8,6.633
2020-08-19,1247.67,1137.16,204.69,6.922
2020-08-20,1265.03,1136.55,204.58,6.754
2020-08-21,1234.57,1135.93,204.47,6.83
2020-08-22,1237.84,1135.31,204.36,6.892
2020-08-23,1229.45,1134.68,204.24,6.914
2020-08-24,1240.51,1134.05,204.13,6.531
2020-08-25,1297.53,1133.42,204.01,6.61
2020-08-26,1256.32,1132.78,203.9,6.902
2020-08-27,1288.34,1132.15,203.79,6.572
2020-08-28,1265.93,1131.51,203.67,6.89
2020-08-29,1307.59,1130.88,203.56,6.584
2020-08-30,1274.85,1130.24,203.44,6.625
2020-08-31,1304.54,1129.61,203.33,6.523
2020-09-01,1310.49,1128.99,203.22,6.451
2020-09-02,1365.33,1128.36,203.11,6.52
2020-09-03,1331.68,1127.75,202.99,6.743
2020-09-04,1307.19,1127.13,202.88,6.843
2020-09-05,1266.33,1126.53,202.78,6.399
2020-09-06,1297.85,1125.93,202.67,6.331
2020-09-07,1213.04,1125.34,202.56,6.332
2020-09-08,1227.01,1124.76,202.46,6.161
2020-09-09,1235.69,1124.19,202.35,6.44
2020-09-10,1225.96,1123.63,202.25,6.524
2020-09-11,1221.14,1123.09,202.16,6.753
2020-09-12,1192.45,1122.55,202.06,6.337
2020-09-13,1244.36,1122.03,201.96,6.237
2020-09-14,1174.46,1121.52,201.87,6.326
2020-09-15,1193.9,1121.02,201.78,6.348
2020-09-16,1214.41,1120.54,201.7,6.26
2020-09-17,1184.67,1120.08,201.61,6.351
2020-09-18,1228.78,1119.63,201.53,6.731
2020-09-19,1216.92,1119.2,201.46,6.51
2020-09-20,1239.2,1118.79,201.38,6.471
2020-09-21,1226.77,1118.39,201.31,6.475
2020-09-22,1248.6,1118.01,201.24,6.601
2020-09-23,1215.38,1117.66,201.18,6.485
2020-09-24,1267.59,1117.32,201.12,6.413
2020-09-25,1256.92,1117.0,201.06,6.422
2020-09-26,1264.22,1116.7,201.01,6.445
2020-09-27,1298.15,1116.43,200.96,6.351
2020-09-28,1263.65,1116.17,200.91,6.435
2020-09-29,1264.3,1115.94,200.87,6.33
2020-09-30,1275.05,1115.73,200.83,6.466
2020-10-01,1289.22,1115.54,200.8,6.535
2020-10-02,1297.08,1115.38,200.77,6.595
2020-10-03,1285.45,1115.24,200.74,6.752
2020-10-04,1262.66,1115.12,200.72,6.587
2020-10-05,1296.94,1115.03,200.7,6.456
2020-10-06,1317.87,1114.96,200.69,6.419
2020-10-07,1312.16,1114.91,200.68,6.501
2020-10-08,1263.33,1114.89,200.68,6.422
2020-10-09,1276.39,1114.89,200.68,6.474
2020-10-10,1245.32,1114.91,200.68,6.242
2020-10-11,1253.3,1114.96,200.69,6.27
2020-10-12,1233.27,1115.04,200.71,5.97
2020-10-13,1247.09,1115.14,200.72,6.261
2020-10-14,1243.09,1115.26,200.75,6.408
2020-10-15,1216.35,1115.41,200.77,6.364
2020-10-16,1204.46,1115.58,200.8,6.637
2020-10-17,1178.64,1115.78,200.84,6.263
2020-10-18,1247.47,1116.0,200.88,6.561
2020-10-19,1237.36,1116.24,200.92,6.48
2020-10-20,1256.25,1116.51,200.97,6.495
2020-10-21,1225.98,1116.8,201.02,6.576
2020-10-22,1238.38,1117.11,201.08,6.684
2020-10-23,1193.03,1117.44,201.14,6.797
2020-10-24,1286.41,1117.8,201.2,6.811
2020-10-25,1248.58,1118.18,201.27,6.563
2020-10-26,1269.46,1118.58,201.34,6.612
2020-10-27,1298.35,1119.01,201.42,6.454
2020-10-28,1280.29,1119.45,201.5,6.714
2020-10-29,1313.13,1119.91,201.58,6.614
2020-10-30,1261.67,1120.39,201.67,6.861
2020-10-31,1349.01,1120.9,201.76,6.947
2020-11-01,1326.83,1121.42,201.85,6.586
2020-11-02,1313.27,1121.95,201.95,6.29
2020-11-03,1344.64,1122.51,202.05,6.513
2020-11-04,1290.92,1123.08,202.16,6.811
2020-11-05,1242.2,1123.67,202.26,6.565
2020-11-06,1280.78,1124.28,202.37,6.554
2020-11-07,1206.93,1124.9,202.48,6.598
2020-11-08,1257.93,1125.53,202.6,6.456
2020-11-09,1253.64,1126.18,202.71,6.497
2020-11-10,1280.5,1126.84,202.83,6.488
2020-11-11,1196.75,1127.52,202.95,6.646
2020-11-12,1260.79,1128.2,203.08,6.593
2020-11-13,1206.59,1128.9,203.2,6.686
2020-11-14,1202.58,1129.6,203.33,6.494
2020-11-15,1179.37,1130.32,203.46,6.38
2020-11-16,1176.77,1131.04,203.59,6.612
2020-11-17,1204.9,1131.77,203.72,6.461
2020-11-18,1237.97,1132.51,203.85,6.868
2020-11-19,1276.43,1133.25,203.98,6.873
2020-11-20,1244.68,1134.0,204.12,6.816
2020-11-21,1233.18,1134.75,204.25,6.843
2020-11-22,1250.35,1135.5,204.39,6.937
2020-11-23,1272.89,1136.26,204.53,6.786
2020-11-24,1264.21,1137.02,204.66,6.543
2020-11-25,1277.04,1137.78,204.8,6.811
2020-11-26,1298.49,1138.54,204.94,7.138
2020-11-27,1314.52,1139.3,205.07,6.928
2020-11-28,1291.79,1140.06,205.21,6.693
2020-11-29,1283.6,1140.82,205.35,7.06
2020-11-30,1315.96,1141.57,205.48,6.871
2020-12-01,1331.81,1142.32,205.62,6.81
2020-12-02,1295.67,1143.06,205.75,6.863
2020-12-03,1313.5,1143.8,205.88,7.126
2020-12-04,1321.31,1144.53,206.01,6.961
2020-12-05,1335.2,1145.25,206.14,7.12
2020-12-06,1254.19,1145.96,206.27,6.722
2020-12-07,1286.15,1146.67,206.4,6.643
2020-12-08,1233.49,1147.36,206.53,6.661
2020-12-09,1230.91,1148.05,206.65,6.712
2020-12-10,1254.0,1148.72,206.77,6.948
2020-12-11,1252.18,1149.38,206.89,6.749
2020-12-12,1218.01,1150.03,207.01,6.615
2020-12-13,1230.21,1150.66,207.12,6.808
2020-12-14,1228.13,1151.28,207.23,6.768
2020-12-15,1221.87,1151.89,207.34,6.781
2020-12-16,1227.9,1152.48,207.45,6.862
2020-12-17,1204.79,1153.05,207.55,6.864
2020-12-18,1317.64,1153.61,207.65,7.278
2020-12-19,1292.84,1154.15,207.75,7.136
2020-12-20,1262.66,1154.67,207.84,7.008
2020-12-21,1282.25,1155.17,207.93,6.986
2020-12-22,1284.13,1155.65,208.02,7.297
2020-12-23,1310.79,1156.12,208.1,6.937
2020-12-24,1274.87,1156.56,208.18,7.295
2020-12-25,1310.16,1156.98,208.26,7.065
2020-12-26,1300.39,1157.38,208.33,7.211
2020-12-27,1339.21,1157.76,208.4,7.097
2020-12-28,1342.19,1158.12,208.46,6.857
2020-12-29,1325.68,1158.45,208.52,7.185
2020-12-30,1322.98,1158.77,208.58,7.183
2020-12-31,1346.86,1159.06,208.63,7.067
2021-01-01,1337.97,1159.32,208.68,7.451
2021-01-02,1384.15,1159.57,208.72,7.481
2021-01-03,1352.96,1159.79,208.76,7.413
2021-01-04,1344.99,1159.98,208.8,7.235
2021-01-05,1345.01,1160.15,208.83,7.228
2021-01-06,1328.14,1160.3,208.85,7.473
2021-01-07,1365.28,1160.43,208.88,7.605
2021-01-08,1261.79,1160.52,208.89,7.321
2021-01-09,1299.51,1160.6,208.91,7.029
2021-01-10,1241.35,1160.65,208.92,7.092
2021-01-11,1266.2,1160.68,208.92,7.078
2021-01-12,1281.74,1160.68,208.92,6.839
2021-01-13,1201.86,1160.66,208.92,7.203
2021-01-14,1286.42,1160.61,208.91,7.509
2021-01-15,1225.81,1160.54,208.9,7.344
2021-01-16,1232.05,1160.44,208.88,7.402
2021-01-17,1236.19,1160.33,208.86,7.172
2021-01-18,1305.38,1160.18,208.83,7.348
2021-01-19,1292.5,1160.02,208.8,7.434
2021-01-20,1306.89,1159.83,208.77,7.38
2021-01-21,1296.31,1159.62,208.73,7.451
2021-01-22,1325.02,1159.39,208.69,7.75
2021-01-23,1300.56,1159.13,208.64,7.72
2021-01-24,1336.33,1158.86,208.59,7.36
2021-01-25,1318.05,1158.56,208.54,7.552
2021-01-26,1264.46,1158.24,208.48,7.456
2021-01-27,1368.17,1157.91,208.42,7.596
2021-01-28,1304.91,1157.55,208.36,7.7
2021-01-29,1357.26,1157.17,208.29,7.794
2021-01-30,1331.43,1156.78,208.22,7.641
2021-01-31,1360.05,1156.36,208.15,7.724
2021-02-01,1326.54,1155.93,208.07,7.548
2021-02-02,1359.32,1155.48,207.99,7.615
2021-02-03,1342.55,1155.02,207.9,7.529
2021-02-04,1384.01,1154.54,207.82,7.976
2021-02-05,1288.58,1154.05,207.73,7.553
2021-02-06,1297.67,1153.54,207.64,7.538
2021-02-07,1226.19,1153.01,207.54,7.182
2021-02-08,1267.3,1152.48,207.45,7.232
2021-02-09,1272.46,1151.93,207.35,7.508
2021-02-10,1261.66,1151.37,207.25,7.481
2021-02-11,1270.54,1150.8,207.14,7.305
2021-02-12,1233.62,1150.22,207.04,7.687
2021-02-13,1234.94,1149.63,206.93,7.452
2021-02-14,1252.3,1149.03,206.83,7.609
2021-02-15,1169.15,1148.43,206.72,7.383
2021-02-16,1226.03,1147.82,206.61,7.446
2021-02-17,1200.55,1147.2,206.5,7.65
2021-02-18,1253.9,1146.58,206.38,7.737
2021-02-19,1278.83,1145.95,206.27,7.753
2021-02-20,1297.35,1145.32,206.16,7.802
2021-02-21,1293.62,1144.69,206.04,7.846
2021-02-22,1269.64,1144.05,205.93,7.541
2021-02-23,1295.06,1143.42,205.82,7.527
2021-02-24,1299.26,1142.78,205.7,7.911
2021-02-25,1283.57,1142.15,205.59,7.825
2021-02-26,1276.28,1141.51,205.47,7.877
2021-02-27,1284.02,1140.88,205.36,7.654
2021-02-28,1323.02,1140.26,205.25,7.715
2021-03-01,1310.07,1139.63,205.13,7.748
2021-03-02,1293.92,1139.02,205.02,7.886
2021-03-03,1285.04,1138.4,204.91,7.766
2021-03-04,1344.58,1137.8,204.8,8.141
2021-03-05,1317.23,1137.2,204.7,7.885
2021-03-06,1338.14,1136.61,204.59,7.837
2021-03-07,1358.31,1136.03,204.49,8.022
2021-03-08,1230.92,1135.46,204.38,7.564
2021-03-09,1255.96,1134.9,204.28,7.496
2021-03-10,1249.09,1134.36,204.18,7.627
2021-03-11,1255.88,1133.82,204.09,7.891
2021-03-12,1268.47,1133.3,203.99,7.928
2021-03-13,1204.9,1132.79,203.9,7.604
2021-03-14,1239.16,1132.29,203.81,7.614
2021-03-15,1241.62,1131.81,203.73,7.58
2021-03-16,1207.26,1131.35,203.64,7.474
2021-03-17,1201.22,1130.9,203.56,7.667
2021-03-18,1277.06,1130.47,203.48,8.005
2021-03-19,1270.02,1130.06,203.41,8.164
2021-03-20,1271.03,1129.66,203.34,8.121
2021-03-21,1267.7,1129.28,203.27,7.852
2021-03-22,1232.35,1128.93,203.21,7.814
2021-03-23,1275.85,1128.59,203.15,7.941
2021-03-24,1281.34,1128.27,203.09,7.871
2021-03-25,1262.77,1127.97,203.04,8.092
2021-03-26,1230.08,1127.7,202.99,8.032
2021-03-27,1265.78,1127.44,202.94,7.873
2021-03-28,1278.77,1127.21,202.9,7.789
2021-03-29,1256.06,1127.0,202.86,8.024
2021-03-30,1280.34,1126.81,202.83,7.852
2021-03-31,1264.24,1126.65,202.8,8.146
2021-04-01,1315.24,1126.51,202.77,7.966
2021-04-02,1311.54,1126.39,202.75,8.082
2021-04-03,1276.8,1126.3,202.73,8.28
2021-04-04,1324.74,1126.23,202.72,7.779
2021-04-05,1318.48,1126.18,202.71,7.624
2021-04-06,1332.4,1126.16,202.71,8.025
2021-04-07,1312.28,1126.16,202.71,7.848
2021-04-08,1231.65,1126.18,202.71,7.772
2021-04-09,1229.34,1126.23,202.72,7.722
2021-04-10,1230.22,1126.31,202.74,7.769
2021-04-11,1237.16,1126.41,202.75,7.534
2021-04-12,1233.85,1126.53,202.78,7.571
2021-04-13,1219.67,1126.68,202.8,7.663
2021-04-14,1207.54,1126.85,202.83,7.564
2021-04-15,1202.13,1127.05,202.87,7.677
2021-04-16,1258.38,1127.27,202.91,7.736
2021-04-17,1180.22,1127.51,202.95,7.549
2021-04-18,1249.75,1127.78,203.0,7.83
2021-04-19,1330.46,1128.07,203.05,7.837
2021-04-20,1264.54,1128.38,203.11,7.791
2021-04-21,1223.62,1128.71,203.17,7.881
2021-04-22,1272.73,1129.07,203.23,7.985
2021-04-23,1235.89,1129.45,203.3,7.924
2021-04-24,1279.07,1129.85,203.37,8.027
2021-04-25,1258.93,1130.28,203.45,8.025
2021-04-26,1259.55,1130.72,203.53,7.738
2021-04-27,1311.21,1131.18,203.61,7.867
2021-04-28,1295.53,1131.66,203.7,7.853
2021-04-29,1312.13,1132.17,203.79,7.998
2021-04-30,1308.02,1132.69,203.88,8.156
2021-05-01,1296.17,1133.23,203.98,7.969
2021-05-02,1326.37,1133.78,204.08,7.603
2021-05-03,1345.71,1134.35,204.18,7.81
2021-05-04,1327.21,1134.94,204.29,7.917
2021-05-05,1367.79,1135.55,204.4,7.814
2021-05-06,1279.4,1136.17,204.51,7.782
2021-05-07,1266.44,1136.8,204.62,7.592
2021-05-08,1266.91,1137.45,204.74,7.436
2021-05-09,1262.58,1138.11,204.86,7.537
2021-05-10,1228.88,1138.79,204.98,7.248
2021-05-11,1250.11,1139.47,205.1,7.442
2021-05-12,1251.69,1140.17,205.23,7.696
2021-05-13,1231.7,1140.87,205.36,7.382
2021-05-14,1241.9,1141.59,205.49,7.47
2021-05-15,1228.45,1142.31,205.62,7.437
2021-05-16,1238.69,1143.04,205.75,7.458
2021-05-17,1230.45,1143.78,205.88,7.36
2021-05-18,1284.49,1144.52,206.01,7.832
2021-05-19,1246.7,1145.27,206.15,7.848
2021-05-20,1313.36,1146.02,206.28,7.863
2021-05-21,1269.4,1146.77,206.42,7.831
2021-05-22,1270.75,1147.53,206.56,7.798
2021-05-23,1266.5,1148.29,206.69,7.551
2021-05-24,1266.25,1149.05,206.83,7.694
2021-05-25,1315.3,1149.81,206.97,7.468
2021-05-26,1317.36,1150.57,207.1,7.77
2021-05-27,1303.19,1151.33,207.24,7.881
2021-05-28,1298.36,1152.09,207.38,7.773
2021-05-29,1322.13,1152.84,207.51,7.662
2021-05-30,1318.1,1153.59,207.65,7.635
2021-05-31,1320.13,1154.33,207.78,7.179
2021-06-01,1339.16,1155.07,207.91,7.568
2021-06-02,1328.71,1155.8,208.04,7.586
2021-06-03,1349.69,1156.52,208.17,7.661
2021-06-04,1353.17,1157.23,208.3,7.761
2021-06-05,1295.13,1157.94,208.43,7.352
2021-06-06,1269.98,1158.63,208.55,7.127
2021-06-07,1299.46,1159.32,208.68,7.181
2021-06-08,1262.66,1159.99,208.8,7.215
2021-06-09,1267.36,1160.65,208.92,7.288
2021-06-10,1264.41,1161.3,209.03,7.36
2021-06-11,1247.49,1161.93,209.15,7.474
2021-06-12,1287.62,1162.55,209.26,7.153
2021-06-13,1237.6,1163.16,209.37,7.207
2021-06-14,1236.93,1163.75,209.47,7.275
2021-06-15,1273.35,1164.32,209.58,6.92
2021-06-16,1226.95,1164.88,209.68,7.216
2021-06-17,1229.78,1165.42,209.78,7.191
2021-06-18,1276.97,1165.94,209.87,7.474
2021-06-19,1313.98,1166.44,209.96,7.344
2021-06-20,1312.01,1166.92,210.05,7.334
2021-06-21,1308.76,1167.39,210.13,7.51
2021-06-22,1304.92,1167.83,210.21,7.144
2021-06-23,1296.77,1168.25,210.29,7.222
2021-06-24,1287.05,1168.65,210.36,7.272
2021-06-25,1285.35,1169.03,210.43,7.643
2021-06-26,1337.43,1169.39,210.49,7.315
2021-06-27,1332.49,1169.72,210.55,7.268
2021-06-28,1307.6,1170.04,210.61,7.157
2021-06-29,1331.2,1170.33,210.66,7.099
2021-06-30,1331.17,1170.59,210.71,7.25
2021-07-01,1320.08,1170.84,210.75,7.64
2021-07-02,1355.3,1171.06,210.79,7.519
2021-07-03,1347.86,1171.25,210.83,7.184
2021-07-04,1340.54,1171.42,210.86,7.265
2021-07-05,1332.13,1171.57,210.88,7.021
2021-07-06,1332.02,1171.7,210.91,6.915
2021-07-07,1358.5,1171.79,210.92,7.317
2021-07-08,1293.54,1171.87,210.94,7.15
2021-07-09,1273.44,1171.92,210.95,7.143
2021-07-10,1302.97,1171.95,210.95,6.895
2021-07-11,1282.0,1171.95,210.95,6.833
2021-07-12,1289.99,1171.93,210.95,6.877
2021-07-13,1266.45,1171.88,210.94,6.842
2021-07-14,1245.94,1171.81,210.93,6.814
2021-07-15,1258.46,1171.71,210.91,6.733
2021-07-16,1221.09,1171.6,210.89,6.949
2021-07-17,1254.18,1171.45,210.86,6.999
2021-07-18,1285.92,1171.29,210.83,6.877
2021-07-19,1322.0,1171.1,210.8,7.032
2021-07-20,1290.84,1170.89,210.76,7.003
2021-07-21,1319.51,1170.66,210.72,7.12
2021-07-22,1270.74,1170.4,210.67,7.201
2021-07-23,1281.29,1170.13,210.62,7.021
2021-07-24,1306.77,1169.83,210.57,6.845
2021-07-25,1327.65,1169.51,210.51,6.877
2021-07-26,1343.22,1169.18,210.45,6.982
2021-07-27,1313.07,1168.82,210.39,6.819
2021-07-28,1358.89,1168.44,210.32,6.868
2021-07-29,1318.78,1168.05,210.25,6.8
2021-07-30,1356.14,1167.63,210.17,7.238
2021-07-31,1317.84,1167.2,210.1,7.062
2021-08-01,1353.92,1166.75,210.02,6.958
2021-08-02,1298.48,1166.29,209.93,6.917
2021-08-03,1329.62,1165.81,209.85,6.879
2021-08-04,1367.63,1165.32,209.76,6.848
2021-08-05,1260.19,1164.81,209.67,6.676
2021-08-06,1298.68,1164.28,209.57,6.653
2021-08-07,1307.94,1163.75,209.47,6.957
2021-08-08,1274.22,1163.2,209.38,6.611
2021-08-09,1259.81,1162.64,209.28,6.425
2021-08-10,1265.34,1162.07,209.17,6.546
2021-08-11,1248.16,1161.49,209.07,6.438
2021-08-12,1260.04,1160.9,208.96,6.808
2021-08-13,1256.88,1160.3,208.85,6.559
2021-08-14,1240.08,1159.7,208.75,6.635
2021-08-15,1275.94,1159.09,208.64,6.607
2021-08-16,1215.98,1158.47,208.52,6.463
2021-08-17,1255.84,1157.85,208.41,6.438
2021-08-18,1266.69,1157.22,208.3,6.748
2021-08-19,1286.75,1156.59,208.19,6.81
2021-08-20,1308.06,1155.96,208.07,6.759
2021-08-21,1305.24,1155.32,207.96,6.712
2021-08-22,1270.92,1154.69,207.84,6.849
2021-08-23,1293.66,1154.05,207.73,6.596
2021-08-24,1293.38,1153.42,207.62,6.527
2021-08-25,1276.16,1152.78,207.5,6.63
2021-08-26,1306.56,1152.15,207.39,6.895
2021-08-27,1339.78,1151.53,207.27,6.856
2021-08-28,1315.52,1150.9,207.16,6.782
2021-08-29,1324.19,1150.29,207.05,6.59
2021-08-30,1333.05,1149.68,206.94,6.629
2021-08-31,1292.3,1149.07,206.83,6.496
2021-09-01,1340.1,1148.47,206.73,6.614
2021-09-02,1312.22,1147.88,206.62,6.834
2021-09-03,1325.11,1147.3,206.51,6.836
2021-09-04,1387.84,1146.73,206.41,6.553
2021-09-05,1265.48,1146.17,206.31,6.226
2021-09-06,1254.07,1145.63,206.21,6.283
2021-09-07,1293.55,1145.09,206.12,6.491
2021-09-08,1243.79,1144.57,206.02,6.127
2021-09-09,1249.97,1144.06,205.93,6.464
2021-09-10,1281.38,1143.56,205.84,6.281
2021-09-11,1248.08,1143.08,205.76,6.311
2021-09-12,1205.45,1142.62,205.67,6.253
2021-09-13,1244.14,1142.17,205.59,6.188
2021-09-14,1215.84,1141.74,205.51,6.19
2021-09-15,1251.14,1141.33,205.44,6.33
2021-09-16,1197.26,1140.93,205.37,6.339
2021-09-17,1227.93,1140.55,205.3,6.244
2021-09-18,1309.2,1140.2,205.24,6.706
2021-09-19,1248.03,1139.86,205.17,6.614
2021-09-20,1260.56,1139.54,205.12,6.568
2021-09-21,1272.91,1139.24,205.06,6.299
2021-09-22,1246.56,1138.97,205.01,6.596
2021-09-23,1273.88,1138.71,204.97,6.717
2021-09-24,1266.83,1138.48,204.93,6.53
2021-09-25,1271.38,1138.27,204.89,6.599
2021-09-26,1283.79,1138.08,204.86,6.496
2021-09-27,1290.9,1137.92,204.83,6.676
2021-09-28,1299.94,1137.78,204.8,6.704
2021-09-29,1290.25,1137.66,204.78,6.351
2021-09-30,1298.07,1137.57,204.76,6.928
2021-10-01,1314.03,1137.5,204.75,6.538
2021-10-02,1321.21,1137.45,204.74,6.711
2021-10-03,1317.07,1137.43,204.74,6.623
2021-10-04,1337.16,1137.43,204.74,6.334
2021-10-05,1292.05,1137.45,204.74,6.532
2021-10-06,1316.4,1137.5,204.75,6.539
2021-10-07,1325.35,1137.58,204.76,6.698
2021-10-08,1240.29,1137.68,204.78,6.429
2021-10-09,1291.26,1137.8,204.8,6.492
2021-10-10,1250.98,1137.95,204.83,6.273
2021-10-11,1248.67,1138.12,204.86,6.191
2021-10-12,1227.67,1138.32,204.9,6.364
2021-10-13,1231.08,1138.54,204.94,6.383
2021-10-14,1197.72,1138.78,204.98,6.482
2021-10-15,1213.95,1139.05,205.03,6.336
2021-10-16,1190.81,1139.34,205.08,6.239
2021-10-17,1199.84,1139.65,205.14,6.213
2021-10-18,1215.18,1139.98,205.2,6.405
2021-10-19,1243.47,1140.34,205.26,6.597
2021-10-20,1298.67,1140.72,205.33,6.702
2021-10-21,1284.39,1141.12,205.4,6.648
2021-10-22,1296.31,1141.55,205.48,6.862
2021-10-23,1300.47,1141.99,205.56,6.804
2021-10-24,1288.77,1142.45,205.64,6.587
2021-10-25,1269.27,1142.93,205.73,6.409
2021-10-26,1262.7,1143.44,205.82,6.721
2021-10-27,1317.82,1143.96,205.91,6.608
2021-10-28,1301.59,1144.5,206.01,6.714
2021-10-29,1362.81,1145.05,206.11,6.683
2021-10-30,1307.58,1145.62,206.21,6.568
2021-10-31,1366.28,1146.21,206.32,6.418
2021-11-01,1325.99,1146.82,206.43,6.622
2021-11-02,1364.45,1147.44,206.54,6.477
2021-11-03,1376.85,1148.07,206.65,7.023
2021-11-04,1320.15,1148.72,206.77,6.61
2021-11-05,1263.69,1149.38,206.89,6.365
2021-11-06,1251.86,1150.06,207.01,6.53
2021-11-07,1246.29,1150.74,207.13,6.572
2021-11-08,1285.42,1151.44,207.26,6.35
2021-11-09,1262.57,1152.14,207.39,6.437
2021-11-10,1263.16,1152.86,207.51,6.233
2021-11-11,1268.55,1153.58,207.64,6.459
2021-11-12,1209.22,1154.31,207.78,6.438
2021-11-13,1271.92,1155.05,207.91,6.294
2021-11-14,1229.53,1155.79,208.04,6.456
2021-11-15,1242.9,1156.54,208.18,6.127
2021-11-16,1239.47,1157.29,208.31,6.266
2021-11-17,1251.52,1158.04,208.45,6.447
2021-11-18,1285.75,1158.8,208.58,6.748
2021-11-19,1239.34,1159.56,208.72,6.924
2021-11-20,1286.75,1160.32,208.86,6.868
2021-11-21,1290.83,1161.08,208.99,6.861
2021-11-22,1266.05,1161.84,209.13,6.799
2021-11-23,1295.86,1162.6,209.27,6.875
2021-11-24,1289.76,1163.36,209.4,6.826
2021-11-25,1274.35,1164.11,209.54,6.951
2021-11-26,1325.71,1164.86,209.67,7.005
2021-11-27,1306.18,1165.6,209.81,6.917
2021-11-28,1317.59,1166.34,209.94,6.776
2021-11-29,1324.3,1167.07,210.07,6.74
2021-11-30,1369.3,1167.79,210.2,6.712
2021-12-01,1348.25,1168.5,210.33,6.95
2021-12-02,1357.07,1169.21,210.46,6.978
2021-12-03,1350.71,1169.9,210.58,6.94
2021-12-04,1374.38,1170.59,210.71,6.898
2021-12-05,1396.26,1171.26,210.83,6.758
2021-12-06,1311.74,1171.92,210.95,6.729
2021-12-07,1312.02,1172.57,211.06,6.653
2021-12-08,1308.24,1173.2,211.18,6.631
2021-12-09,1261.23,1173.82,211.29,6.924
2021-12-10,1267.88,1174.43,211.4,6.793
2021-12-11,1277.3,1175.02,211.5,6.652
2021-12-12,1259.85,1175.59,211.61,6.871
2021-12-13,1246.05,1176.15,211.71,6.646
2021-12-14,1221.9,1176.69,211.8,6.697
2021-12-15,1227.33,1177.21,211.9,6.846
2021-12-16,1245.75,1177.71,211.99,7.074
2021-12-17,1245.15,1178.19,212.07,6.977
2021-12-18,1295.59,1178.66,212.16,7.046
2021-12-19,1312.42,1179.1,212.24,7.189
2021-12-20,1300.21,1179.52,212.31,7.033
2021-12-21,1334.34,1179.92,212.39,7.36
2021-12-22,1308.93,1180.3,212.45,7.235
2021-12-23,1331.44,1180.66,212.52,7.071
2021-12-24,1325.64,1180.99,212.58,7.429
2021-12-25,1296.62,1181.31,212.64,7.594
2021-12-26,1332.81,1181.6,212.69,7.494
2021-12-27,1315.77,1181.86,212.74,7.503
2021-12-28,1349.25,1182.11,212.78,7.215
2021-12-29,1344.15,1182.33,212.82,7.562
2021-12-30,1377.79,1182.52,212.85,7.484
2021-12-31,1348.36,1182.69,212.89,7.66
2022-01-01,1386.09,1182.84,212.91,7.472
2022-01-02,1405.4,1182.97,212.93,7.509
2022-01-03,1418.76,1183.06,212.95,7.503
2022-01-04,1386.79,1183.14,212.97,7.767
2022-01-05,1407.54,1183.19,212.97,7.893
2022-01-06,1413.47,1183.22,212.98,7.972
2022-01-07,1444.48,1183.22,212.98,7.863
2022-01-08,1307.76,1183.2,212.98,7.756
2022-01-09,1319.24,1183.15,212.97,7.694
2022-01-10,1399.17,1183.08,212.95,7.915
2022-01-11,1329.17,1182.98,212.94,8.058
2022-01-12,1291.08,1182.87,212.92,8.214
2022-01-13,1317.48,1182.72,212.89,8.172
2022-01-14,1267.43,1182.56,212.86,8.057
2022-01-15,1332.44,1182.37,212.83,8.228
2022-01-16,1344.79,1182.16,212.79,8.639
2022-01-17,1308.05,1181.93,212.75,8.488
2022-01-18,1390.4,1181.68,212.7,8.843
2022-01-19,1425.42,1181.4,212.65,9.342
2022-01-20,1372.73,1181.1,212.6,9.515
2022-01-21,1390.14,1180.78,212.54,9.532
2022-01-22,1424.01,1180.45,212.48,9.593
2022-01-23,1424.02,1180.09,212.42,9.685
2022-01-24,1447.26,1179.71,212.35,9.839
2022-01-25,1440.46,1179.32,212.28,10.195
2022-01-26,1488.68,1178.9,212.2,10.31
2022-01-27,1497.24,1178.47,212.13,10.608
2022-01-28,1529.72,1178.02,212.04,10.87
2022-01-29,1539.4,1177.56,211.96,10.73
2022-01-30,1556.8,1177.08,211.87,11.073
2022-01-31,1537.3,1176.59,211.79,11.097
2022-02-01,1596.13,1176.08,211.69,11.058
2022-02-02,1593.26,1175.55,211.6,11.394
2022-02-03,1610.98,1175.02,211.5,11.82
2022-02-04,1650.52,1174.47,211.4,12.243
2022-02-05,1553.08,1173.91,211.3,12.108
2022-02-06,1608.67,1173.34,211.2,12.25
2022-02-07,1619.38,1172.76,211.1,12.629
2022-02-08,1611.53,1172.17,210.99,12.483
2022-02-09,1579.62,1171.57,210.88,12.931
2022-02-10,1558.35,1170.97,210.77,13.267
2022-02-11,1634.71,1170.36,210.66,13.378
2022-02-12,1617.45,1169.74,210.55,13.628
2022-02-13,1602.39,1169.12,210.44,13.554
2022-02-14,1648.42,1168.49,210.33,14.065
2022-02-15,1607.73,1167.86,210.21,14.032
2022-02-16,1621.92,1167.23,210.1,14.627
2022-02-17,1648.04,1166.59,209.99,14.641
2022-02-18,1688.04,1165.96,209.87,15.213
2022-02-19,1717.08,1165.32,209.76,15.196
2022-02-20,1751.31,1164.69,209.64,15.269
2022-02-21,1740.75,1164.05,209.53,15.295
2022-02-22,1773.09,1163.42,209.42,15.534
2022-02-23,1780.76,1162.8,209.3,15.759
2022-02-24,1766.61,1162.17,209.19,15.816
2022-02-25,1725.82,1161.56,209.08,16.013
2022-02-26,1763.59,1160.95,208.97,15.985
2022-02-27,1814.98,1160.34,208.86,16.319
2022-02-28,1773.62,1159.74,208.75,22.035
2022-03-01,1809.0,1159.15,208.65,22.293
2022-03-02,1830.74,1158.57,208.54,22.19
2022-03-03,1861.08,1158.0,208.44,22.336
2022-03-04,1819.67,1157.44,208.34,22.165
2022-03-05,1819.66,1156.9,208.24,22.199
2022-03-06,1831.95,1156.36,208.14,22.161
2022-03-07,1837.82,1155.84,208.05,22.227
2022-03-08,1751.43,1155.33,207.96,21.773
2022-03-09,1770.41,1154.83,207.87,21.918
2022-03-10,1720.15,1154.35,207.78,21.821
2022-03-11,1728.89,1153.89,207.7,21.86
2022-03-12,1722.9,1153.44,207.62,21.491
2022-03-13,1689.78,1153.01,207.54,21.575
2022-03-14,1701.5,1152.6,207.47,21.041
2022-03-15,1670.04,1152.2,207.4,20.882
2022-03-16,1667.5,1151.82,207.33,20.752
2022-03-17,1637.79,1151.47,207.26,21.091
2022-03-18,1695.48,1151.13,207.2,21.007
2022-03-19,1657.57,1150.81,207.15,20.634
2022-03-20,1642.75,1150.51,207.09,20.551
2022-03-21,1669.77,1150.24,207.04,20.237
2022-03-22,1644.22,1149.98,207.0,20.213
2022-03-23,1596.42,1149.75,206.96,19.668
2022-03-24,1612.89,1149.54,206.92,19.695
2022-03-25,1547.93,1149.35,206.88,19.484
2022-03-26,1579.91,1149.19,206.85,19.039
2022-03-27,1607.05,1149.05,206.83,19.106
2022-03-28,1577.31,1148.93,206.81,18.682
2022-03-29,1577.37,1148.84,206.79,18.613
2022-03-30,1503.41,1148.77,206.78,18.677
2022-03-31,1556.16,1148.72,206.77,18.223
2022-04-01,1567.0,1148.7,206.77,18.03
2022-04-02,1564.06,1148.7,206.77,17.84
2022-04-03,1568.55,1148.72,206.77,17.659
2022-04-04,1535.39,1148.77,206.78,17.225
2022-04-05,1527.97,1148.85,206.79,17.048
2022-04-06,1492.78,1148.95,206.81,17.144
2022-04-07,1506.91,1149.07,206.83,16.961
2022-04-08,1401.85,1149.22,206.86,16.266
2022-04-09,1376.13,1149.39,206.89,16.142
2022-04-10,1379.22,1149.59,206.93,16.22
2022-04-11,1421.93,1149.81,206.97,9.878
2022-04-12,1368.01,1150.05,207.01,9.608
2022-04-13,1363.87,1150.32,207.06,9.613
2022-04-14,1332.97,1150.61,207.11,9.576
2022-04-15,1290.56,1150.92,207.17,9.551
2022-04-16,1337.01,1151.26,207.23,9.12
2022-04-17,1256.12,1151.61,207.29,8.977
2022-04-18,1350.51,1151.99,207.36,9.193
2022-04-19,1351.84,1152.39,207.43,9.061
2022-04-20,1350.11,1152.82,207.51,9.119
2022-04-21,1322.86,1153.26,207.59,8.886
2022-04-22,1294.04,1153.72,207.67,9.006
2022-04-23,1314.3,1154.2,207.76,8.956
2022-04-24,1314.64,1154.71,207.85,8.717
2022-04-25,1314.9,1155.23,207.94,8.547
2022-04-26,1355.43,1155.77,208.04,8.469
2022-04-27,1310.74,1156.32,208.14,8.393
2022-04-28,1348.28,1156.89,208.24,8.502
2022-04-29,1349.93,1157.48,208.35,8.625
2022-04-30,1372.61,1158.09,208.46,8.353
2022-05-01,1353.52,1158.71,208.57,8.124
2022-05-02,1378.44,1159.34,208.68,8.072
2022-05-03,1361.18,1159.99,208.8,8.132
2022-05-04,1377.55,1160.65,208.92,8.101
2022-05-05,1336.87,1161.33,209.04,8.246
2022-05-06,1242.58,1162.01,209.16,7.985
2022-05-07,1308.3,1162.71,209.29,7.943
2022-05-08,1307.52,1163.41,209.41,7.89
2022-05-09,1305.24,1164.13,209.54,7.757
2022-05-10,1278.79,1164.85,209.67,7.519
2022-05-11,1317.64,1165.58,209.8,7.576
2022-05-12,1268.48,1166.32,209.94,7.731
2022-05-13,1281.02,1167.06,210.07,7.684
2022-05-14,1277.73,1167.81,210.21,7.527
2022-05-15,1295.37,1168.56,210.34,7.505
2022-05-16,1243.81,1169.31,210.48,7.429
2022-05-17,1230.24,1170.07,210.61,7.408
2022-05-18,1276.35,1170.83,210.75,7.762
2022-05-19,1339.27,1171.59,210.89,8.004
2022-05-20,1311.49,1172.35,211.02,7.891
2022-05-21,1310.71,1173.11,211.16,8.096
2022-05-22,1369.35,1173.87,211.3,7.719
2022-05-23,1309.48,1174.63,211.43,7.596
2022-05-24,1276.7,1175.38,211.57,7.638
2022-05-25,1305.43,1176.13,211.7,7.734
2022-05-26,1293.87,1176.87,211.84,7.821
2022-05-27,1313.16,1177.61,211.97,8.025
2022-05-28,1320.28,1178.34,212.1,7.608
2022-05-29,1323.93,1179.06,212.23,7.714
2022-05-30,1314.04,1179.77,212.36,7.57
2022-05-31,1387.38,1180.48,212.49,7.364
2022-06-01,1366.09,1181.17,212.61,7.712
2022-06-02,1360.97,1181.86,212.73,7.839
2022-06-03,1388.0,1182.53,212.86,7.592
2022-06-04,1385.87,1183.19,212.97,7.628
2022-06-05,1314.39,1183.84,213.09,7.074
2022-06-06,1324.74,1184.47,213.21,7.064
2022-06-07,1312.46,1185.09,213.32,7.349
2022-06-08,1322.63,1185.7,213.43,7.234
2022-06-09,1321.46,1186.29,213.53,7.224
2022-06-10,1304.25,1186.86,213.64,7.392
2022-06-11,1290.57,1187.42,213.74,7.237
2022-06-12,1323.06,1187.96,213.83,7.144
2022-06-13,1272.35,1188.48,213.93,7.224
2022-06-14,1284.75,1188.98,214.02,7.004
2022-06-15,1278.62,1189.46,214.1,7.101
2022-06-16,1249.89,1189.93,214.19,7.295
2022-06-17,1240.0,1190.37,214.27,7.4
2022-06-18,1315.41,1190.79,214.34,7.617
2022-06-19,1308.94,1191.19,214.41,7.29
2022-06-20,1285.58,1191.57,214.48,7.416
2022-06-21,1302.64,1191.93,214.55,7.217
2022-06-22,1323.61,1192.26,214.61,7.597
2022-06-23,1347.83,1192.58,214.66,7.308
2022-06-24,1335.77,1192.87,214.72,7.611
2022-06-25,1271.2,1193.13,214.76,7.306
2022-06-26,1348.35,1193.38,214.81,7.528
2022-06-27,1328.6,1193.6,214.85,7.291
2022-06-28,1358.0,1193.79,214.88,7.106
2022-06-29,1355.1,1193.96,214.91,7.231
2022-06-30,1358.47,1194.11,214.94,7.454
2022-07-01,1367.36,1194.24,214.96,7.493
2022-07-02,1375.34,1194.33,214.98,7.292
2022-07-03,1410.7,1194.41,214.99,7.207
2022-07-04,1384.81,1194.46,215.0,7.227
2022-07-05,1411.91,1194.49,215.01,7.159
2022-07-06,1410.05,1194.49,215.01,7.054
2022-07-07,1403.87,1194.47,215.0,7.178
2022-07-08,1278.22,1194.42,215.0,7.061
2022-07-09,1338.98,1194.35,214.98,7.113
2022-07-10,1299.93,1194.25,214.97,7.062
2022-07-11,1320.22,1194.14,214.94,6.896
2022-07-12,1276.66,1193.99,214.92,6.844
2022-07-13,1264.94,1193.83,214.89,6.966
2022-07-14,1327.12,1193.64,214.86,6.862
2022-07-15,1255.2,1193.43,214.82,6.931
2022-07-16,1294.35,1193.2,214.78,6.785
2022-07-17,1265.21,1192.95,214.73,6.635
2022-07-18,1317.68,1192.67,214.68,7.01
2022-07-19,1321.32,1192.37,214.63,6.999
2022-07-20,1290.33,1192.05,214.57,7.126
2022-07-21,1316.68,1191.72,214.51,7.176
2022-07-22,1292.66,1191.36,214.44,7.148
2022-07-23,1308.74,1190.98,214.38,7.12
2022-07-24,1340.16,1190.59,214.31,6.95
2022-07-25,1329.06,1190.17,214.23,6.939
2022-07-26,1295.64,1189.74,214.15,6.811
2022-07-27,1352.66,1189.29,214.07,7.009
2022-07-28,1340.08,1188.83,213.99,7.112
2022-07-29,1334.98,1188.35,213.9,6.96
2022-07-30,1370.04,1187.86,213.81,6.982
2022-07-31,1356.39,1187.35,213.72,6.804
2022-08-01,1340.32,1186.82,213.63,6.75
2022-08-02,1411.69,1186.29,213.53,6.687
2022-08-03,1374.66,1185.74,213.43,7.042
2022-08-04,1376.0,1185.18,213.33,7.086
2022-08-05,1300.22,1184.61,213.23,6.782
2022-08-06,1334.96,1184.03,213.13,6.89
2022-08-07,1295.82,1183.44,213.02,6.534
2022-08-08,1270.3,1182.84,212.91,6.856
2022-08-09,1284.93,1182.24,212.8,6.475
2022-08-10,1323.44,1181.63,212.69,6.601
2022-08-11,1305.97,1181.01,212.58,6.592
2022-08-12,1274.76,1180.39,212.47,6.694
2022-08-13,1302.86,1179.76,212.36,6.686
2022-08-14,1281.26,1179.13,212.24,6.477
2022-08-15,1251.27,1178.5,212.13,6.641
2022-08-16,1246.3,1177.86,212.02,6.467
2022-08-17,1250.77,1177.23,211.9,6.54
2022-08-18,1289.81,1176.59,211.79,6.718
2022-08-19,1304.0,1175.96,211.67,6.888
2022-08-20,1307.86,1175.32,211.56,6.76
2022-08-21,1262.58,1174.69,211.44,6.608
2022-08-22,1295.65,1174.07,211.33,6.526
2022-08-23,1294.73,1173.44,211.22,6.951
2022-08-24,1326.96,1172.83,211.11,6.67
2022-08-25,1267.93,1172.22,211.0,6.597
2022-08-26,1305.3,1171.61,210.89,6.7
2022-08-27,1309.05,1171.01,210.78,6.717
2022-08-28,1347.22,1170.42,210.68,6.695
2022-08-29,1331.78,1169.84,210.57,6.635
2022-08-30,1378.77,1169.27,210.47,6.662
2022-08-31,1359.94,1168.71,210.37,6.576
2022-09-01,1341.76,1168.17,210.27,6.766
2022-09-02,1360.52,1167.63,210.17,6.633
2022-09-03,1350.76,1167.11,210.08,6.604
2022-09-04,1379.43,1166.6,209.99,6.476
2022-09-05,1261.77,1166.1,209.9,6.134
2022-09-06,1272.03,1165.62,209.81,6.418
2022-09-07,1297.79,1165.16,209.73,6.446
2022-09-08,1310.98,1164.71,209.65,6.554
2022-09-09,1230.59,1164.28,209.57,6.456
2022-09-10,1303.25,1163.87,209.5,6.486
2022-09-11,1263.11,1163.47,209.42,6.09
2022-09-12,1217.41,1163.09,209.36,6.347
2022-09-13,1185.25,1162.74,209.29,6.28
2022-09-14,1210.16,1162.4,209.23,6.408
2022-09-15,1236.28,1162.08,209.17,6.453
2022-09-16,1228.84,1161.79,209.12,6.305
2022-09-17,1238.73,1161.51,209.07,6.187
2022-09-18,1278.38,1161.25,209.03,6.441
2022-09-19,1263.1,1161.02,208.98,6.538
2022-09-20,1276.84,1160.81,208.95,6.569
2022-09-21,1286.63,1160.62,208.91,6.398
2022-09-22,1292.43,1160.46,208.88,6.521
2022-09-23,1272.89,1160.32,208.86,6.569
2022-09-24,1314.28,1160.2,208.84,6.557
2022-09-25,1286.1,1160.11,208.82,6.348
2022-09-26,1286.84,1160.04,208.81,6.286
2022-09-27,1300.87,1159.99,208.8,6.376
2022-09-28,1343.61,1159.97,208.79,6.562
2022-09-29,1324.23,1159.97,208.79,6.487
2022-09-30,1318.77,1159.99,208.8,6.634
2022-10-01,1360.76,1160.04,208.81,6.721
2022-10-02,1393.01,1160.12,208.82,6.35
2022-10-03,1354.9,1160.22,208.84,6.428
2022-10-04,1380.59,1160.34,208.86,6.595
2022-10-05,1378.01,1160.49,208.89,6.501
2022-10-06,1342.22,1160.66,208.92,6.561
2022-10-07,1354.99,1160.86,208.95,6.79
2022-10-08,1253.64,1161.08,208.99,6.31
2022-10-09,1273.52,1161.32,209.04,6.394
2022-10-10,1259.31,1161.59,209.09,6.261
2022-10-11,1258.39,1161.88,209.14,6.189
2022-10-12,1244.28,1162.19,209.19,6.368
2022-10-13,1247.66,1162.53,209.25,6.429
2022-10-14,1258.83,1162.88,209.32,6.535
2022-10-15,1237.91,1163.26,209.39,6.295
2022-10-16,1193.5,1163.66,209.46,6.282
2022-10-17,1212.92,1164.09,209.54,6.218
2022-10-18,1261.8,1164.53,209.62,6.583
2022-10-19,1297.76,1164.99,209.7,6.457
2022-10-20,1302.02,1165.47,209.79,6.784
2022-10-21,1296.65,1165.98,209.88,6.741
2022-10-22,1275.24,1166.5,209.97,6.477
2022-10-23,1301.02,1167.04,210.07,6.697
2022-10-24,1289.63,1167.59,210.17,6.77
2022-10-25,1280.5,1168.16,210.27,6.646
2022-10-26,1328.42,1168.75,210.38,6.78
2022-10-27,1337.37,1169.36,210.48,6.702
2022-10-28,1347.96,1169.98,210.6,6.517
2022-10-29,1321.56,1170.61,210.71,6.447
2022-10-30,1368.57,1171.26,210.83,6.617
2022-10-31,1338.98,1171.92,210.95,6.467
2022-11-01,1370.68,1172.6,211.07,6.454
2022-11-02,1350.53,1173.28,211.19,6.64
2022-11-03,1361.1,1173.98,211.32,6.806
2022-11-04,1315.67,1174.68,211.44,6.583
2022-11-05,1293.75,1175.4,211.57,6.406
2022-11-06,1302.38,1176.12,211.7,6.561
2022-11-07,1289.88,1176.85,211.83,6.204
2022-11-08,1334.71,1177.59,211.97,6.464
2022-11-09,1266.46,1178.33,212.1,6.387
2022-11-10,1274.59,1179.08,212.23,6.596
2022-11-11,1261.29,1179.83,212.37,6.689
2022-11-12,1262.51,1180.58,212.51,6.6
2022-11-13,1291.14,1181.34,212.64,6.541
2022-11-14,1294.63,1182.1,212.78,6.248
2022-11-15,1240.79,1182.86,212.92,6.547
2022-11-16,1235.1,1183.62,213.05,6.398
2022-11-17,1221.31,1184.38,213.19,6.618
2022-11-18,1342.44,1185.14,213.33,6.896
2022-11-19,1336.63,1185.9,213.46,6.878
2022-11-20,1309.35,1186.65,213.6,6.782
2022-11-21,1282.16,1187.4,213.73,6.595
2022-11-22,1286.79,1188.14,213.87,6.563
2022-11-23,1323.33,1188.88,214.0,6.917
2022-11-24,1336.94,1189.61,214.13,6.922
2022-11-25,1285.73,1190.33,214.26,7.067
2022-11-26,1331.25,1191.04,214.39,6.879
2022-11-27,1381.59,1191.75,214.51,6.639
2022-11-28,1349.1,1192.44,214.64,6.879
2022-11-29,1394.49,1193.13,214.76,6.748
2022-11-30,1383.45,1193.8,214.88,6.922
2022-12-01,1352.11,1194.46,215.0,6.892
2022-12-02,1375.38,1195.11,215.12,7.197
2022-12-03,1383.7,1195.74,215.23,6.851
2022-12-04,1368.95,1196.37,215.35,6.839
2022-12-05,1370.51,1196.97,215.45,6.849
2022-12-06,1355.44,1197.56,215.56,6.485
2022-12-07,1299.73,1198.13,215.66,6.745
2022-12-08,1342.48,1198.69,215.76,6.988
2022-12-09,1305.38,1199.23,215.86,6.766
2022-12-10,1309.52,1199.75,215.95,6.829
2022-12-11,1316.67,1200.25,216.05,6.376
2022-12-12,1284.75,1200.73,216.13,6.659
2022-12-13,1303.69,1201.2,216.22,6.657
2022-12-14,1239.43,1201.64,216.3,6.686
2022-12-15,1287.68,1202.06,216.37,7.003
2022-12-16,1217.82,1202.46,216.44,6.865
2022-12-17,1262.1,1202.84,216.51,6.841
2022-12-18,1351.93,1203.2,216.58,6.991
2022-12-19,1344.12,1203.53,216.64,6.764
2022-12-20,1300.55,1203.85,216.69,6.89
2022-12-21,1303.52,1204.14,216.74,7.231
2022-12-22,1315.71,1204.4,216.79,6.952
2022-12-23,1337.96,1204.65,216.84,7.145
2022-12-24,1293.46,1204.87,216.88,7.146
2022-12-25,1343.27,1205.06,216.91,7.329
2022-12-26,1356.71,1205.23,216.94,7.17
2022-12-27,1350.56,1205.38,216.97,7.042
2022-12-28,1375.62,1205.51,216.99,7.355
2022-12-29,1376.29,1205.6,217.01,7.2
2022-12-30,1366.49,1205.68,217.02,7.441
2022-12-31,1342.28,1205.73,217.03,7.115
2023-01-01,1393.44,1205.76,217.04,7.332
2023-01-02,1374.09,1205.76,217.04,7.113
2023-01-03,1385.62,1205.74,217.03,7.069
2023-01-04,1410.75,1205.69,217.02,7.257
2023-01-05,1431.77,1205.62,217.01,7.407
2023-01-06,1398.62,1205.52,216.99,7.345
2023-01-07,1409.04,1205.41,216.97,7.429
2023-01-08,1291.11,1205.26,216.95,6.968
2023-01-09,1323.12,1205.1,216.92,7.07
2023-01-10,1310.25,1204.91,216.88,7.08
2023-01-11,1331.73,1204.7,216.85,7.11
2023-01-12,1285.47,1204.47,216.8,7.154
2023-01-13,1284.57,1204.22,216.76,7.256
2023-01-14,1305.87,1203.94,216.71,7.262
2023-01-15,1273.7,1203.64,216.66,7.368
2023-01-16,1245.23,1203.32,216.6,7.191
2023-01-17,1320.64,1202.99,216.54,7.226
2023-01-18,1306.85,1202.63,216.47,7.82
2023-01-19,1326.57,1202.25,216.41,7.601
2023-01-20,1334.48,1201.86,216.33,7.628
2023-01-21,1333.08,1201.44,216.26,7.611
2023-01-22,1324.79,1201.01,216.18,7.33
2023-01-23,1328.02,1200.57,216.1,7.355
2023-01-24,1331.23,1200.1,216.02,7.378
2023-01-25,1317.15,1199.62,215.93,7.606
2023-01-26,1395.07,1199.13,215.84,7.596
2023-01-27,1349.45,1198.62,215.75,7.664
2023-01-28,1374.12,1198.09,215.66,7.735
2023-01-29,1360.18,1197.56,215.56,7.632
2023-01-30,1365.86,1197.01,215.46,7.465
2023-01-31,1369.05,1196.45,215.36,7.434
2023-02-01,1349.4,1195.88,215.26,7.739
2023-02-02,1383.21,1195.3,215.15,7.785
2023-02-03,1379.69,1194.71,215.05,7.529
2023-02-04,1414.86,1194.11,214.94,7.64
2023-02-05,1291.7,1193.51,214.83,7.37
2023-02-06,1302.81,1192.9,214.72,7.4
2023-02-07,1291.82,1192.28,214.61,7.445
2023-02-08,1338.14,1191.66,214.5,7.457
2023-02-09,1281.05,1191.03,214.39,7.581
2023-02-10,1305.49,1190.4,214.27,7.547
2023-02-11,1306.87,1189.77,214.16,7.414
2023-02-12,1274.47,1189.13,214.04,7.386
2023-02-13,1239.62,1188.5,213.93,7.374
2023-02-14,1232.48,1187.86,213.82,7.396
2023-02-15,1274.64,1187.23,213.7,7.261
2023-02-16,1222.15,1186.59,213.59,7.526
2023-02-17,1253.81,1185.96,213.47,7.608
2023-02-18,1314.31,1185.34,213.36,7.772
2023-02-19,1318.13,1184.71,213.25,7.698
2023-02-20,1319.74,1184.1,213.14,7.74
2023-02-21,1289.84,1183.49,213.03,7.579
2023-02-22,1291.35,1182.88,212.92,7.599
2023-02-23,1332.26,1182.28,212.81,7.838
2023-02-24,1307.51,1181.69,212.7,7.998
2023-02-25,1266.55,1181.11,212.6,8.062
2023-02-26,1347.63,1180.54,212.5,7.874
2023-02-27,1317.19,1179.98,212.4,7.556
2023-02-28,1356.9,1179.44,212.3,7.73
2023-03-01,1383.6,1178.9,212.2,7.874
2023-03-02,1359.08,1178.38,212.11,7.949
2023-03-03,1385.53,1177.87,212.02,8.018
2023-03-04,1370.82,1177.37,211.93,7.795
2023-03-05,1404.92,1176.89,211.84,7.832
2023-03-06,1347.79,1176.43,211.76,7.826
2023-03-07,1370.68,1175.98,211.68,7.899
2023-03-08,1313.91,1175.55,211.6,7.537
2023-03-09,1291.73,1175.14,211.52,7.675
2023-03-10,1316.8,1174.74,211.45,7.416
2023-03-11,1276.36,1174.37,211.39,7.617
2023-03-12,1324.91,1174.01,211.32,7.546
2023-03-13,1318.95,1173.67,211.26,7.437
2023-03-14,1271.0,1173.35,211.2,7.602
2023-03-15,1269.45,1173.06,211.15,7.658
2023-03-16,1276.27,1172.78,211.1,7.475
2023-03-17,1217.26,1172.53,211.05,7.795
2023-03-18,1278.68,1172.29,211.01,7.857
2023-03-19,1330.42,1172.08,210.97,7.943
2023-03-20,1305.32,1171.89,210.94,7.68
2023-03-21,1292.22,1171.73,210.91,7.859
2023-03-22,1296.86,1171.59,210.89,7.902
2023-03-23,1245.05,1171.47,210.86,8.053
2023-03-24,1295.74,1171.38,210.85,8.053
2023-03-25,1287.12,1171.31,210.84,7.955
2023-03-26,1328.84,1171.26,210.83,7.716
2023-03-27,1336.47,1171.24,210.82,7.671
2023-03-28,1333.94,1171.24,210.82,7.799
2023-03-29,1337.07,1171.26,210.83,7.947
2023-03-30,1302.7,1171.31,210.84,7.954
2023-03-31,1355.75,1171.39,210.85,8.122
2023-04-01,1363.25,1171.49,210.87,7.96
2023-04-02,1382.71,1171.61,210.89,7.791
2023-04-03,1406.85,1171.76,210.92,7.819
2023-04-04,1326.75,1171.93,210.95,7.899
2023-04-05,1357.84,1172.13,210.98,7.988
2023-04-06,1351.02,1172.35,211.02,8.252
2023-04-07,1370.64,1172.59,211.07,7.965
2023-04-08,1295.2,1172.86,211.11,7.732
2023-04-09,1286.48,1173.15,211.17,7.703
2023-04-10,1309.77,1173.46,211.22,7.594
2023-04-11,1257.48,1173.8,211.28,7.554
2023-04-12,1252.61,1174.15,211.35,7.505
2023-04-13,1246.33,1174.53,211.42,7.706
2023-04-14,1254.12,1174.93,211.49,7.655
2023-04-15,1228.34,1175.36,211.56,7.52
2023-04-16,1248.07,1175.8,211.64,7.543
2023-04-17,1240.0,1176.26,211.73,7.455
2023-04-18,1291.82,1176.74,211.81,7.917
2023-04-19,1325.03,1177.25,211.9,7.994
2023-04-20,1302.53,1177.77,212.0,7.888
2023-04-21,1326.71,1178.31,212.09,7.981
2023-04-22,1300.05,1178.86,212.2,7.732
2023-04-23,1306.3,1179.43,212.3,7.804
2023-04-24,1298.34,1180.02,212.4,7.853
2023-04-25,1315.73,1180.63,212.51,7.919
2023-04-26,1337.78,1181.25,212.62,7.808
2023-04-27,1320.11,1181.88,212.74,8.093
2023-04-28,1348.18,1182.53,212.86,7.8
2023-04-29,1326.76,1183.19,212.97,7.773
2023-04-30,1369.16,1183.87,213.1,7.915
2023-05-01,1347.16,1184.55,213.22,7.971
2023-05-02,1385.48,1185.25,213.34,7.843
2023-05-03,1374.0,1185.95,213.47,7.851
2023-05-04,1410.91,1186.67,213.6,7.665
2023-05-05,1355.54,1187.39,213.73,7.699
2023-05-06,1280.52,1188.12,213.86,7.646
2023-05-07,1300.03,1188.86,213.99,7.494
2023-05-08,1282.24,1189.6,214.13,7.344
2023-05-09,1279.99,1190.35,214.26,7.497
2023-05-10,1320.52,1191.1,214.4,7.574
2023-05-11,1302.1,1191.85,214.53,7.744
2023-05-12,1286.12,1192.61,214.67,7.659
2023-05-13,1282.04,1193.37,214.81,7.728
2023-05-14,1270.99,1194.13,214.94,7.487
2023-05-15,1314.02,1194.89,215.08,7.41
2023-05-16,1255.41,1195.65,215.22,7.563
2023-05-17,1236.99,1196.41,215.35,7.388
2023-05-18,1348.93,1197.17,215.49,8.163
2023-05-19,1323.11,1197.92,215.63,7.881
2023-05-20,1370.42,1198.67,215.76,7.819
2023-05-21,1313.1,1199.41,215.89,7.74
2023-05-22,1343.88,1200.15,216.03,7.84
2023-05-23,1351.15,1200.88,216.16,7.72
2023-05-24,1319.36,1201.6,216.29,7.501
2023-05-25,1319.27,1202.31,216.42,7.931
2023-05-26,1357.84,1203.02,216.54,7.731
2023-05-27,1361.01,1203.71,216.67,7.721
2023-05-28,1324.79,1204.4,216.79,7.459
2023-05-29,1338.83,1205.07,216.91,7.611
2023-05-30,1315.73,1205.73,217.03,7.479
2023-05-31,1392.25,1206.38,217.15,7.638
2023-06-01,1380.45,1207.02,217.26,7.66
2023-06-02,1388.89,1207.64,217.37,7.934
2023-06-03,1360.42,1208.24,217.48,7.877
2023-06-04,1377.39,1208.83,217.59,7.548
2023-06-05,1323.55,1209.4,217.69,7.235
2023-06-06,1320.31,1209.96,217.79,7.192
2023-06-07,1337.23,1210.5,217.89,7.438
2023-06-08,1345.56,1211.02,217.98,7.334
2023-06-09,1379.39,1211.52,218.07,7.332
2023-06-10,1324.57,1212.0,218.16,7.436
2023-06-11,1344.14,1212.47,218.24,7.157
2023-06-12,1295.22,1212.91,218.32,7.154
2023-06-13,1270.08,1213.33,218.4,6.979
2023-06-14,1292.51,1213.73,218.47,7.323
2023-06-15,1258.64,1214.11,218.54,7.541
2023-06-16,1288.13,1214.47,218.6,7.406
2023-06-17,1265.44,1214.8,218.66,7.434
2023-06-18,1305.44,1215.12,218.72,7.313
2023-06-19,1383.7,1215.41,218.77,7.383
2023-06-20,1332.16,1215.67,218.82,7.257
2023-06-21,1307.93,1215.92,218.87,7.417
2023-06-22,1365.24,1216.14,218.9,7.613
2023-06-23,1332.5,1216.33,218.94,7.551
2023-06-24,1377.0,1216.5,218.97,7.316
2023-06-25,1342.67,1216.65,219.0,7.244
2023-06-26,1353.8,1216.78,219.02,7.187
2023-06-27,1381.07,1216.88,219.04,7.439
2023-06-28,1394.93,1216.95,219.05,7.716
2023-06-29,1407.51,1217.0,219.06,7.723
2023-06-30,1397.41,1217.03,219.06,7.368
2023-07-01,1419.55,1217.03,219.07,7.732
2023-07-02,1432.36,1217.01,219.06,7.611
2023-07-03,1427.67,1216.96,219.05,7.287
2023-07-04,1426.49,1216.89,219.04,7.489
2023-07-05,1403.13,1216.79,219.02,7.773
2023-07-06,1452.26,1216.68,219.0,7.829
2023-07-07,1442.97,1216.53,218.98,7.674
2023-07-08,1364.77,1216.37,218.95,7.656
2023-07-09,1402.77,1216.18,218.91,7.301
2023-07-10,1343.16,1215.97,218.87,7.545
2023-07-11,1409.98,1215.74,218.83,7.803
2023-07-12,1372.14,1215.49,218.79,7.83
2023-07-13,1378.31,1215.21,218.74,7.936
2023-07-14,1361.49,1214.91,218.68,8.22
2023-07-15,1332.86,1214.6,218.63,8.282
2023-07-16,1366.6,1214.26,218.57,8.348
2023-07-17,1378.26,1213.9,218.5,8.363
2023-07-18,1458.32,1213.52,218.43,8.786
2023-07-19,1443.18,1213.13,218.36,8.958
2023-07-20,1405.09,1212.71,218.29,9.123
2023-07-21,1426.99,1212.28,218.21,9.27
2023-07-22,1515.45,1211.84,218.13,9.333
2023-07-23,1457.45,1211.37,218.05,9.29
2023-07-24,1525.74,1210.89,217.96,9.433
2023-07-25,1488.15,1210.4,217.87,9.703
2023-07-26,1520.3,1209.89,217.78,10.018
2023-07-27,1554.67,1209.36,217.69,10.415
2023-07-28,1540.12,1208.83,217.59,10.434
2023-07-29,1610.73,1208.28,217.49,10.682
2023-07-30,1594.83,1207.72,217.39,10.78
2023-07-31,1620.3,1207.15,217.29,10.742
2023-08-01,1620.45,1206.57,217.18,11.031
2023-08-02,1655.84,1205.98,217.08,11.173
2023-08-03,1689.62,1205.38,216.97,11.598
2023-08-04,1663.81,1204.78,216.86,11.686
2023-08-05,1644.62,1204.17,216.75,11.305
2023-08-06,1600.9,1203.55,216.64,11.513
2023-08-07,1636.81,1202.93,216.53,11.758
2023-08-08,1634.25,1202.3,216.41,11.666
2023-08-09,1601.36,1201.67,216.3,11.915
2023-08-10,1628.98,1201.04,216.19,12.086
2023-08-11,1622.03,1200.4,216.07,11.981
2023-08-12,1599.12,1199.77,215.96,12.162
2023-08-13,1620.46,1199.13,215.84,11.88
2023-08-14,1609.46,1198.5,215.73,11.935
2023-08-15,1597.55,1197.86,215.62,12.158
2023-08-16,1590.08,1197.23,215.5,12.132
2023-08-17,1581.88,1196.61,215.39,12.097
2023-08-18,1638.13,1195.98,215.28,12.405
2023-08-19,1641.94,1195.37,215.17,12.223
2023-08-20,1617.8,1194.76,215.06,12.061
2023-08-21,1684.12,1194.15,214.95,11.986
2023-08-22,1589.02,1193.55,214.84,11.727
2023-08-23,1602.19,1192.96,214.73,11.771
2023-08-24,1599.57,1192.38,214.63,11.668
2023-08-25,1651.75,1191.81,214.53,11.385
2023-08-26,1574.37,1191.25,214.43,11.251
2023-08-27,1609.53,1190.71,214.33,11.294
2023-08-28,1602.37,1190.17,214.23,10.922
2023-08-29,1600.75,1189.65,214.14,10.554
2023-08-30,1616.66,1189.14,214.04,10.419
2023-08-31,1611.57,1188.64,213.96,10.478
2023-09-01,1569.37,1188.16,213.87,10.505
2023-09-02,1576.97,1187.7,213.79,10.048
2023-09-03,1523.9,1187.25,213.71,9.946
2023-09-04,1558.02,1186.82,213.63,9.585
2023-09-05,1457.99,1186.41,213.55,9.179
2023-09-06,1459.69,1186.01,213.48,8.854
2023-09-07,1413.83,1185.64,213.41,9.022
2023-09-08,1445.87,1185.28,213.35,8.711
2023-09-09,1384.82,1184.94,213.29,8.629
2023-09-10,1409.95,1184.62,213.23,8.175
2023-09-11,1363.89,1184.33,213.18,8.081
2023-09-12,1356.31,1184.05,213.13,7.97
2023-09-13,1384.8,1183.8,213.08,7.843
2023-09-14,1357.3,1183.56,213.04,7.852
2023-09-15,1355.51,1183.35,213.0,7.662
2023-09-16,1351.58,1183.17,212.97,7.442
2023-09-17,1288.73,1183.0,212.94,7.512
2023-09-18,1398.82,1182.86,212.91,7.536
2023-09-19,1325.5,1182.74,212.89,7.241
2023-09-20,1367.94,1182.65,212.88,7.389
2023-09-21,1336.38,1182.58,212.86,7.227
2023-09-22,1324.35,1182.53,212.86,7.117
2023-09-23,1357.71,1182.51,212.85,7.26
2023-09-24,1365.98,1182.51,212.85,6.781
2023-09-25,1367.73,1182.53,212.86,6.986
2023-09-26,1355.89,1182.58,212.87,6.812
2023-09-27,1358.48,1182.66,212.88,6.849
2023-09-28,1372.13,1182.76,212.9,6.96
2023-09-29,1372.39,1182.88,212.92,6.963
2023-09-30,1382.68,1183.03,212.95,6.708
2023-10-01,1379.9,1183.2,212.98,6.777
2023-10-02,1397.9,1183.4,213.01,6.626
2023-10-03,1346.57,1183.62,213.05,6.458
2023-10-04,1381.36,1183.86,213.09,6.648
2023-10-05,1354.42,1184.13,213.14,6.896
2023-10-06,1390.23,1184.42,213.2,6.936
2023-10-07,1418.2,1184.73,213.25,6.755
2023-10-08,1298.3,1185.07,213.31,6.179
2023-10-09,1307.01,1185.42,213.38,6.319
2023-10-10,1315.35,1185.8,213.44,6.374
2023-10-11,1246.93,1186.2,213.52,6.432
2023-10-12,1274.12,1186.63,213.59,6.513
2023-10-13,1286.59,1187.07,213.67,6.479
2023-10-14,1207.87,1187.53,213.76,6.371
2023-10-15,1243.5,1188.01,213.84,6.218
2023-10-16,1283.26,1188.52,213.93,6.009
2023-10-17,1276.06,1189.04,214.03,6.297
2023-10-18,1328.33,1189.58,214.12,6.608
2023-10-19,1336.91,1190.13,214.22,6.732
2023-10-20,1321.1,1190.71,214.33,6.526
2023-10-21,1328.95,1191.29,214.43,6.713
2023-10-22,1311.67,1191.9,214.54,6.798
2023-10-23,1324.49,1192.52,214.65,6.51
2023-10-24,1312.7,1193.15,214.77,6.516
2023-10-25,1360.24,1193.8,214.88,6.643
2023-10-26,1372.67,1194.46,215.0,6.932
2023-10-27,1376.99,1195.14,215.12,6.589
2023-10-28,1345.47,1195.82,215.25,6.687
2023-10-29,1341.35,1196.52,215.37,6.485
2023-10-30,1398.08,1197.22,215.5,6.466
2023-10-31,1389.08,1197.94,215.63,6.551
2023-11-01,1390.66,1198.66,215.76,6.802
2023-11-02,1374.77,1199.39,215.89,6.941
2023-11-03,1402.11,1200.13,216.02,6.804
2023-11-04,1371.53,1200.87,216.16,6.657
2023-11-05,1340.55,1201.62,216.29,6.671
2023-11-06,1356.64,1202.37,216.43,6.273
2023-11-07,1360.46,1203.12,216.56,6.282
2023-11-08,1337.09,1203.88,216.7,6.223
2023-11-09,1286.86,1204.64,216.84,6.689
2023-11-10,1316.4,1205.4,216.97,6.664
2023-11-11,1353.22,1206.16,217.11,6.791
2023-11-12,1280.71,1206.92,217.25,6.255
2023-11-13,1292.05,1207.68,217.38,6.551
2023-11-14,1318.17,1208.44,217.52,6.412
2023-11-15,1294.85,1209.19,217.65,6.586
2023-11-16,1330.8,1209.94,217.79,6.378
2023-11-17,1256.07,1210.68,217.92,6.78
2023-11-18,1317.59,1211.42,218.05,6.903
2023-11-19,1364.82,1212.15,218.19,6.726
2023-11-20,1311.56,1212.87,218.32,6.763
2023-11-21,1335.0,1213.58,218.45,6.622
2023-11-22,1340.79,1214.29,218.57,6.731
2023-11-23,1369.29,1214.98,218.7,6.833
2023-11-24,1365.48,1215.67,218.82,6.695
2023-11-25,1368.48,1216.34,218.94,6.976
2023-11-26,1356.78,1217.0,219.06,6.938
2023-11-27,1400.05,1217.65,219.18,6.667
2023-11-28,1469.74,1218.29,219.29,6.822
2023-11-29,1404.1,1218.91,219.4,6.837
2023-11-30,1398.36,1219.51,219.51,6.996
2023-12-01,1374.17,1220.1,219.62,6.911
2023-12-02,1394.27,1220.67,219.72,6.837
2023-12-03,1407.97,1221.23,219.82,6.993
2023-12-04,1403.94,1221.77,219.92,6.815
2023-12-05,1416.91,1222.29,220.01,7.096
2023-12-06,1386.43,1222.79,220.1,6.697
2023-12-07,1373.32,1223.27,220.19,6.67
2023-12-08,1339.54,1223.74,220.27,6.958
2023-12-09,1312.35,1224.18,220.35,6.844
2023-12-10,1363.17,1224.6,220.43,6.78
2023-12-11,1326.65,1225.0,220.5,6.792
2023-12-12,1283.16,1225.38,220.57,6.602
2023-12-13,1329.97,1225.74,220.63,6.754
2023-12-14,1330.05,1226.07,220.69,6.839
2023-12-15,1247.65,1226.39,220.75,6.735
2023-12-16,1277.04,1226.68,220.8,6.816
2023-12-17,1287.81,1226.94,220.85,6.933
2023-12-18,1372.57,1227.19,220.89,7.008
2023-12-19,1342.52,1227.41,220.93,6.849
2023-12-20,1334.42,1227.6,220.97,6.914
2023-12-21,1369.04,1227.77,221.0,7.39
2023-12-22,1344.52,1227.92,221.03,7.211
2023-12-23,1369.9,1228.05,221.05,7.102
2023-12-24,1337.94,1228.15,221.07,7.072
2023-12-25,1338.13,1228.22,221.08,6.885
2023-12-26,1390.83,1228.27,221.09,7.264
2023-12-27,1386.67,1228.3,221.09,7.137
2023-12-28,1408.59,1228.3,221.09,7.438
2023-12-29,1383.74,1228.28,221.09,7.312
2023-12-30,1384.8,1228.23,221.08,7.435
2023-12-31,1438.43,1228.16,221.07,7.219
2024-01-01,1380.31,1228.06,221.05,7.249
2024-01-02,1445.55,1227.95,221.03,7.264
2024-01-03,1449.96,1227.8,221.0,7.343
2024-01-04,1441.29,1227.64,220.98,7.4
2024-01-05,1407.2,1227.45,220.94,7.362
2024-01-06,1402.82,1227.24,220.9,7.577
2024-01-07,1413.17,1227.01,220.86,7.164
2024-01-08,1314.97,1226.76,220.82,6.981
2024-01-09,1316.82,1226.48,220.77,7.014
2024-01-10,1345.74,1226.18,220.71,7.15
2024-01-11,1338.74,1225.87,220.66,7.141
2024-01-12,1293.88,1225.53,220.59,7.261
2024-01-13,1324.28,1225.17,220.53,7.161
2024-01-14,1312.07,1224.79,220.46,6.916
2024-01-15,1328.47,1224.4,220.39,7.065
2024-01-16,1301.76,1223.98,220.32,6.963
2024-01-17,1307.54,1223.55,220.24,6.976
2024-01-18,1361.0,1223.11,220.16,7.541
2024-01-19,1369.68,1222.64,220.08,7.614
2024-01-20,1318.87,1222.16,219.99,7.576
2024-01-21,1345.06,1221.67,219.9,7.505
2024-01-22,1348.86,1221.16,219.81,7.162
2024-01-23,1347.65,1220.63,219.71,7.262
2024-01-24,1367.24,1220.1,219.62,7.751
2024-01-25,1376.85,1219.55,219.52,7.478
2024-01-26,1377.63,1218.99,219.42,7.707
2024-01-27,1371.64,1218.42,219.32,7.508
2024-01-28,1365.98,1217.84,219.21,7.524
2024-01-29,1412.75,1217.25,219.11,7.395
2024-01-30,1402.26,1216.65,219.0,7.569
2024-01-31,1377.34,1216.05,218.89,7.607
2024-02-01,1399.66,1215.44,218.78,7.625
2024-02-02,1368.52,1214.82,218.67,7.582
2024-02-03,1409.23,1214.2,218.56,7.697
2024-02-04,1404.21,1213.57,218.44,7.443
2024-02-05,1324.56,1212.94,218.33,7.345
2024-02-06,1369.22,1212.31,218.22,7.638
2024-02-07,1304.72,1211.67,218.1,7.573
2024-02-08,1340.28,1211.04,217.99,7.585
2024-02-09,1366.43,1210.4,217.87,7.518
2024-02-10,1334.83,1209.77,217.76,7.251
2024-02-11,1302.77,1209.13,217.64,7.247
2024-02-12,1270.66,1208.5,217.53,7.515
2024-02-13,1257.93,1207.88,217.42,7.294
2024-02-14,1271.54,1207.26,217.31,7.392
2024-02-15,1258.9,1206.64,217.19,7.543
2024-02-16,1252.58,1206.03,217.08,7.464
2024-02-17,1256.8,1205.42,216.98,7.398
2024-02-18,1328.64,1204.82,216.87,7.711
2024-02-19,1339.94,1204.23,216.76,7.564
2024-02-20,1301.9,1203.65,216.66,7.609
2024-02-21,1315.47,1203.08,216.56,7.691
2024-02-22,1329.71,1202.52,216.45,7.933
2024-02-23,1332.93,1201.98,216.36,7.869
2024-02-24,1382.7,1201.44,216.26,7.829
2024-02-25,1353.3,1200.92,216.17,7.843
2024-02-26,1319.15,1200.41,216.07,7.707
2024-02-27,1370.56,1199.91,215.98,7.717
2024-02-28,1380.03,1199.43,215.9,7.891
2024-02-29,1371.59,1198.97,215.81,8.0
2024-03-01,1353.32,1198.52,215.73,7.928
2024-03-02,1423.48,1198.09,215.66,7.907
2024-03-03,1364.92,1197.68,215.58,7.723
2024-03-04,1405.36,1197.28,215.51,7.665
2024-03-05,1396.19,1196.91,215.44,7.886
2024-03-06,1404.5,1196.55,215.38,7.93
2024-03-07,1356.86,1196.21,215.32,7.765
2024-03-08,1328.32,1195.89,215.26,7.768
2024-03-09,1299.06,1195.6,215.21,7.691
2024-03-10,1329.99,1195.32,215.16,7.687
2024-03-11,1285.24,1195.07,215.11,7.666
2024-03-12,1295.61,1194.83,215.07,7.687
2024-03-13,1256.17,1194.62,215.03,7.648
2024-03-14,1254.52,1194.44,215.0,7.908
2024-03-15,1271.34,1194.27,214.97,7.792
2024-03-16,1271.89,1194.13,214.94,7.79
2024-03-17,1220.81,1194.01,214.92,7.665
2024-03-18,1334.79,1193.92,214.9,7.86
2024-03-19,1302.71,1193.85,214.89,7.764
2024-03-20,1347.22,1193.8,214.88,8.017
2024-03-21,1311.15,1193.78,214.88,8.355
2024-03-22,1295.51,1193.78,214.88,7.99
2024-03-23,1324.69,1193.8,214.88,7.992
2024-03-24,1306.99,1193.86,214.89,7.845
2024-03-25,1360.35,1193.93,214.91,7.788
2024-03-26,1338.67,1194.03,214.93,8.052
2024-03-27,1342.22,1194.15,214.95,7.866
2024-03-28,1365.87,1194.3,214.97,7.969
2024-03-29,1338.12,1194.47,215.0,7.855
2024-03-30,1339.03,1194.67,215.04,7.902
2024-03-31,1383.01,1194.89,215.08,7.701
2024-04-01,1355.69,1195.13,215.12,7.928
2024-04-02,1360.5,1195.4,215.17,8.208
2024-04-03,1406.7,1195.69,215.22,7.906
2024-04-04,1402.07,1196.0,215.28,7.828
2024-04-05,1363.72,1196.34,215.34,8.154
2024-04-06,1377.0,1196.69,215.4,7.904
2024-04-07,1368.63,1197.07,215.47,8.06
2024-04-08,1354.17,1197.47,215.55,7.565
2024-04-09,1330.45,1197.9,215.62,7.541
2024-04-10,1295.74,1198.34,215.7,7.672
2024-04-11,1311.46,1198.8,215.78,7.86
2024-04-12,1262.34,1199.28,215.87,7.759
2024-04-13,1270.66,1199.79,215.96,7.671
2024-04-14,1281.25,1200.31,216.06,7.617
2024-04-15,1282.88,1200.85,216.15,7.432
2024-04-16,1265.55,1201.4,216.25,7.649
2024-04-17,1268.95,1201.98,216.36,7.462
2024-04-18,1332.24,1202.56,216.46,7.948
2024-04-19,1325.32,1203.17,216.57,8.108
2024-04-20,1322.27,1203.79,216.68,7.996
2024-04-21,1320.79,1204.42,216.8,7.94
2024-04-22,1338.12,1205.07,216.91,7.803
2024-04-23,1346.29,1205.73,217.03,7.966
2024-04-24,1347.07,1206.41,217.15,8.011
2024-04-25,1323.25,1207.09,217.28,8.027
2024-04-26,1334.45,1207.79,217.4,8.099
2024-04-27,1372.94,1208.49,217.53,8.019
2024-04-28,1404.47,1209.21,217.66,7.784
2024-04-29,1383.27,1209.93,217.79,7.616
2024-04-30,1378.26,1210.66,217.92,7.842
2024-05-01,1398.95,1211.4,218.05,7.929
2024-05-02,1374.75,1212.14,218.18,8.067
2024-05-03,1433.13,1212.89,218.32,7.837
2024-05-04,1411.67,1213.64,218.45,7.78
2024-05-05,1394.64,1214.39,218.59,7.851
2024-05-06,1336.01,1215.15,218.73,7.476
2024-05-07,1326.92,1215.91,218.86,7.271
2024-05-08,1364.83,1216.67,219.0,7.614
2024-05-09,1327.73,1217.43,219.14,7.417
2024-05-10,1330.75,1218.19,219.27,7.538
2024-05-11,1334.3,1218.95,219.41,7.752
2024-05-12,1299.17,1219.71,219.55,7.715
2024-05-13,1313.27,1220.46,219.68,7.288
2024-05-14,1308.65,1221.21,219.82,7.406
2024-05-15,1262.39,1221.95,219.95,7.521
2024-05-16,1296.75,1222.69,220.08,7.799
2024-05-17,1285.7,1223.42,220.21,7.537
2024-05-18,1356.22,1224.14,220.35,7.727
2024-05-19,1352.09,1224.85,220.47,7.874
2024-05-20,1356.38,1225.56,220.6,7.58
2024-05-21,1380.94,1226.25,220.73,7.722
2024-05-22,1327.89,1226.94,220.85,7.528
2024-05-23,1350.02,1227.61,220.97,7.753
2024-05-24,1377.19,1228.27,221.09,7.585
2024-05-25,1379.16,1228.92,221.21,7.594
2024-05-26,1385.6,1229.56,221.32,7.725
2024-05-27,1443.57,1230.18,221.43,7.554
2024-05-28,1404.29,1230.78,221.54,7.531
2024-05-29,1423.43,1231.37,221.65,7.548
2024-05-30,1399.25,1231.94,221.75,7.679
2024-05-31,1390.99,1232.5,221.85,7.751
2024-06-01,1411.87,1233.04,221.95,7.768
2024-06-02,1439.29,1233.56,222.04,7.238
2024-06-03,1436.11,1234.06,222.13,7.389
2024-06-04,1438.15,1234.54,222.22,7.517
2024-06-05,1355.17,1235.01,222.3,7.303
2024-06-06,1350.77,1235.45,222.38,7.431
2024-06-07,1352.7,1235.87,222.46,7.423
2024-06-08,1368.92,1236.27,222.53,7.289
2024-06-09,1366.65,1236.65,222.6,7.165
2024-06-10,1320.24,1237.01,222.66,7.133
2024-06-11,1352.71,1237.35,222.72,7.308
2024-06-12,1314.79,1237.66,222.78,7.15
2024-06-13,1332.5,1237.95,222.83,7.297
2024-06-14,1311.27,1238.21,222.88,7.334
2024-06-15,1343.76,1238.46,222.92,7.434
2024-06-16,1294.73,1238.68,222.96,7.112
2024-06-17,1303.5,1238.87,223.0,7.198
2024-06-18,1379.78,1239.05,223.03,7.488
2024-06-19,1345.44,1239.19,223.05,7.399
2024-06-20,1362.74,1239.32,223.08,7.448
2024-06-21,1359.62,1239.42,223.09,7.441
2024-06-22,1356.74,1239.49,223.11,7.384
2024-06-23,1362.25,1239.54,223.12,7.419
2024-06-24,1401.41,1239.57,223.12,7.278
2024-06-25,1369.74,1239.57,223.12,7.286
2024-06-26,1402.02,1239.55,223.12,7.189
2024-06-27,1403.53,1239.5,223.11,7.274
2024-06-28,1373.02,1239.43,223.1,7.654
2024-06-29,1422.12,1239.33,223.08,7.31
2024-06-30,1386.03,1239.22,223.06,7.139
2024-07-01,1436.6,1239.07,223.03,7.338
2024-07-02,1416.24,1238.91,223.0,7.207
2024-07-03,1430.96,1238.72,222.97,7.309
2024-07-04,1404.29,1238.51,222.93,7.289
2024-07-05,1435.97,1238.28,222.89,7.275
2024-07-06,1452.67,1238.03,222.84,7.226
2024-07-07,1412.05,1237.75,222.79,6.982
2024-07-08,1342.58,1237.45,222.74,6.821
2024-07-09,1360.84,1237.14,222.68,6.875
2024-07-10,1355.27,1236.8,222.62,7.128
2024-07-11,1284.25,1236.44,222.56,6.982
2024-07-12,1374.73,1236.06,222.49,6.699
2024-07-13,1334.41,1235.67,222.42,6.902
2024-07-14,1330.6,1235.25,222.35,7.143
2024-07-15,1305.01,1234.82,222.27,6.853
2024-07-16,1260.94,1234.38,222.19,6.659
2024-07-17,1311.14,1233.91,222.1,6.894
2024-07-18,1349.55,1233.43,222.02,7.05
2024-07-19,1370.97,1232.94,221.93,6.985
2024-07-20,1352.64,1232.43,221.84,7.04
2024-07-21,1362.62,1231.9,221.74,6.994
2024-07-22,1341.71,1231.37,221.65,6.693
2024-07-23,1380.54,1230.82,221.55,6.788
2024-07-24,1339.37,1230.26,221.45,6.994
2024-07-25,1419.95,1229.69,221.34,7.011
2024-07-26,1425.62,1229.11,221.24,7.115
2024-07-27,1418.68,1228.52,221.13,6.857
2024-07-28,1417.43,1227.92,221.03,6.991
2024-07-29,1394.05,1227.32,220.92,6.698
2024-07-30,1427.74,1226.71,220.81,7.046
2024-07-31,1405.47,1226.09,220.7,6.711
2024-08-01,1378.0,1225.47,220.58,6.853
2024-08-02,1448.69,1224.84,220.47,7.043
2024-08-03,1442.59,1224.21,220.36,7.128
2024-08-04,1417.77,1223.58,220.24,6.869
2024-08-05,1320.72,1222.94,220.13,6.585
2024-08-06,1332.51,1222.31,220.02,6.529
2024-08-07,1301.67,1221.67,219.9,6.472
2024-08-08,1357.58,1221.04,219.79,6.605
2024-08-09,1295.47,1220.4,219.67,6.528
2024-08-10,1330.14,1219.77,219.56,6.456
2024-08-11,1297.77,1219.15,219.45,6.561
2024-08-12,1277.14,1218.53,219.33,6.315
2024-08-13,1305.97,1217.91,219.22,6.498
2024-08-14,1285.89,1217.3,219.11,6.373
2024-08-15,1304.79,1216.69,219.0,6.634
2024-08-16,1252.46,1216.09,218.9,6.551
2024-08-17,1258.78,1215.5,218.79,6.715
2024-08-18,1289.29,1214.92,218.69,6.74
2024-08-19,1291.57,1214.35,218.58,6.787
2024-08-20,1378.47,1213.79,218.48,6.56
2024-08-21,1385.54,1213.25,218.38,6.727
2024-08-22,1343.97,1212.71,218.29,6.673
2024-08-23,1327.36,1212.19,218.19,6.753
2024-08-24,1343.62,1211.68,218.1,6.709
2024-08-25,1375.03,1211.18,218.01,6.56
2024-08-26,1350.8,1210.7,217.93,6.44
2024-08-27,1374.02,1210.24,217.84,6.428
2024-08-28,1375.27,1209.79,217.76,6.389
2024-08-29,1369.57,1209.36,217.68,6.614
2024-08-30,1376.51,1208.95,217.61,6.829
2024-08-31,1399.75,1208.55,217.54,6.501
2024-09-01,1375.98,1208.18,217.47,6.436
2024-09-02,1410.36,1207.82,217.41,6.755
2024-09-03,1391.63,1207.48,217.35,6.478
2024-09-04,1404.93,1207.16,217.29,6.665
2024-09-05,1361.24,1206.87,217.24,6.526
2024-09-06,1324.33,1206.59,217.19,6.543
2024-09-07,1344.19,1206.34,217.14,6.222
2024-09-08,1279.3,1206.1,217.1,6.285
2024-09-09,1302.2,1205.89,217.06,6.06
2024-09-10,1306.3,1205.71,217.03,6.562
2024-09-11,1340.74,1205.54,217.0,6.151
2024-09-12,1247.95,1205.4,216.97,6.291
2024-09-13,1281.8,1205.28,216.95,6.308
2024-09-14,1309.32,1205.19,216.93,6.195
2024-09-15,1254.14,1205.12,216.92,6.447
2024-09-16,1261.9,1205.07,216.91,6.518
2024-09-17,1270.29,1205.05,216.91,6.186
2024-09-18,1334.85,1205.05,216.91,6.41
2024-09-19,1364.52,1205.07,216.91,6.376
2024-09-20,1340.74,1205.13,216.92,6.632
2024-09-21,1362.36,1205.2,216.94,6.567
2024-09-22,1328.89,1205.3,216.95,6.438
2024-09-23,1325.43,1205.42,216.98,6.486
2024-09-24,1342.69,1205.57,217.0,6.525
2024-09-25,1328.88,1205.74,217.03,6.593
2024-09-26,1372.25,1205.94,217.07,6.593
2024-09-27,1360.56,1206.16,217.11,6.517
2024-09-28,1361.61,1206.4,217.15,6.675
2024-09-29,1394.3,1206.67,217.2,6.509
2024-09-30,1364.42,1206.96,217.25,6.559
2024-10-01,1411.84,1207.27,217.31,6.567
2024-10-02,1388.53,1207.61,217.37,6.379
2024-10-03,1427.39,1207.96,217.43,6.456
2024-10-04,1394.67,1208.34,217.5,6.558
2024-10-05,1417.17,1208.74,217.57,6.468
2024-10-06,1405.72,1209.17,217.65,6.599
2024-10-07,1415.28,1209.61,217.73,6.498
2024-10-08,1327.24,1210.07,217.81,6.358
2024-10-09,1283.1,1210.55,217.9,6.353
2024-10-10,1335.97,1211.06,217.99,6.411
2024-10-11,1305.41,1211.58,218.08,6.551
2024-10-12,1318.04,1212.12,218.18,6.411
2024-10-13,1309.27,1212.67,218.28,6.279
2024-10-14,1270.86,1213.25,218.38,6.396
2024-10-15,1262.21,1213.83,218.49,6.255
2024-10-16,1292.15,1214.44,218.6,6.285
2024-10-17,1267.61,1215.06,218.71,6.303
2024-10-18,1362.75,1215.69,218.83,6.76
2024-10-19,1337.54,1216.34,218.94,6.774
2024-10-20,1364.79,1217.0,219.06,6.536
2024-10-21,1353.89,1217.68,219.18,6.649
2024-10-22,1354.63,1218.36,219.31,6.279
2024-10-23,1345.08,1219.06,219.43,6.591
2024-10-24,1364.54,1219.76,219.56,6.675
2024-10-25,1392.66,1220.48,219.69,6.617
2024-10-26,1372.82,1221.2,219.82,6.941
2024-10-27,1393.61,1221.93,219.95,6.565
2024-10-28,1390.87,1222.67,220.08,6.475
2024-10-29,1400.21,1223.41,220.21,6.552
2024-10-30,1442.41,1224.16,220.35,6.392
2024-10-31,1437.1,1224.91,220.48,6.626
2024-11-01,1417.48,1225.66,220.62,6.86
2024-11-02,1424.24,1226.42,220.76,6.619
2024-11-03,1406.47,1227.18,220.89,6.514
2024-11-04,1419.02,1227.94,221.03,6.723
2024-11-05,1359.06,1228.7,221.17,6.503
2024-11-06,1368.96,1229.46,221.3,6.489
2024-11-07,1363.41,1230.22,221.44,6.458
2024-11-08,1318.07,1230.98,221.58,6.51
2024-11-09,1358.59,1231.73,221.71,6.395
2024-11-10,1329.12,1232.48,221.85,6.293
2024-11-11,1302.95,1233.22,221.98,6.241
2024-11-12,1347.6,1233.96,222.11,6.319
2024-11-13,1344.16,1234.69,222.24,6.355
2024-11-14,1312.07,1235.41,222.37,6.378
2024-11-15,1316.97,1236.12,222.5,6.62
2024-11-16,1314.41,1236.83,222.63,6.576
2024-11-17,1325.63,1237.52,222.75,6.674
2024-11-18,1379.7,1238.21,222.88,6.594
2024-11-19,1334.7,1238.88,223.0,6.738
2024-11-20,1409.83,1239.54,223.12,6.827
2024-11-21,1392.19,1240.19,223.23,6.846
2024-11-22,1362.0,1240.83,223.35,6.995
2024-11-23,1356.17,1241.45,223.46,6.954
2024-11-24,1396.5,1242.05,223.57,6.823
2024-11-25,1386.53,1242.64,223.68,6.708
2024-11-26,1407.58,1243.21,223.78,6.725
2024-11-27,1424.45,1243.77,223.88,6.692
2024-11-28,1403.21,1244.31,223.98,6.848
2024-11-29,1398.19,1244.83,224.07,6.899
2024-11-30,1437.52,1245.33,224.16,6.795
2024-12-01,1422.56,1245.81,224.25,6.906
2024-12-02,1441.54,1246.28,224.33,6.953
2024-12-03,1411.42,1246.72,224.41,6.731
2024-12-04,1436.59,1247.14,224.49,6.962
2024-12-05,1457.53,1247.54,224.56,6.893
2024-12-06,1383.3,1247.92,224.63,6.761
2024-12-07,1349.42,1248.28,224.69,6.671
2024-12-08,1336.62,1248.62,224.75,6.751
2024-12-09,1357.19,1248.93,224.81,6.554
2024-12-10,1362.93,1249.22,224.86,6.787
2024-12-11,1352.73,1249.48,224.91,6.726
2024-12-12,1325.57,1249.73,224.95,6.767
2024-12-13,1336.51,1249.95,224.99,6.725
2024-12-14,1356.54,1250.14,225.03,6.863
2024-12-15,1322.21,1250.32,225.06,6.865
2024-12-16,1276.91,1250.46,225.08,6.748
2024-12-17,1313.61,1250.59,225.11,7.015
2024-12-18,1421.72,1250.69,225.12,7.258
2024-12-19,1347.47,1250.76,225.14,7.139
2024-12-20,1376.94,1250.81,225.15,7.169
2024-12-21,1373.25,1250.84,225.15,7.221
2024-12-22,1383.65,1250.84,225.15,6.989
2024-12-23,1390.34,1250.82,225.15,7.187
2024-12-24,1416.71,1250.77,225.14,7.122
2024-12-25,1399.84,1250.7,225.13,7.2
2024-12-26,1432.94,1250.6,225.11,7.341
2024-12-27,1409.34,1250.49,225.09,7.497
2024-12-28,1411.23,1250.34,225.06,7.269
2024-12-29,1410.83,1250.18,225.03,7.16
2024-12-30,1391.51,1249.99,225.0,7.312
2024-12-31,1442.56,1249.78,224.96,7.279
2025-01-01,1485.52,1249.55,224.92,7.214
2025-01-02,1452.92,1249.3,224.87,7.344
2025-01-03,1459.01,1249.02,224.82,7.398
2025-01-04,1434.37,1248.72,224.77,7.376
2025-01-05,1436.13,1248.41,224.71,7.095
2025-01-06,1459.8,1248.07,224.65,7.031
2025-01-07,1477.65,1247.71,224.59,7.14
2025-01-08,1390.41,1247.33,224.52,6.971
2025-01-09,1368.71,1246.94,224.45,7.1
2025-01-10,1344.48,1246.52,224.37,7.285
2025-01-11,1340.71,1246.09,224.3,7.146
2025-01-12,1311.89,1245.65,224.22,7.115
2025-01-13,1289.26,1245.18,224.13,6.902
2025-01-14,1289.57,1244.7,224.05,7.025
2025-01-15,1309.55,1244.21,223.96,7.24
2025-01-16,1297.21,1243.7,223.87,7.331
2025-01-17,1267.74,1243.17,223.77,7.204
2025-01-18,1367.09,1242.64,223.67,7.517
2025-01-19,1360.2,1242.09,223.58,7.687
2025-01-20,1342.18,1241.53,223.48,7.378
2025-01-21,1362.04,1240.96,223.37,7.328
2025-01-22,1366.61,1240.38,223.27,7.479
2025-01-23,1364.73,1239.79,223.16,7.601
2025-01-24,1404.21,1239.19,223.06,7.602
2025-01-25,1348.13,1238.59,222.95,7.573
2025-01-26,1352.84,1237.98,222.84,7.328
2025-01-27,1403.19,1237.36,222.72,7.342
2025-01-28,1411.58,1236.74,222.61,7.47
2025-01-29,1424.15,1236.11,222.5,7.557
2025-01-30,1408.37,1235.48,222.39,7.598
2025-01-31,1403.95,1234.85,222.27,7.674
2025-02-01,1426.66,1234.21,222.16,7.659
2025-02-02,1418.39,1233.58,222.04,7.682
2025-02-03,1462.04,1232.94,221.93,7.52
2025-02-04,1419.1,1232.31,221.82,7.609
2025-02-05,1351.95,1231.68,221.7,7.334
2025-02-06,1403.12,1231.04,221.59,7.556
2025-02-07,1338.75,1230.42,221.48,7.561
2025-02-08,1348.69,1229.8,221.36,7.575
2025-02-09,1343.38,1229.18,221.25,7.48
2025-02-10,1337.55,1228.57,221.14,7.42
2025-02-11,1320.0,1227.96,221.03,7.366
2025-02-12,1310.26,1227.36,220.93,7.495
2025-02-13,1301.07,1226.77,220.82,7.68
2025-02-14,1279.82,1226.19,220.71,7.502
2025-02-15,1294.3,1225.62,220.61,7.459
2025-02-16,1327.64,1225.06,220.51,7.478
2025-02-17,1306.9,1224.52,220.41,7.461
2025-02-18,1355.67,1223.98,220.32,7.589
2025-02-19,1368.03,1223.46,220.22,7.766
2025-02-20,1331.78,1222.95,220.13,7.849
2025-02-21,1348.24,1222.45,220.04,7.622
2025-02-22,1379.12,1221.97,219.96,7.815
2025-02-23,1396.31,1221.51,219.87,7.743
2025-02-24,1352.74,1221.06,219.79,7.696
2025-02-25,1365.66,1220.63,219.71,7.911
2025-02-26,1431.1,1220.22,219.64,7.681
2025-02-27,1391.93,1219.82,219.57,7.812
2025-02-28,1436.22,1219.45,219.5,7.624
2025-03-01,1406.26,1219.09,219.44,7.832
2025-03-02,1411.79,1218.75,219.38,7.762
2025-03-03,1403.16,1218.43,219.32,7.7
2025-03-04,1432.8,1218.14,219.26,7.919
2025-03-05,1442.7,1217.86,219.21,7.973
2025-03-06,1389.36,1217.61,219.17,7.963
2025-03-07,1402.22,1217.37,219.13,7.934
2025-03-08,1356.6,1217.16,219.09,7.802
2025-03-09,1328.87,1216.98,219.06,7.595
2025-03-10,1315.1,1216.81,219.03,7.45
2025-03-11,1341.6,1216.67,219.0,7.366
2025-03-12,1336.59,1216.55,218.98,7.602
2025-03-13,1295.12,1216.46,218.96,7.827
2025-03-14,1302.47,1216.39,218.95,8.033
2025-03-15,1264.38,1216.34,218.94,7.717
2025-03-16,1265.12,1216.32,218.94,7.535
2025-03-17,1282.34,1216.32,218.94,7.434
2025-03-18,1346.25,1216.34,218.94,7.915
2025-03-19,1321.58,1216.4,218.95,7.718
2025-03-20,1325.84,1216.47,218.96,8.077
2025-03-21,1318.41,1216.57,218.98,8.131
2025-03-22,1353.6,1216.69,219.0,8.033
2025-03-23,1303.49,1216.84,219.03,7.87
2025-03-24,1329.01,1217.01,219.06,7.912
2025-03-25,1315.89,1217.21,219.1,7.886
2025-03-26,1372.59,1217.43,219.14,7.851
2025-03-27,1330.83,1217.67,219.18,8.246
2025-03-28,1378.64,1217.94,219.23,8.003
2025-03-29,1421.48,1218.23,219.28,8.085
2025-03-30,1429.42,1218.54,219.34,7.615
2025-03-31,1359.48,1218.88,219.4,8.005
2025-04-01,1411.55,1219.23,219.46,8.048
2025-04-02,1387.92,1219.61,219.53,7.954
2025-04-03,1386.87,1220.01,219.6,8.095
2025-04-04,1412.67,1220.44,219.68,8.114
2025-04-05,1442.78,1220.88,219.76,7.915
2025-04-06,1428.08,1221.34,219.84,7.971
2025-04-07,1396.87,1221.82,219.93,7.753
2025-04-08,1354.55,1222.33,220.02,7.545
2025-04-09,1284.98,1222.85,220.11,7.83
2025-04-10,1312.19,1223.39,220.21,7.889
2025-04-11,1304.41,1223.94,220.31,7.704
2025-04-12,1317.68,1224.52,220.41,7.645
2025-04-13,1304.88,1225.1,220.52,7.567
2025-04-14,1299.87,1225.71,220.63,7.676
2025-04-15,1293.34,1226.33,220.74,7.485
2025-04-16,1292.71,1226.96,220.85,7.723
2025-04-17,1300.19,1227.61,220.97,7.845
2025-04-18,1358.95,1228.27,221.09,8.011
2025-04-19,1348.17,1228.95,221.21,8.085
2025-04-20,1363.5,1229.63,221.33,7.837
2025-04-21,1374.57,1230.33,221.46,7.79
2025-04-22,1347.36,1231.03,221.59,7.714
2025-04-23,1362.82,1231.75,221.71,8.027
2025-04-24,1395.41,1232.47,221.84,7.887
2025-04-25,1352.28,1233.2,221.98,8.036
2025-04-26,1423.65,1233.94,222.11,7.926
2025-04-27,1362.33,1234.68,222.24,7.717
2025-04-28,1392.16,1235.43,222.38,7.711
2025-04-29,1386.64,1236.18,222.51,7.964
2025-04-30,1462.98,1236.93,222.65,7.895
2025-05-01,1410.32,1237.69,222.78,7.822
2025-05-02,1415.92,1238.45,222.92,7.993
2025-05-03,1423.11,1239.21,223.06,7.879
2025-05-04,1436.33,1239.97,223.2,8.218
2025-05-05,1428.51,1240.73,223.33,7.777
2025-05-06,1362.82,1241.49,223.47,7.46
2025-05-07,1286.66,1242.25,223.6,7.748
2025-05-08,1362.74,1243.0,223.74,7.428
2025-05-09,1357.84,1243.75,223.87,7.672
2025-05-10,1375.25,1244.49,224.01,7.839
2025-05-11,1375.39,1245.23,224.14,7.491
2025-05-12,1336.16,1245.96,224.27,7.236
2025-05-13,1351.75,1246.68,224.4,7.408
2025-05-14,1303.17,1247.39,224.53,7.7
2025-05-15,1338.32,1248.1,224.66,7.641
2025-05-16,1303.58,1248.79,224.78,7.506
2025-05-17,1285.8,1249.48,224.91,7.462
2025-05-18,1374.63,1250.15,225.03,7.632
2025-05-19,1407.69,1250.81,225.15,7.68
2025-05-20,1380.47,1251.46,225.26,7.808
2025-05-21,1410.5,1252.1,225.38,7.843
2025-05-22,1363.64,1252.72,225.49,7.84
2025-05-23,1407.07,1253.32,225.6,7.636
2025-05-24,1374.81,1253.91,225.7,7.573
2025-05-25,1400.3,1254.48,225.81,7.7
2025-05-26,1407.08,1255.04,225.91,7.411
2025-05-27,1424.37,1255.58,226.0,7.555
2025-05-28,1423.06,1256.1,226.1,7.687
2025-05-29,1408.93,1256.6,226.19,7.582
2025-05-30,1451.82,1257.08,226.28,7.605
2025-05-31,1477.14,1257.55,226.36,7.652
2025-06-01,1431.85,1257.99,226.44,7.627
2025-06-02,1408.82,1258.41,226.51,7.629
2025-06-03,1463.34,1258.81,226.59,7.584
2025-06-04,1446.79,1259.19,226.65,7.587
2025-06-05,1381.4,1259.55,226.72,7.306
2025-06-06,1395.22,1259.89,226.78,7.276
2025-06-07,1370.22,1260.2,226.84,7.278
2025-06-08,1370.32,1260.49,226.89,7.291
2025-06-09,1368.89,1260.75,226.94,7.217
2025-06-10,1397.39,1261.0,226.98,6.933
2025-06-11,1359.06,1261.22,227.02,7.157
2025-06-12,1324.23,1261.41,227.05,7.463
2025-06-13,1318.09,1261.59,227.09,7.336
2025-06-14,1340.74,1261.73,227.11,7.091
2025-06-15,1306.67,1261.86,227.13,7.445
2025-06-16,1291.83,1261.96,227.15,7.094
2025-06-17,1335.95,1262.03,227.17,7.151
2025-06-18,1404.04,1262.08,227.17,7.469
2025-06-19,1379.28,1262.11,227.18,7.444
2025-06-20,1393.69,1262.11,227.18,7.408
2025-06-21,1392.68,1262.09,227.18,7.684
2025-06-22,1404.51,1262.04,227.17,7.451
2025-06-23,1408.57,1261.97,227.15,7.364
2025-06-24,1343.05,1261.87,227.14,7.341
2025-06-25,1401.09,1261.76,227.12,7.218
2025-06-26,1424.42,1261.62,227.09,7.558
2025-06-27,1410.97,1261.45,227.06,7.311
2025-06-28,1427.82,1261.26,227.03,7.38
2025-06-29,1450.29,1261.05,226.99,7.051
2025-06-30,1441.74,1260.82,226.95,6.936
2025-07-01,1478.49,1260.57,226.9,7.227
2025-07-02,1474.38,1260.29,226.85,7.157
2025-07-03,1449.99,1259.99,226.8,7.082
2025-07-04,1449.84,1259.68,226.74,7.393
2025-07-05,1391.6,1259.34,226.68,7.516
2025-07-06,1445.73,1258.98,226.62,7.33
2025-07-07,1420.28,1258.6,226.55,7.066
2025-07-08,1380.7,1258.21,226.48,6.855
2025-07-09,1373.78,1257.79,226.4,7.027
2025-07-10,1379.33,1257.36,226.33,7.121
2025-07-11,1387.63,1256.92,226.24,6.953
2025-07-12,1348.76,1256.45,226.16,6.932
2025-07-13,1391.81,1255.97,226.07,6.865
2025-07-14,1339.23,1255.48,225.99,6.83
2025-07-15,1298.23,1254.97,225.89,6.755
2025-07-16,1308.37,1254.44,225.8,6.823
2025-07-17,1307.22,1253.91,225.7,7.07
2025-07-18,1394.34,1253.36,225.6,7.307
2025-07-19,1357.71,1252.8,225.5,7.153
2025-07-20,1370.68,1252.23,225.4,7.204
2025-07-21,1373.85,1251.65,225.3,6.886
2025-07-22,1369.15,1251.06,225.19,7.135
2025-07-23,1399.83,1250.46,225.08,7.072
2025-07-24,1400.26,1249.86,224.97,7.466
2025-07-25,1417.0,1249.25,224.86,6.939
2025-07-26,1389.98,1248.63,224.75,6.934
2025-07-27,1430.13,1248.01,224.64,6.969
2025-07-28,1380.26,1247.38,224.53,6.902
2025-07-29,1386.19,1246.75,224.42,7.096
2025-07-30,1396.07,1246.12,224.3,6.85
2025-07-31,1428.31,1245.48,224.19,7.106
2025-08-01,1458.92,1244.85,224.07,7.145
2025-08-02,1422.41,1244.21,223.96,7.026
2025-08-03,1427.02,1243.58,223.84,6.729
2025-08-04,1433.16,1242.95,223.73,6.949
2025-08-05,1379.44,1242.31,223.62,6.687
2025-08-06,1353.79,1241.69,223.5,6.679
2025-08-07,1348.63,1241.07,223.39,6.7
2025-08-08,1325.6,1240.45,223.28,6.712
2025-08-09,1336.4,1239.84,223.17,6.612
2025-08-10,1367.86,1239.23,223.06,6.602
2025-08-11,1336.39,1238.63,222.95,6.465
2025-08-12,1310.32,1238.04,222.85,6.37
2025-08-13,1346.07,1237.46,222.74,6.415
2025-08-14,1298.65,1236.89,222.64,6.519
2025-08-15,1336.08,1236.34,222.54,6.647
2025-08-16,1329.96,1235.79,222.44,6.554
2025-08-17,1295.7,1235.25,222.35,6.488
2025-08-18,1328.22,1234.73,222.25,6.709
2025-08-19,1409.71,1234.22,222.16,6.585
2025-08-20,1367.51,1233.72,222.07,6.906
2025-08-21,1353.02,1233.24,221.98,6.768
2025-08-22,1383.75,1232.78,221.9,6.76
2025-08-23,1382.03,1232.33,221.82,6.808
2025-08-24,1400.4,1231.9,221.74,6.436
2025-08-25,1362.86,1231.49,221.67,6.5
2025-08-26,1390.92,1231.09,221.6,6.724
2025-08-27,1364.63,1230.72,221.53,6.469
2025-08-28,1412.2,1230.36,221.46,6.883
2025-08-29,1403.57,1230.02,221.4,6.943
2025-08-30,1416.22,1229.7,221.35,6.657
2025-08-31,1411.94,1229.41,221.29,6.643
2025-09-01,1413.68,1229.13,221.24,6.682
2025-09-02,1402.88,1228.88,221.2,6.505
2025-09-03,1440.76,1228.64,221.16,6.738
2025-09-04,1456.09,1228.43,221.12,6.626
2025-09-05,1339.54,1228.25,221.08,6.413
2025-09-06,1361.04,1228.08,221.05,6.315
2025-09-07,1354.16,1227.94,221.03,6.36
2025-09-08,1339.5,1227.82,221.01,6.399
2025-09-09,1299.51,1227.73,220.99,6.252
2025-09-10,1297.61,1227.66,220.98,6.196
2025-09-11,1301.87,1227.61,220.97,6.292
2025-09-12,1264.77,1227.59,220.97,6.485
2025-09-13,1335.84,1227.59,220.97,6.601
2025-09-14,1306.56,1227.62,220.97,6.336
2025-09-15,1292.26,1227.67,220.98,6.185
2025-09-16,1240.25,1227.74,220.99,6.339
2025-09-17,1245.11,1227.84,221.01,6.293
2025-09-18,1353.39,1227.96,221.03,6.602
2025-09-19,1396.49,1228.11,221.06,6.549
2025-09-20,1338.98,1228.28,221.09,6.777
2025-09-21,1376.04,1228.48,221.13,6.214
2025-09-22,1350.52,1228.7,221.17,6.558
2025-09-23,1367.54,1228.94,221.21,6.424
2025-09-24,1399.27,1229.21,221.26,6.507
2025-09-25,1371.9,1229.5,221.31,6.836
2025-09-26,1371.74,1229.81,221.37,6.565
2025-09-27,1425.67,1230.15,221.43,6.514
2025-09-28,1402.87,1230.5,221.49,6.492
2025-09-29,1432.81,1230.88,221.56,6.503
2025-09-30,1399.91,1231.28,221.63,6.419
2025-10-01,1451.14,1231.71,221.71,6.361
2025-10-02,1430.22,1232.15,221.79,6.524
2025-10-03,1436.43,1232.61,221.87,6.801
2025-10-04,1430.99,1233.09,221.96,6.603
2025-10-05,1416.73,1233.6,222.05,6.562
2025-10-06,1426.13,1234.12,222.14,6.423
2025-10-07,1413.4,1234.66,222.24,6.396
2025-10-08,1370.03,1235.21,222.34,6.505
2025-10-09,1339.23,1235.79,222.44,6.361
2025-10-10,1304.82,1236.38,222.55,6.351
2025-10-11,1294.36,1236.98,222.66,6.484
2025-10-12,1286.72,1237.6,222.77,6.181
2025-10-13,1331.84,1238.23,222.88,6.144
2025-10-14,1286.89,1238.88,223.0,6.239
2025-10-15,1313.53,1239.54,223.12,6.318
2025-10-16,1305.6,1240.22,223.24,6.43
2025-10-17,1298.03,1240.9,223.36,6.673
2025-10-18,1377.31,1241.6,223.49,6.661
2025-10-19,1370.81,1242.3,223.61,6.252
2025-10-20,1308.88,1243.02,223.74,6.526
2025-10-21,1364.01,1243.74,223.87,6.515
2025-10-22,1384.52,1244.47,224.0,6.598
2025-10-23,1416.54,1245.21,224.14,6.704
2025-10-24,1423.91,1245.95,224.27,6.695
2025-10-25,1363.98,1246.7,224.41,6.643
2025-10-26,1393.99,1247.45,224.54,6.641
2025-10-27,1375.2,1248.2,224.68,6.453
2025-10-28,1450.99,1248.96,224.81,6.429
2025-10-29,1447.38,1249.72,224.95,6.989
2025-10-30,1439.69,1250.48,225.09,6.624
2025-10-31,1441.61,1251.24,225.22,6.747
2025-11-01,1473.16,1252.0,225.36,6.507
2025-11-02,1472.96,1252.76,225.5,6.62
2025-11-03,1473.87,1253.52,225.63,6.446
2025-11-04,1459.05,1254.27,225.77,6.531
2025-11-05,1370.44,1255.02,225.9,6.544
2025-11-06,1392.7,1255.76,226.04,6.56
2025-11-07,1390.2,1256.5,226.17,6.598
2025-11-08,1363.37,1257.23,226.3,6.27
2025-11-09,1354.28,1257.95,226.43,6.624
2025-11-10,1380.78,1258.66,226.56,6.214
2025-11-11,1385.98,1259.37,226.69,6.567
2025-11-12,1326.4,1260.06,226.81,6.592
2025-11-13,1330.9,1260.75,226.93,6.625
2025-11-14,1338.81,1261.42,227.06,6.48
2025-11-15,1337.04,1262.08,227.17,6.555
2025-11-16,1311.17,1262.73,227.29,6.402
2025-11-17,1361.7,1263.37,227.41,6.417
2025-11-18,1398.54,1263.99,227.52,6.661
2025-11-19,1401.4,1264.59,227.63,6.534
2025-11-20,1430.33,1265.18,227.73,7.0
2025-11-21,1385.09,1265.75,227.84,6.884
2025-11-22,1397.66,1266.31,227.94,6.791
2025-11-23,1377.78,1266.85,228.03,6.704
2025-11-24,1408.21,1267.37,228.13,6.77
2025-11-25,1386.52,1267.87,228.22,6.649
2025-11-26,1443.36,1268.35,228.3,6.573
2025-11-27,1443.82,1268.82,228.39,6.981
2025-11-28,1435.89,1269.26,228.47,7.023
2025-11-29,1446.62,1269.68,228.54,6.893
2025-11-30,1471.58,1270.08,228.61,6.703
2025-12-01,1434.78,1270.46,228.68,6.807
2025-12-02,1467.92,1270.82,228.75,6.651
2025-12-03,1481.07,1271.16,228.81,6.792
2025-12-04,1427.23,1271.47,228.86,6.914
2025-12-05,1480.76,1271.76,228.92,7.135
2025-12-06,1356.64,1272.02,228.96,6.697
2025-12-07,1387.3,1272.27,229.01,6.611
2025-12-08,1359.51,1272.49,229.05,6.856
2025-12-09,1410.83,1272.68,229.08,6.694
2025-12-10,1347.39,1272.86,229.11,6.782
2025-12-11,1329.59,1273.0,229.14,6.786
2025-12-12,1361.73,1273.13,229.16,6.79
2025-12-13,1342.76,1273.23,229.18,6.556
2025-12-14,1312.28,1273.3,229.19,6.86
2025-12-15,1351.21,1273.35,229.2,6.755
2025-12-16,1291.08,1273.38,229.21,6.71
2025-12-17,1308.53,1273.38,229.21,6.805
2025-12-18,1386.45,1273.36,229.2,7.25
2025-12-19,1415.96,1273.31,229.2,7.006
2025-12-20,1427.48,1273.24,229.18,7.079
2025-12-21,1425.35,1273.14,229.17,6.939
2025-12-22,1401.17,1273.03,229.14,7.245
2025-12-23,1355.78,1272.89,229.12,7.169
2025-12-24,1423.4,1272.72,229.09,6.89
2025-12-25,1453.52,1272.53,229.06,7.062
2025-12-26,1455.14,1272.32,229.02,7.259
2025-12-27,1445.17,1272.09,228.98,7.177
2025-12-28,1415.65,1271.84,228.93,7.0
2025-12-29,1436.66,1271.56,228.88,7.35
2025-12-30,1496.43,1271.26,228.83,7.185
2025-12-31,1427.4,1270.95,228.77,7.295
2026-01-01,1436.8,1270.61,228.71,7.245
2026-01-02,1484.92,1270.25,228.65,7.446
2026-01-03,1455.36,1269.87,228.58,7.272
2026-01-04,1438.0,1269.48,228.51,7.209
2026-01-05,1495.29,1269.06,228.43,7.274
2026-01-06,1468.08,1268.63,228.35,7.036
2026-01-07,1444.53,1268.19,228.27,7.514
2026-01-08,1351.66,1267.72,228.19,7.184
2026-01-09,1415.01,1267.24,228.1,7.347
2026-01-10,1361.97,1266.75,228.01,7.022
2026-01-11,1385.53,1266.24,227.92,6.966
2026-01-12,1366.78,1265.71,227.83,6.895
2026-01-13,1328.35,1265.18,227.73,7.095
2026-01-14,1321.85,1264.63,227.63,7.163
2026-01-15,1359.18,1264.07,227.53,7.189
2026-01-16,1354.9,1263.5,227.43,7.154
2026-01-17,1278.08,1262.92,227.33,7.082
2026-01-18,1399.55,1262.33,227.22,7.403
2026-01-19,1384.34,1261.73,227.11,7.31
2026-01-20,1365.29,1261.13,227.0,7.314
2026-01-21,1396.21,1260.52,226.89,7.672
2026-01-22,1364.46,1259.9,226.78,7.566
2026-01-23,1388.68,1259.28,226.67,7.759
2026-01-24,1387.03,1258.65,226.56,7.499
2026-01-25,1399.84,1258.02,226.44,7.517
2026-01-26,1415.82,1257.39,226.33,7.438
2026-01-27,1401.59,1256.75,226.22,7.271
2026-01-28,1464.79,1256.12,226.1,7.735
2026-01-29,1446.67,1255.48,225.99,7.636
2026-01-30,1480.08,1254.85,225.87,7.772
2026-01-31,1440.76,1254.22,225.76,7.549
2026-02-01,1434.62,1253.59,225.65,7.543
2026-02-02,1486.37,1252.96,225.53,7.415
2026-02-03,1434.5,1252.34,225.42,7.697
2026-02-04,1441.34,1251.72,225.31,7.674
2026-02-05,1387.73,1251.11,225.2,7.519
2026-02-06,1339.98,1250.5,225.09,7.667
2026-02-07,1377.05,1249.9,224.98,7.598
2026-02-08,1367.52,1249.31,224.88,7.474
2026-02-09,1375.25,1248.73,224.77,7.167
2026-02-10,1359.19,1248.16,224.67,7.283
2026-02-11,1360.44,1247.61,224.57,7.333
2026-02-12,1321.91,1247.06,224.47,7.628
2026-02-13,1298.4,1246.52,224.37,7.59
2026-02-14,1357.67,1246.0,224.28,7.357
2026-02-15,1272.6,1245.49,224.19,7.423
2026-02-16,1271.01,1244.99,224.1,7.221
2026-02-17,1312.42,1244.51,224.01,7.422
2026-02-18,1404.83,1244.05,223.93,7.566
2026-02-19,1373.84,1243.6,223.85,7.914
2026-02-20,1393.71,1243.17,223.77,7.923
2026-02-21,1331.23,1242.76,223.7,8.061
2026-02-22,1368.75,1242.36,223.63,7.854
2026-02-23,1344.1,1241.99,223.56,7.655
2026-02-24,1408.81,1241.63,223.49,7.831
2026-02-25,1364.36,1241.29,223.43,7.65
2026-02-26,1377.19,1240.97,223.38,7.787
2026-02-27,1423.35,1240.68,223.32,7.969
2026-02-28,1441.68,1240.4,223.27,7.623
2026-03-01,1420.35,1240.15,223.23,7.797
2026-03-02,1440.94,1239.91,223.18,7.631
2026-03-03,1443.59,1239.7,223.15,7.791
2026-03-04,1429.03,1239.52,223.11,7.734
2026-03-05,1410.27,1239.35,223.08,7.998
2026-03-06,1445.89,1239.21,223.06,7.974
2026-03-07,1444.63,1239.09,223.04,8.091
2026-03-08,1377.15,1239.0,223.02,7.592
2026-03-09,1359.5,1238.93,223.01,7.45
2026-03-10,1321.09,1238.88,223.0,7.537
2026-03-11,1355.41,1238.86,222.99,7.488
2026-03-12,1333.16,1238.86,222.99,7.78
2026-03-13,1315.37,1238.89,223.0,7.826
2026-03-14,1312.47,1238.94,223.01,8.001
2026-03-15,1297.17,1239.01,223.02,7.548
2026-03-16,1326.04,1239.11,223.04,7.54
2026-03-17,1270.41,1239.23,223.06,7.525
2026-03-18,1346.08,1239.38,223.09,7.951
2026-03-19,1358.39,1239.55,223.12,8.053
2026-03-20,1400.28,1239.75,223.15,8.023
2026-03-21,1388.64,1239.97,223.19,8.108
2026-03-22,1331.51,1240.21,223.24,7.819
2026-03-23,1400.91,1240.48,223.29,7.96
2026-03-24,1405.71,1240.77,223.34,7.927
2026-03-25,1356.11,1241.08,223.39,7.941
2026-03-26,1333.22,1241.42,223.45,7.985
2026-03-27,1394.42,1241.77,223.52,8.335
2026-03-28,1428.29,1242.15,223.59,7.892
2026-03-29,1446.15,1242.55,223.66,7.94
2026-03-30,1399.19,1242.98,223.74,7.761
2026-03-31,1463.46,1243.42,223.82,8.086
