date,budget_funds_in_banks_bln,eks_deposits_bln,participants
2014-01-01,1346.44,796.92,15
2014-01-02,1466.64,772.1,15
2014-01-03,1536.56,770.92,15
2014-01-04,1527.45,793.21,15
2014-01-05,1612.06,783.1,15
2014-01-06,1634.84,800.82,16
2014-01-07,1696.04,788.1,15
2014-01-08,1722.53,829.12,15
2014-01-09,1625.12,826.6,17
2014-01-10,1743.62,839.42,16
2014-01-11,1710.53,874.38,15
2014-01-12,1669.13,829.93,15
2014-01-13,1648.97,850.04,14
2014-01-14,1640.7,821.15,17
2014-01-15,1590.64,873.51,17
2014-01-16,1541.54,864.23,15
2014-01-17,1514.81,867.48,17
2014-01-18,1279.42,775.36,19
2014-01-19,1331.97,767.06,15
2014-01-20,1260.18,834.89,16
2014-01-21,1316.26,780.24,15
2014-01-22,1236.51,784.57,18
2014-01-23,1238.02,750.88,17
2014-01-24,1182.38,792.57,17
2014-01-25,1222.36,766.81,18
2014-01-26,1251.08,775.07,17
2014-01-27,1252.18,780.18,17
2014-01-28,1290.61,752.47,18
2014-01-29,1359.13,733.7,17
2014-01-30,1400.99,690.67,17
2014-01-31,1381.9,726.14,18
2014-02-01,1481.83,711.97,18
2014-02-02,1532.72,693.76,19
2014-02-03,1530.65,742.46,19
2014-02-04,1559.83,723.41,17
2014-02-05,1815.57,742.61,20
2014-02-06,1728.24,777.17,18
2014-02-07,1827.77,746.63,18
2014-02-08,1884.97,763.46,18
2014-02-09,1727.44,728.62,21
2014-02-10,1828.35,725.27,21
2014-02-11,1791.11,749.39,21
2014-02-12,1686.42,737.53,19
2014-02-13,1713.11,744.3,19
2014-02-14,1683.01,698.24,20
2014-02-15,1556.48,663.32,19
2014-02-16,1521.06,708.39,20
2014-02-17,1495.2,701.8,19
2014-02-18,1289.12,599.07,21
2014-02-19,1190.47,563.31,21
2014-02-20,1167.87,551.18,19
2014-02-21,1112.75,582.26,21
2014-02-22,1111.3,547.4,19
2014-02-23,1129.9,557.28,19
2014-02-24,1088.51,625.89,19
2014-02-25,1072.45,607.44,20
2014-02-26,1092.14,577.46,19
2014-02-27,1080.94,545.65,19
2014-02-28,1096.05,545.29,18
2014-03-01,1199.69,578.65,19
2014-03-02,1244.83,598.32,20
2014-03-03,1156.21,557.34,21
2014-03-04,1270.36,562.47,21
2014-03-05,1308.99,579.05,20
2014-03-06,1261.64,551.82,18
2014-03-07,1307.29,558.37,19
2014-03-08,1506.7,658.83,20
2014-03-09,1598.86,703.69,21
2014-03-10,1587.25,705.11,19
2014-03-11,1485.61,732.02,19
2014-03-12,1446.64,677.04,21
2014-03-13,1496.48,690.45,19
2014-03-14,1452.84,742.67,19
2014-03-15,1435.51,722.47,20
2014-03-16,1308.28,733.21,20
2014-03-17,1320.88,782.28,19
2014-03-18,1028.76,667.04,20
2014-03-19,1025.47,678.75,19
2014-03-20,953.97,691.85,19
2014-03-21,977.5,702.01,20
2014-03-22,888.07,729.81,18
2014-03-23,829.98,696.37,21
2014-03-24,822.59,726.73,19
2014-03-25,800.07,763.9,19
2014-03-26,758.47,792.22,21
2014-03-27,871.04,721.9,21
2014-03-28,873.6,764.9,20
2014-03-29,833.92,758.69,18
2014-03-30,894.48,765.31,19
2014-03-31,977.8,754.03,20
2014-04-01,989.85,791.24,20
2014-04-02,979.19,792.59,21
2014-04-03,1031.26,834.32,22
2014-04-04,1017.77,750.72,20
2014-04-05,1145.92,741.52,19
2014-04-06,1198.95,824.6,21
2014-04-07,1230.12,776.91,19
2014-04-08,1424.97,855.9,17
2014-04-09,1429.08,867.24,18
2014-04-10,1389.89,828.84,17
2014-04-11,1435.7,863.53,19
2014-04-12,1393.99,848.56,19
2014-04-13,1418.55,868.38,18
2014-04-14,1350.97,857.45,19
2014-04-15,1368.11,852.56,18
2014-04-16,1364.73,828.85,19
2014-04-17,1297.97,852.28,18
2014-04-18,1072.31,731.59,20
2014-04-19,1060.31,698.77,19
2014-04-20,1061.14,683.99,21
2014-04-21,971.15,677.55,19
2014-04-22,975.25,696.74,21
2014-04-23,999.57,645.31,19
2014-04-24,968.21,668.81,18
2014-04-25,881.79,637.89,21
2014-04-26,943.04,619.56,17
2014-04-27,1019.5,614.19,18
2014-04-28,1012.65,628.98,17
2014-04-29,1117.89,637.89,17
2014-04-30,1179.44,598.15,16
2014-05-01,1145.3,559.67,19
2014-05-02,1184.28,667.52,17
2014-05-03,1263.29,616.0,18
2014-05-04,1315.99,605.75,19
2014-05-05,1436.49,615.49,19
2014-05-06,1584.17,666.77,18
2014-05-07,1688.14,657.5,19
2014-05-08,1745.22,686.73,19
2014-05-09,1751.56,683.73,16
2014-05-10,1755.48,665.48,18
2014-05-11,1742.62,670.02,17
2014-05-12,1811.98,622.77,17
2014-05-13,1728.98,644.55,16
2014-05-14,1753.19,688.66,17
2014-05-15,1690.17,670.6,17
2014-05-16,1601.68,623.22,19
2014-05-17,1623.42,646.91,16
2014-05-18,1402.17,606.42,15
2014-05-19,1367.28,587.14,17
2014-05-20,1315.53,586.38,16
2014-05-21,1330.28,592.92,17
2014-05-22,1308.86,592.86,17
2014-05-23,1253.3,590.14,16
2014-05-24,1241.24,590.79,16
2014-05-25,1211.67,639.23,16
2014-05-26,1261.86,630.48,17
2014-05-27,1313.96,649.38,15
2014-05-28,1334.6,654.67,17
2014-05-29,1293.05,682.65,15
2014-05-30,1417.34,670.8,16
2014-05-31,1373.16,688.12,14
2014-06-01,1391.42,682.88,16
2014-06-02,1421.67,667.5,15
2014-06-03,1473.39,692.39,16
2014-06-04,1562.0,719.15,16
2014-06-05,1766.37,819.65,14
2014-06-06,1782.52,844.92,15
2014-06-07,1797.06,810.75,15
2014-06-08,1802.52,833.3,15
2014-06-09,1814.17,832.46,16
2014-06-10,1876.21,877.48,15
2014-06-11,1889.68,855.9,14
2014-06-12,1868.65,861.58,16
2014-06-13,1795.84,856.7,15
2014-06-14,1715.68,856.45,13
2014-06-15,1664.7,832.75,13
2014-06-16,1665.32,839.35,14
2014-06-17,1578.41,872.75,14
2014-06-18,1358.85,780.97,12
2014-06-19,1360.51,784.03,13
2014-06-20,1251.94,800.11,13
2014-06-21,1280.06,780.1,12
2014-06-22,1122.92,768.29,13
2014-06-23,1147.27,768.48,14
2014-06-24,1119.94,774.9,13
2014-06-25,1060.48,756.9,13
2014-06-26,1117.72,783.74,12
2014-06-27,1146.52,754.51,13
2014-06-28,1181.24,754.13,11
2014-06-29,1136.73,723.91,14
2014-06-30,1079.77,758.08,15
2014-07-01,1191.16,758.64,12
2014-07-02,1231.21,688.92,11
2014-07-03,1228.59,719.31,13
2014-07-04,1274.93,699.42,13
2014-07-05,1278.28,699.12,14
2014-07-06,1313.91,693.73,14
2014-07-07,1371.73,625.44,10
2014-07-08,1585.21,772.1,13
2014-07-09,1494.67,770.69,12
2014-07-10,1515.34,764.08,12
2014-07-11,1463.11,707.42,13
2014-07-12,1560.1,718.82,13
2014-07-13,1495.48,699.23,13
2014-07-14,1357.34,660.88,11
2014-07-15,1381.85,681.69,11
2014-07-16,1326.79,664.27,13
2014-07-17,1260.42,688.77,11
2014-07-18,1082.7,549.35,13
2014-07-19,1032.7,558.12,11
2014-07-20,960.55,563.31,11
2014-07-21,887.34,587.41,11
2014-07-22,852.65,628.01,10
2014-07-23,849.01,570.72,9
2014-07-24,812.74,539.24,12
2014-07-25,819.07,545.66,9
2014-07-26,838.88,574.5,13
2014-07-27,775.18,530.6,11
2014-07-28,820.78,585.31,10
2014-07-29,872.71,568.92,11
2014-07-30,962.19,562.63,8
2014-07-31,976.03,531.53,10
2014-08-01,989.24,592.77,10
2014-08-02,1048.46,560.37,9
2014-08-03,1076.09,585.76,10
2014-08-04,1161.04,584.8,12
2014-08-05,1368.89,649.86,11
2014-08-06,1433.95,686.6,11
2014-08-07,1371.01,672.5,10
2014-08-08,1412.2,692.66,9
2014-08-09,1463.98,724.78,10
2014-08-10,1477.24,739.28,8
2014-08-11,1541.24,732.24,9
2014-08-12,1383.27,722.21,9
2014-08-13,1427.5,736.55,8
2014-08-14,1401.95,745.38,11
2014-08-15,1384.26,722.19,10
2014-08-16,1404.7,779.96,9
2014-08-17,1341.36,750.7,11
2014-08-18,1031.58,707.85,8
2014-08-19,1110.61,682.63,9
2014-08-20,1082.75,696.46,11
2014-08-21,1017.85,745.58,12
2014-08-22,937.44,738.87,11
2014-08-23,982.09,703.83,10
2014-08-24,1005.78,739.45,9
2014-08-25,1035.27,763.38,9
2014-08-26,958.48,749.25,10
2014-08-27,1022.25,759.93,11
2014-08-28,1124.24,776.77,10
2014-08-29,1181.88,775.6,11
2014-08-30,1193.38,755.26,9
2014-08-31,1271.39,779.31,11
2014-09-01,1302.14,773.46,9
2014-09-02,1375.2,817.91,10
2014-09-03,1400.25,777.13,11
2014-09-04,1462.24,781.02,10
2014-09-05,1637.86,871.66,9
2014-09-06,1744.54,856.01,11
2014-09-07,1706.33,843.69,10
2014-09-08,1797.68,865.38,10
2014-09-09,1770.24,860.62,11
2014-09-10,1802.43,890.57,12
2014-09-11,1750.97,854.93,11
2014-09-12,1753.11,848.58,11
2014-09-13,1762.56,840.45,10
2014-09-14,1748.79,801.8,10
2014-09-15,1728.67,781.23,11
2014-09-16,1615.09,778.41,10
2014-09-17,1566.5,806.93,11
2014-09-18,1359.19,724.15,10
2014-09-19,1322.67,699.93,13
2014-09-20,1385.45,670.93,11
2014-09-21,1353.65,702.28,11
2014-09-22,1254.68,646.45,10
2014-09-23,1339.82,621.87,13
2014-09-24,1323.32,643.77,10
2014-09-25,1228.33,657.93,10
2014-09-26,1264.3,602.53,12
2014-09-27,1264.84,575.51,11
2014-09-28,1349.08,606.17,11
2014-09-29,1387.33,615.09,11
2014-09-30,1425.83,526.18,11
2014-10-01,1395.19,606.74,11
2014-10-02,1457.5,549.6,13
2014-10-03,1556.52,590.68,12
2014-10-04,1606.0,526.53,13
2014-10-05,1545.48,534.44,11
2014-10-06,1596.91,577.65,12
2014-10-07,1695.49,588.67,10
2014-10-08,1816.21,650.37,12
2014-10-09,1858.69,702.69,12
2014-10-10,1803.69,627.67,14
2014-10-11,1860.32,628.34,14
2014-10-12,1733.14,646.18,12
2014-10-13,1757.64,647.59,11
2014-10-14,1758.99,664.7,12
2014-10-15,1699.88,646.01,12
2014-10-16,1611.08,679.4,14
2014-10-17,1549.8,684.08,13
2014-10-18,1323.04,623.41,13
2014-10-19,1234.84,583.49,14
2014-10-20,1228.85,608.56,12
2014-10-21,1187.02,621.8,12
2014-10-22,1139.4,616.03,14
2014-10-23,1160.76,619.59,12
2014-10-24,1068.32,587.18,12
2014-10-25,1034.86,642.95,12
2014-10-26,1073.52,662.89,14
2014-10-27,1101.91,657.25,13
2014-10-28,1106.99,650.03,14
2014-10-29,1125.0,638.93,13
2014-10-30,1115.47,694.3,14
2014-10-31,1148.53,693.27,14
2014-11-01,1195.54,731.01,14
2014-11-02,1222.33,676.02,14
2014-11-03,1308.17,704.54,15
2014-11-04,1302.76,692.24,14
2014-11-05,1483.29,839.63,14
2014-11-06,1551.89,849.38,14
2014-11-07,1532.92,868.66,14
2014-11-08,1464.83,841.21,15
2014-11-09,1384.79,849.54,14
2014-11-10,1428.55,843.21,15
2014-11-11,1463.62,846.6,15
2014-11-12,1433.65,834.32,15
2014-11-13,1296.8,844.95,15
2014-11-14,1324.55,875.3,14
2014-11-15,1265.49,828.68,15
2014-11-16,1232.25,818.78,16
2014-11-17,1155.56,815.71,14
2014-11-18,919.54,709.89,14
2014-11-19,832.08,709.13,14
2014-11-20,778.16,688.96,15
2014-11-21,703.64,706.19,13
2014-11-22,704.51,690.84,16
2014-11-23,597.58,701.22,15
2014-11-24,616.37,637.67,13
2014-11-25,625.94,628.16,14
2014-11-26,650.77,609.96,15
2014-11-27,587.29,590.83,13
2014-11-28,647.62,592.51,16
2014-11-29,622.77,512.56,15
2014-11-30,684.82,538.67,16
2014-12-01,646.0,552.38,14
2014-12-02,724.75,518.27,15
2014-12-03,721.16,495.59,14
2014-12-04,706.41,466.68,15
2014-12-05,762.64,415.43,15
2014-12-06,1019.82,482.94,15
2014-12-07,947.82,464.7,16
2014-12-08,935.11,438.41,15
2014-12-09,997.82,467.71,14
2014-12-10,915.12,463.76,16
2014-12-11,1012.02,426.87,16
2014-12-12,988.77,422.28,15
2014-12-13,944.06,399.81,16
2014-12-14,876.55,396.26,15
2014-12-15,902.39,329.25,15
2014-12-16,858.04,376.6,15
2014-12-17,760.54,355.96,15
2014-12-18,611.02,271.92,15
2014-12-19,505.19,277.09,15
2014-12-20,513.23,257.54,15
2014-12-21,448.37,252.58,16
2014-12-22,516.38,264.56,17
2014-12-23,511.05,255.54,17
2014-12-24,526.02,270.05,17
2014-12-25,567.01,282.68,18
2014-12-26,593.65,284.56,16
2014-12-27,665.97,340.16,16
2014-12-28,768.41,322.33,16
2014-12-29,752.31,315.87,17
2014-12-30,891.0,363.71,17
2014-12-31,943.19,364.57,18
2015-01-01,1025.1,438.39,18
2015-01-02,1086.75,427.02,16
2015-01-03,1135.99,409.99,18
2015-01-04,1245.49,473.42,15
2015-01-05,1310.7,481.53,18
2015-01-06,1319.48,493.23,18
2015-01-07,1346.76,551.9,20
2015-01-08,1623.04,604.42,20
2015-01-09,1672.81,667.03,20
2015-01-10,1697.76,653.28,18
2015-01-11,1711.07,679.48,18
2015-01-12,1679.25,680.47,18
2015-01-13,1646.32,698.37,21
2015-01-14,1638.08,719.72,18
2015-01-15,1572.2,702.63,19
2015-01-16,1566.06,766.45,18
2015-01-17,1560.86,774.92,18
2015-01-18,1336.55,662.16,20
2015-01-19,1324.43,721.47,20
2015-01-20,1252.22,749.94,17
2015-01-21,1244.39,713.26,18
2015-01-22,1302.55,719.66,20
2015-01-23,1244.13,769.49,20
2015-01-24,1255.17,760.97,19
2015-01-25,1295.42,755.23,20
2015-01-26,1280.2,781.28,18
2015-01-27,1378.99,773.56,19
2015-01-28,1329.53,802.14,20
2015-01-29,1411.32,772.58,19
2015-01-30,1425.79,783.61,20
2015-01-31,1499.46,798.74,19
2015-02-01,1518.1,720.19,19
2015-02-02,1573.91,797.57,18
2015-02-03,1652.67,759.23,18
2015-02-04,1615.42,778.26,19
2015-02-05,1827.66,890.01,20
2015-02-06,1855.33,842.07,20
2015-02-07,1923.38,833.49,21
2015-02-08,1864.65,836.38,19
2015-02-09,1897.48,799.11,18
2015-02-10,1825.39,872.38,20
2015-02-11,1841.98,815.52,19
2015-02-12,1775.85,844.69,20
2015-02-13,1736.04,792.83,17
2015-02-14,1616.75,792.28,19
2015-02-15,1559.02,803.43,20
2015-02-16,1598.31,749.37,20
2015-02-17,1545.06,762.22,19
2015-02-18,1352.61,685.24,20
2015-02-19,1170.01,651.45,19
2015-02-20,1199.03,636.44,19
2015-02-21,1113.31,662.69,20
2015-02-22,1098.38,660.29,19
2015-02-23,1090.54,655.39,19
2015-02-24,1114.17,598.15,18
2015-02-25,1078.94,592.58,20
2015-02-26,1112.94,587.74,19
2015-02-27,1157.76,607.21,18
2015-02-28,1191.12,558.91,20
2015-03-01,1203.56,554.58,19
2015-03-02,1225.84,559.02,18
2015-03-03,1237.04,549.83,20
2015-03-04,1253.51,586.35,18
2015-03-05,1321.4,582.02,17
2015-03-06,1290.86,551.35,20
2015-03-07,1351.43,556.34,18
2015-03-08,1512.49,594.15,22
2015-03-09,1553.88,640.15,18
2015-03-10,1515.34,678.55,16
2015-03-11,1526.56,641.65,20
2015-03-12,1496.89,631.35,18
2015-03-13,1464.75,688.87,18
2015-03-14,1454.64,638.0,18
2015-03-15,1332.1,701.14,17
2015-03-16,1308.71,735.92,16
2015-03-17,1352.06,675.85,20
2015-03-18,1090.3,622.06,16
2015-03-19,1011.97,564.96,19
2015-03-20,1026.29,571.44,18
2015-03-21,929.26,599.48,18
2015-03-22,896.86,643.35,17
2015-03-23,862.68,633.86,20
2015-03-24,938.25,638.54,17
2015-03-25,870.37,623.26,17
2015-03-26,869.14,657.99,18
2015-03-27,888.27,655.84,16
2015-03-28,825.83,658.91,16
2015-03-29,896.93,666.18,17
2015-03-30,967.9,701.58,17
2015-03-31,991.89,690.33,19
2015-04-01,1113.5,714.6,19
2015-04-02,1064.3,684.07,15
2015-04-03,1163.36,741.94,17
2015-04-04,1204.62,743.62,15
2015-04-05,1224.47,740.21,15
2015-04-06,1269.25,755.3,16
2015-04-07,1280.13,778.17,15
2015-04-08,1436.47,821.0,15
2015-04-09,1535.04,858.95,13
2015-04-10,1546.74,832.69,17
2015-04-11,1552.72,866.54,16
2015-04-12,1526.78,861.4,15
2015-04-13,1543.45,868.27,14
2015-04-14,1457.67,888.45,17
2015-04-15,1512.75,887.98,15
2015-04-16,1396.56,893.31,14
2015-04-17,1395.28,859.33,13
2015-04-18,1200.71,791.42,15
2015-04-19,1128.41,784.25,14
2015-04-20,1145.68,761.36,15
2015-04-21,1085.58,767.84,15
2015-04-22,1086.31,757.42,15
2015-04-23,1068.04,785.44,15
2015-04-24,1054.83,766.42,14
2015-04-25,1163.33,734.49,15
2015-04-26,1073.64,725.74,15
2015-04-27,1050.16,748.05,16
2015-04-28,1137.2,748.39,13
2015-04-29,1212.06,717.44,15
2015-04-30,1242.09,716.28,12
2015-05-01,1342.87,721.54,15
2015-05-02,1395.92,679.94,13
2015-05-03,1405.27,676.44,14
2015-05-04,1411.07,676.1,15
2015-05-05,1475.42,646.78,13
2015-05-06,1754.72,774.51,13
2015-05-07,1740.23,718.57,13
2015-05-08,1813.65,720.85,13
2015-05-09,1899.24,753.25,14
2015-05-10,1875.32,662.06,13
2015-05-11,1869.38,700.09,11
2015-05-12,1826.63,673.59,14
2015-05-13,1856.03,681.41,13
2015-05-14,1819.48,648.71,12
2015-05-15,1809.17,661.51,12
2015-05-16,1793.45,665.28,11
2015-05-17,1763.17,665.71,11
2015-05-18,1508.31,586.6,12
2015-05-19,1483.95,512.93,10
2015-05-20,1412.31,559.18,12
2015-05-21,1437.71,556.76,12
2015-05-22,1340.04,558.61,13
2015-05-23,1343.28,560.93,12
2015-05-24,1380.68,542.92,11
2015-05-25,1315.44,528.87,10
2015-05-26,1288.58,570.16,11
2015-05-27,1332.51,546.72,13
2015-05-28,1414.69,581.38,12
2015-05-29,1312.44,556.51,12
2015-05-30,1427.14,597.62,11
2015-05-31,1437.28,587.06,12
2015-06-01,1492.16,595.03,10
2015-06-02,1525.25,596.25,12
2015-06-03,1609.53,600.18,10
2015-06-04,1613.5,611.88,9
2015-06-05,1868.19,741.26,13
2015-06-06,1902.94,690.07,11
2015-06-07,1876.86,718.39,11
2015-06-08,1872.69,764.9,9
2015-06-09,1898.86,768.83,11
2015-06-10,1896.64,789.56,11
2015-06-11,1818.02,767.9,10
2015-06-12,1839.47,749.34,11
2015-06-13,1787.08,762.98,12
2015-06-14,1739.04,789.6,11
2015-06-15,1681.84,821.48,8
2015-06-16,1632.48,807.39,9
2015-06-17,1644.56,813.58,12
2015-06-18,1343.86,747.06,10
2015-06-19,1344.22,745.91,10
2015-06-20,1259.76,742.05,9
2015-06-21,1171.54,735.59,10
2015-06-22,1180.33,783.71,11
2015-06-23,1102.12,790.53,12
2015-06-24,1143.38,748.14,11
2015-06-25,1102.12,765.76,11
2015-06-26,1135.5,791.77,11
2015-06-27,1160.52,753.79,10
2015-06-28,1062.32,787.82,9
2015-06-29,1126.54,772.79,9
2015-06-30,1125.59,752.63,11
2015-07-01,1272.8,817.15,10
2015-07-02,1213.57,768.44,10
2015-07-03,1215.27,784.64,10
2015-07-04,1370.82,744.87,10
2015-07-05,1295.14,799.41,10
2015-07-06,1287.35,803.17,11
2015-07-07,1321.16,721.71,9
2015-07-08,1567.19,834.97,11
2015-07-09,1566.33,861.09,9
2015-07-10,1529.62,814.35,10
2015-07-11,1527.57,825.99,9
2015-07-12,1523.87,771.94,10
2015-07-13,1538.28,783.15,9
2015-07-14,1466.99,798.5,10
2015-07-15,1393.75,769.9,11
2015-07-16,1359.9,765.85,10
2015-07-17,1347.27,731.26,12
2015-07-18,1141.41,679.78,11
2015-07-19,997.92,626.74,10
2015-07-20,1033.04,681.02,10
2015-07-21,945.76,623.19,11
2015-07-22,869.19,647.12,11
2015-07-23,839.48,636.54,9
2015-07-24,935.99,591.35,11
2015-07-25,935.58,592.68,9
2015-07-26,869.78,588.06,11
2015-07-27,896.64,582.84,12
2015-07-28,864.86,556.69,11
2015-07-29,984.99,591.42,8
2015-07-30,995.07,559.58,9
2015-07-31,984.66,567.96,11
2015-08-01,1092.59,589.04,8
2015-08-02,1084.92,576.63,11
2015-08-03,1201.03,548.28,12
2015-08-04,1189.59,583.5,12
2015-08-05,1471.55,664.67,11
2015-08-06,1473.92,634.69,11
2015-08-07,1444.45,639.87,11
2015-08-08,1585.05,674.92,10
2015-08-09,1601.7,672.51,12
2015-08-10,1552.91,625.54,13
2015-08-11,1578.63,640.39,12
2015-08-12,1574.29,682.42,11
2015-08-13,1558.23,646.55,12
2015-08-14,1578.99,695.96,13
2015-08-15,1505.45,727.29,13
2015-08-16,1447.64,699.89,13
2015-08-17,1443.22,678.82,10
2015-08-18,1191.87,620.89,12
2015-08-19,1140.69,648.02,13
2015-08-20,1195.83,636.0,13
2015-08-21,1152.62,653.29,13
2015-08-22,1056.46,634.07,14
2015-08-23,1093.31,644.87,10
2015-08-24,1147.99,689.93,13
2015-08-25,1079.87,663.54,13
2015-08-26,1130.22,631.45,13
2015-08-27,1280.09,690.62,14
2015-08-28,1213.29,713.09,12
2015-08-29,1307.15,738.03,14
2015-08-30,1371.19,759.2,14
2015-08-31,1339.69,732.74,13
2015-09-01,1435.23,752.82,12
2015-09-02,1552.13,747.95,13
2015-09-03,1548.2,759.54,13
2015-09-04,1663.05,753.51,14
2015-09-05,1790.57,861.38,13
2015-09-06,1911.41,841.42,14
2015-09-07,1876.67,904.97,13
2015-09-08,1883.33,812.01,15
2015-09-09,1926.58,879.65,15
2015-09-10,1900.28,875.85,13
2015-09-11,1892.18,877.95,14
2015-09-12,1894.7,843.95,15
2015-09-13,1789.68,832.48,14
2015-09-14,1794.19,881.38,13
2015-09-15,1812.14,895.45,15
2015-09-16,1783.49,867.95,14
2015-09-17,1722.26,877.25,15
2015-09-18,1491.26,755.18,14
2015-09-19,1460.18,767.62,16
2015-09-20,1448.38,781.72,14
2015-09-21,1339.4,741.69,16
2015-09-22,1352.81,767.96,15
2015-09-23,1357.05,698.7,15
2015-09-24,1363.71,713.5,16
2015-09-25,1288.52,730.92,14
2015-09-26,1331.89,752.36,17
2015-09-27,1396.27,702.11,16
2015-09-28,1459.7,670.12,15
2015-09-29,1442.12,725.15,15
2015-09-30,1469.66,671.83,16
2015-10-01,1549.68,680.02,17
2015-10-02,1558.02,648.86,15
2015-10-03,1637.01,650.26,16
2015-10-04,1631.65,625.84,16
2015-10-05,1628.47,679.17,18
2015-10-06,1738.78,647.3,17
2015-10-07,1746.15,651.92,18
2015-10-08,1864.53,678.0,17
2015-10-09,1907.76,647.97,18
2015-10-10,1869.05,674.96,18
2015-10-11,1879.58,730.61,18
2015-10-12,1796.14,662.59,18
2015-10-13,1818.56,687.88,17
2015-10-14,1784.75,637.92,19
2015-10-15,1659.8,638.66,17
2015-10-16,1642.19,652.3,18
2015-10-17,1627.91,698.36,18
2015-10-18,1306.38,584.81,16
2015-10-19,1266.48,514.85,18
2015-10-20,1265.64,574.89,18
2015-10-21,1195.12,535.91,18
2015-10-22,1110.87,547.91,18
2015-10-23,1128.04,576.61,19
2015-10-24,1182.3,599.36,17
2015-10-25,1184.25,602.2,17
2015-10-26,1089.52,584.42,18
2015-10-27,1088.04,589.99,19
2015-10-28,1119.78,617.87,19
2015-10-29,1221.17,560.04,19
2015-10-30,1214.95,641.88,19
2015-10-31,1267.57,592.94,19
2015-11-01,1283.85,622.74,18
2015-11-02,1235.21,614.34,18
2015-11-03,1278.79,608.39,18
2015-11-04,1314.67,652.8,19
2015-11-05,1532.68,746.86,20
2015-11-06,1542.69,748.48,19
2015-11-07,1554.81,756.64,19
2015-11-08,1596.82,802.78,18
2015-11-09,1570.64,826.59,22
2015-11-10,1591.69,814.92,18
2015-11-11,1532.97,802.28,19
2015-11-12,1468.5,768.72,20
2015-11-13,1460.74,826.79,19
2015-11-14,1358.6,835.64,19
2015-11-15,1284.91,845.3,20
2015-11-16,1341.43,810.2,18
2015-11-17,1308.24,860.45,21
2015-11-18,1041.25,791.97,20
2015-11-19,985.37,741.26,19
2015-11-20,918.25,782.54,18
2015-11-21,979.42,753.55,19
2015-11-22,937.48,772.32,20
2015-11-23,921.18,756.22,22
2015-11-24,911.07,771.1,20
2015-11-25,904.59,772.24,20
2015-11-26,901.04,789.05,20
2015-11-27,976.3,798.99,22
2015-11-28,983.5,804.81,19
2015-11-29,1028.48,761.6,21
2015-11-30,1148.93,781.02,20
2015-12-01,1135.38,745.37,19
2015-12-02,1100.4,762.83,20
2015-12-03,1215.78,761.27,20
2015-12-04,1245.01,734.46,21
2015-12-05,1316.36,760.89,18
2015-12-06,1496.71,828.45,20
2015-12-07,1590.06,828.05,19
2015-12-08,1584.96,843.92,19
2015-12-09,1590.71,799.5,19
2015-12-10,1616.11,819.2,20
2015-12-11,1603.4,823.54,19
2015-12-12,1588.89,813.27,20
2015-12-13,1566.55,769.65,18
2015-12-14,1548.98,743.21,20
2015-12-15,1533.0,739.78,19
2015-12-16,1497.59,711.31,18
2015-12-17,1497.83,752.22,19
2015-12-18,1218.96,654.66,19
2015-12-19,1219.16,632.09,20
2015-12-20,1273.84,590.82,19
2015-12-21,1170.32,604.98,18
2015-12-22,1162.51,635.71,19
2015-12-23,1117.39,611.54,18
2015-12-24,1144.38,608.64,21
2015-12-25,1182.23,658.02,21
2015-12-26,1229.88,586.89,21
2015-12-27,1267.25,527.25,19
2015-12-28,1296.37,546.24,21
2015-12-29,1359.38,573.62,20
2015-12-30,1346.9,564.46,19
2015-12-31,1452.27,558.16,19
2016-01-01,1489.72,557.21,19
2016-01-02,1546.67,542.77,20
2016-01-03,1579.78,568.44,20
2016-01-04,1604.63,591.86,19
2016-01-05,1634.81,601.02,19
2016-01-06,1720.44,602.87,21
2016-01-07,1750.04,547.56,19
2016-01-08,1932.35,662.07,19
2016-01-09,1941.22,660.22,19
2016-01-10,1912.05,685.41,19
2016-01-11,1941.52,676.43,18
2016-01-12,1904.67,679.74,18
2016-01-13,1861.51,723.67,21
2016-01-14,1870.9,701.29,17
2016-01-15,1825.62,709.74,19
2016-01-16,1709.66,724.35,19
2016-01-17,1725.28,738.7,20
2016-01-18,1461.73,657.65,19
2016-01-19,1465.18,685.8,20
2016-01-20,1319.86,632.51,19
2016-01-21,1413.15,677.14,20
2016-01-22,1414.47,676.95,19
2016-01-23,1376.92,681.73,20
2016-01-24,1339.56,714.03,18
2016-01-25,1456.57,734.7,18
2016-01-26,1444.17,701.72,17
2016-01-27,1407.8,760.11,18
2016-01-28,1445.91,699.38,18
2016-01-29,1418.97,751.31,16
2016-01-30,1541.16,725.71,17
2016-01-31,1514.21,737.63,18
2016-02-01,1622.47,758.94,16
2016-02-02,1669.69,754.1,16
2016-02-03,1661.87,704.49,18
2016-02-04,1651.93,784.86,18
2016-02-05,1940.71,881.77,16
2016-02-06,1906.76,863.55,17
2016-02-07,1910.75,863.55,17
2016-02-08,1866.43,861.58,18
2016-02-09,1888.06,832.32,16
2016-02-10,1847.55,829.42,16
2016-02-11,1773.33,885.73,18
2016-02-12,1824.8,889.37,15
2016-02-13,1791.79,876.23,16
2016-02-14,1714.03,867.87,16
2016-02-15,1654.59,872.48,18
2016-02-16,1631.21,866.08,15
2016-02-17,1479.35,827.48,15
2016-02-18,1238.67,753.49,16
2016-02-19,1215.82,735.36,16
2016-02-20,1201.6,728.43,16
2016-02-21,1149.26,752.07,15
2016-02-22,1100.5,753.55,15
2016-02-23,1121.98,658.87,14
2016-02-24,1113.08,696.18,15
2016-02-25,1149.24,686.11,17
2016-02-26,1132.95,709.34,14
2016-02-27,1083.58,642.7,14
2016-02-28,1188.58,599.62,14
2016-02-29,1259.81,674.27,14
2016-03-01,1237.66,668.31,16
2016-03-02,1304.44,598.96,14
2016-03-03,1284.71,626.77,13
2016-03-04,1352.15,654.75,15
2016-03-05,1332.06,589.3,13
2016-03-06,1369.64,607.57,15
2016-03-07,1573.23,699.3,14
2016-03-08,1603.87,650.0,14
2016-03-09,1555.68,662.84,12
2016-03-10,1522.17,632.48,14
2016-03-11,1570.58,661.12,14
2016-03-12,1542.32,643.07,13
2016-03-13,1497.45,661.47,12
2016-03-14,1487.03,668.02,13
2016-03-15,1404.16,682.5,14
2016-03-16,1375.67,701.91,13
2016-03-17,1307.65,654.59,12
2016-03-18,1076.27,553.25,14
2016-03-19,1055.83,552.94,15
2016-03-20,1086.74,541.68,14
2016-03-21,1003.28,575.24,13
2016-03-22,974.07,557.71,12
2016-03-23,968.17,583.91,12
2016-03-24,854.46,556.6,11
2016-03-25,952.88,572.13,12
2016-03-26,988.09,597.77,13
2016-03-27,982.63,591.95,12
2016-03-28,1009.7,559.43,11
2016-03-29,1016.75,608.79,11
2016-03-30,1078.39,599.37,12
2016-03-31,1112.1,651.25,11
2016-04-01,1225.99,655.19,11
2016-04-02,1293.47,592.42,13
2016-04-03,1356.85,669.29,11
2016-04-04,1304.14,669.36,11
2016-04-05,1350.25,637.35,12
2016-04-06,1380.78,698.53,11
2016-04-07,1397.31,660.19,11
2016-04-08,1605.64,812.55,12
2016-04-09,1631.92,781.96,10
2016-04-10,1681.27,771.34,12
2016-04-11,1618.1,859.65,10
2016-04-12,1665.25,786.85,11
2016-04-13,1655.11,810.59,13
2016-04-14,1591.1,821.88,9
2016-04-15,1594.63,831.72,11
2016-04-16,1472.78,862.99,12
2016-04-17,1469.84,854.15,10
2016-04-18,1276.88,789.58,10
2016-04-19,1252.6,779.59,10
2016-04-20,1274.57,737.81,10
2016-04-21,1175.93,789.19,11
2016-04-22,1186.08,783.96,11
2016-04-23,1204.27,766.04,10
2016-04-24,1200.24,825.6,11
2016-04-25,1201.82,792.78,12
2016-04-26,1249.96,798.77,11
2016-04-27,1294.04,797.43,11
2016-04-28,1395.89,763.86,10
2016-04-29,1357.34,783.47,8
2016-04-30,1473.04,772.22,11
2016-05-01,1542.38,748.07,11
2016-05-02,1533.28,727.88,10
2016-05-03,1611.84,749.13,11
2016-05-04,1670.79,754.79,10
2016-05-05,1707.58,735.01,11
2016-05-06,1921.88,812.97,12
2016-05-07,1923.09,809.51,11
2016-05-08,1989.07,794.18,11
2016-05-09,1962.48,825.88,11
2016-05-10,1976.84,788.82,9
2016-05-11,1973.03,763.08,11
2016-05-12,1979.27,724.83,9
2016-05-13,1991.6,751.06,9
2016-05-14,1866.75,733.52,10
2016-05-15,1858.01,723.62,12
2016-05-16,1764.65,748.94,9
2016-05-17,1827.53,721.26,8
2016-05-18,1546.77,584.08,9
2016-05-19,1496.59,626.63,11
2016-05-20,1474.69,570.54,9
2016-05-21,1447.66,613.38,8
2016-05-22,1396.31,580.96,9
2016-05-23,1448.91,587.16,10
2016-05-24,1423.43,579.13,11
2016-05-25,1430.17,571.48,10
2016-05-26,1388.93,575.08,11
2016-05-27,1404.62,568.7,11
2016-05-28,1450.61,605.19,9
2016-05-29,1512.33,566.88,10
2016-05-30,1535.66,566.04,10
2016-05-31,1527.0,544.41,11
2016-06-01,1614.29,568.6,10
2016-06-02,1592.35,538.66,9
2016-06-03,1635.62,588.21,10
2016-06-04,1691.99,532.73,12
2016-06-05,1856.93,640.03,11
2016-06-06,1878.19,626.68,12
2016-06-07,1971.8,676.36,11
2016-06-08,1961.82,663.06,11
2016-06-09,1981.39,693.34,10
2016-06-10,1895.14,663.24,10
2016-06-11,1871.44,703.37,9
2016-06-12,1805.21,711.88,12
2016-06-13,1753.59,711.67,11
2016-06-14,1746.5,715.94,9
2016-06-15,1710.38,726.84,12
2016-06-16,1635.36,712.61,11
2016-06-17,1523.82,718.0,12
2016-06-18,1324.44,672.76,11
2016-06-19,1235.19,661.89,10
2016-06-20,1207.69,689.18,12
2016-06-21,1240.07,722.47,12
2016-06-22,1112.5,687.3,11
2016-06-23,1210.73,692.97,13
2016-06-24,1143.45,707.61,13
2016-06-25,1106.33,723.85,12
2016-06-26,1132.1,744.38,11
2016-06-27,1120.71,737.7,11
2016-06-28,1147.35,791.03,13
2016-06-29,1196.35,761.0,10
2016-06-30,1213.47,774.8,12
2016-07-01,1225.7,762.07,12
2016-07-02,1284.35,789.74,12
2016-07-03,1278.39,766.89,12
2016-07-04,1309.02,760.44,13
2016-07-05,1333.05,797.01,12
2016-07-06,1454.7,777.56,13
2016-07-07,1421.49,785.18,13
2016-07-08,1621.3,891.58,13
2016-07-09,1595.64,872.46,12
2016-07-10,1599.41,864.77,13
2016-07-11,1601.28,854.17,15
2016-07-12,1545.55,886.46,12
2016-07-13,1553.61,852.01,15
2016-07-14,1454.93,854.14,12
2016-07-15,1433.9,856.64,13
2016-07-16,1392.71,850.98,13
2016-07-17,1290.84,860.89,15
2016-07-18,1092.44,740.34,14
2016-07-19,987.86,764.94,15
2016-07-20,1014.64,721.51,14
2016-07-21,983.25,727.07,14
2016-07-22,963.1,706.45,14
2016-07-23,951.6,747.84,16
2016-07-24,984.11,685.16,13
2016-07-25,945.05,678.06,14
2016-07-26,1060.29,677.13,13
2016-07-27,1042.8,659.52,15
2016-07-28,1030.22,663.13,14
2016-07-29,1122.69,674.17,17
2016-07-30,1181.38,641.45,15
2016-07-31,1209.08,633.56,15
2016-08-01,1211.81,616.05,16
2016-08-02,1375.55,601.91,15
2016-08-03,1367.43,607.47,15
2016-08-04,1345.05,598.29,15
2016-08-05,1624.07,707.22,16
2016-08-06,1640.2,654.14,15
2016-08-07,1671.48,701.67,15
2016-08-08,1644.41,661.51,17
2016-08-09,1694.41,663.74,16
2016-08-10,1661.26,633.47,14
2016-08-11,1668.04,666.41,16
2016-08-12,1676.71,630.82,18
2016-08-13,1623.48,658.82,16
2016-08-14,1602.6,656.09,16
2016-08-15,1611.3,643.05,15
2016-08-16,1520.32,605.74,16
2016-08-17,1498.35,700.44,15
2016-08-18,1259.34,542.19,17
2016-08-19,1250.92,574.6,17
2016-08-20,1266.45,556.46,17
2016-08-21,1273.5,600.18,16
2016-08-22,1220.04,574.03,19
2016-08-23,1275.26,571.71,16
2016-08-24,1272.03,607.79,17
2016-08-25,1243.01,573.69,17
2016-08-26,1328.67,600.03,17
2016-08-27,1402.74,632.19,18
2016-08-28,1339.13,658.41,19
2016-08-29,1524.53,612.65,19
2016-08-30,1484.87,629.19,20
2016-08-31,1501.52,659.4,16
2016-09-01,1616.32,616.85,18
2016-09-02,1690.17,699.87,18
2016-09-03,1696.51,657.22,20
2016-09-04,1756.52,678.72,18
2016-09-05,2041.78,793.09,16
2016-09-06,1998.39,797.3,19
2016-09-07,2110.08,783.54,19
2016-09-08,2055.01,850.86,19
2016-09-09,2008.17,764.22,18
2016-09-10,2003.16,803.64,19
2016-09-11,1960.1,821.29,18
2016-09-12,1951.16,820.85,18
2016-09-13,1927.42,874.45,19
2016-09-14,1854.75,816.39,19
2016-09-15,1779.28,891.75,20
2016-09-16,1831.87,855.29,19
2016-09-17,1778.96,834.68,20
2016-09-18,1467.5,730.87,18
2016-09-19,1489.86,774.09,21
2016-09-20,1492.56,764.34,18
2016-09-21,1468.73,785.18,20
2016-09-22,1399.73,769.48,20
2016-09-23,1454.28,799.08,20
2016-09-24,1424.63,772.81,20
2016-09-25,1449.88,763.78,17
2016-09-26,1423.55,790.94,19
2016-09-27,1332.46,770.28,20
2016-09-28,1484.91,777.37,22
2016-09-29,1564.96,780.03,20
2016-09-30,1574.73,742.13,17
2016-10-01,1640.3,742.72,19
2016-10-02,1689.94,753.22,20
2016-10-03,1669.65,673.07,21
2016-10-04,1690.88,716.67,20
2016-10-05,1647.32,705.55,19
2016-10-06,1679.8,710.02,21
2016-10-07,1688.5,675.25,20
2016-10-08,1937.19,797.89,19
2016-10-09,1889.57,748.38,21
2016-10-10,1856.26,745.3,19
2016-10-11,1818.16,731.6,20
2016-10-12,1772.26,764.19,19
2016-10-13,1784.56,682.32,20
2016-10-14,1703.84,758.82,21
2016-10-15,1680.95,743.5,18
2016-10-16,1514.37,690.59,21
2016-10-17,1555.74,717.94,20
2016-10-18,1279.01,600.99,20
2016-10-19,1239.56,627.77,20
2016-10-20,1256.34,606.16,19
2016-10-21,1162.31,627.92,18
2016-10-22,1168.44,540.37,19
2016-10-23,1099.78,574.68,18
2016-10-24,1129.99,528.97,19
2016-10-25,1075.33,552.64,18
2016-10-26,1139.76,611.44,21
2016-10-27,1173.55,570.9,19
2016-10-28,1223.45,581.68,20
2016-10-29,1185.69,571.52,21
2016-10-30,1228.66,571.09,21
2016-10-31,1258.99,551.41,20
2016-11-01,1306.69,549.79,20
2016-11-02,1313.79,556.51,20
2016-11-03,1300.18,512.45,22
2016-11-04,1362.05,575.32,20
2016-11-05,1603.16,677.66,20
2016-11-06,1608.51,664.63,22
2016-11-07,1633.72,681.82,20
2016-11-08,1636.2,703.22,21
2016-11-09,1575.08,718.59,20
2016-11-10,1511.67,680.66,20
2016-11-11,1550.75,697.77,18
2016-11-12,1500.05,740.39,18
2016-11-13,1450.83,745.6,19
2016-11-14,1459.45,771.23,20
2016-11-15,1388.52,779.46,20
2016-11-16,1334.06,813.13,21
2016-11-17,1295.34,762.76,19
2016-11-18,1093.73,723.07,20
2016-11-19,1010.37,677.12,20
2016-11-20,981.65,758.84,19
2016-11-21,990.69,724.74,19
2016-11-22,953.27,734.92,17
2016-11-23,998.02,752.65,19
2016-11-24,1017.58,708.51,19
2016-11-25,1035.39,721.66,20
2016-11-26,1056.99,754.29,20
2016-11-27,1166.46,765.22,19
2016-11-28,1186.22,808.69,20
2016-11-29,1198.69,746.6,19
2016-11-30,1256.47,805.29,19
2016-12-01,1352.97,768.77,18
2016-12-02,1334.53,770.94,17
2016-12-03,1368.22,775.22,18
2016-12-04,1452.19,773.07,19
2016-12-05,1494.76,790.68,18
2016-12-06,1716.06,860.71,17
2016-12-07,1748.48,837.02,18
2016-12-08,1705.84,860.06,17
2016-12-09,1685.49,873.15,19
2016-12-10,1709.3,828.68,19
2016-12-11,1737.43,868.06,17
2016-12-12,1665.45,876.3,18
2016-12-13,1605.32,877.31,18
2016-12-14,1649.51,846.02,17
2016-12-15,1593.94,792.17,16
2016-12-16,1522.34,838.9,16
2016-12-17,1555.86,838.26,17
2016-12-18,1323.42,703.59,17
2016-12-19,1374.1,708.89,15
2016-12-20,1303.28,712.43,16
2016-12-21,1312.77,732.19,16
2016-12-22,1291.89,678.16,17
2016-12-23,1280.45,694.21,16
2016-12-24,1301.87,672.35,16
2016-12-25,1382.75,660.6,16
2016-12-26,1404.82,676.4,17
2016-12-27,1367.01,619.92,17
2016-12-28,1421.31,634.58,16
2016-12-29,1473.03,621.69,17
2016-12-30,1603.83,579.86,17
2016-12-31,1558.38,632.46,14
2017-01-01,1697.21,616.36,16
2017-01-02,1730.96,592.15,15
2017-01-03,1764.42,579.49,14
2017-01-04,1778.42,579.68,15
2017-01-05,1864.48,590.3,16
2017-01-06,1846.01,571.63,16
2017-01-07,1801.35,552.21,13
2017-01-08,1999.84,642.68,15
2017-01-09,1975.67,651.68,17
2017-01-10,2057.47,630.09,16
2017-01-11,2039.64,657.36,11
2017-01-12,1995.47,632.77,16
2017-01-13,1914.9,630.18,15
2017-01-14,1828.93,723.16,12
2017-01-15,1799.16,698.06,13
2017-01-16,1758.74,661.76,15
2017-01-17,1750.98,681.24,14
2017-01-18,1574.0,599.58,13
2017-01-19,1541.87,580.72,14
2017-01-20,1450.81,594.47,14
2017-01-21,1371.49,588.93,13
2017-01-22,1398.86,629.3,13
2017-01-23,1479.58,637.05,14
2017-01-24,1452.61,651.37,12
2017-01-25,1446.34,631.11,12
2017-01-26,1465.12,681.52,12
2017-01-27,1480.74,640.96,12
2017-01-28,1496.28,696.69,12
2017-01-29,1645.09,650.6,11
2017-01-30,1667.87,641.46,13
2017-01-31,1613.3,723.82,13
2017-02-01,1612.4,702.87,12
2017-02-02,1707.1,708.78,12
2017-02-03,1717.57,698.24,12
2017-02-04,1759.09,696.15,11
2017-02-05,1963.22,796.49,13
2017-02-06,1889.7,823.92,11
2017-02-07,1963.64,825.02,11
2017-02-08,1885.55,792.61,11
2017-02-09,1889.63,879.01,13
2017-02-10,1821.79,838.38,11
2017-02-11,1819.12,880.12,14
2017-02-12,1654.74,841.96,12
2017-02-13,1710.2,864.81,13
2017-02-14,1600.31,886.01,11
2017-02-15,1577.07,885.45,10
2017-02-16,1565.0,862.92,11
2017-02-17,1443.91,880.99,11
2017-02-18,1204.31,794.85,9
2017-02-19,1187.48,776.14,12
2017-02-20,1155.71,753.55,11
2017-02-21,1113.27,762.21,10
2017-02-22,1141.92,764.76,11
2017-02-23,1141.09,770.1,11
2017-02-24,1157.96,800.3,12
2017-02-25,1127.44,780.29,11
2017-02-26,1144.63,736.8,11
2017-02-27,1200.92,789.0,11
2017-02-28,1228.22,740.14,11
2017-03-01,1263.23,749.45,11
2017-03-02,1281.54,706.33,12
2017-03-03,1351.99,708.96,9
2017-03-04,1338.85,733.33,10
2017-03-05,1394.57,682.46,10
2017-03-06,1409.35,694.08,10
2017-03-07,1433.19,694.15,11
2017-03-08,1672.36,742.1,9
2017-03-09,1583.15,716.29,10
2017-03-10,1535.39,766.18,10
2017-03-11,1580.16,800.12,12
2017-03-12,1535.11,738.3,11
2017-03-13,1437.98,733.82,10
2017-03-14,1567.39,691.64,11
2017-03-15,1485.09,735.35,9
2017-03-16,1446.16,687.05,12
2017-03-17,1370.01,713.73,9
2017-03-18,1163.67,604.77,11
2017-03-19,1096.61,599.14,11
2017-03-20,1107.57,592.73,10
2017-03-21,1060.02,587.09,11
2017-03-22,1034.34,576.7,11
2017-03-23,1027.98,588.22,10
2017-03-24,1078.25,548.08,10
2017-03-25,1042.67,556.69,10
2017-03-26,1019.94,592.9,10
2017-03-27,1095.64,563.83,10
2017-03-28,1136.69,553.05,11
2017-03-29,1156.78,583.95,10
2017-03-30,1207.35,581.33,10
2017-03-31,1222.56,536.79,9
2017-04-01,1315.52,584.65,10
2017-04-02,1321.56,575.54,8
2017-04-03,1405.07,592.79,9
2017-04-04,1436.32,582.62,11
2017-04-05,1534.61,598.47,11
2017-04-06,1588.18,554.42,10
2017-04-07,1519.87,581.99,10
2017-04-08,1767.33,715.41,11
2017-04-09,1765.49,764.68,11
2017-04-10,1792.86,723.34,10
2017-04-11,1772.05,708.58,9
2017-04-12,1739.85,735.62,11
2017-04-13,1735.2,722.0,12
2017-04-14,1698.09,778.29,10
2017-04-15,1731.69,761.06,10
2017-04-16,1617.29,792.38,10
2017-04-17,1623.41,774.97,13
2017-04-18,1413.69,722.48,10
2017-04-19,1386.49,670.46,10
2017-04-20,1341.36,715.28,10
2017-04-21,1386.98,734.86,10
2017-04-22,1260.96,724.97,10
2017-04-23,1299.09,746.24,11
2017-04-24,1372.57,752.84,12
2017-04-25,1339.09,774.82,10
2017-04-26,1365.73,771.29,12
2017-04-27,1418.25,771.52,9
2017-04-28,1449.34,786.83,10
2017-04-29,1546.16,741.64,10
2017-04-30,1605.71,758.06,11
2017-05-01,1628.74,746.62,11
2017-05-02,1713.67,790.89,11
2017-05-03,1677.03,788.89,12
2017-05-04,1772.9,810.45,13
2017-05-05,1856.39,787.13,12
2017-05-06,2065.25,854.15,12
2017-05-07,2104.94,868.9,12
2017-05-08,2048.59,821.84,13
2017-05-09,2106.46,850.55,14
2017-05-10,2055.03,803.63,13
2017-05-11,2077.23,857.55,12
2017-05-12,2080.23,838.61,12
2017-05-13,1977.07,835.68,13
2017-05-14,1904.3,811.38,12
2017-05-15,1993.76,809.94,13
2017-05-16,1903.19,832.22,13
2017-05-17,1838.37,777.32,14
2017-05-18,1603.31,721.62,12
2017-05-19,1495.09,683.95,11
2017-05-20,1539.52,655.89,13
2017-05-21,1483.12,710.77,13
2017-05-22,1479.88,703.85,11
2017-05-23,1463.19,653.53,13
2017-05-24,1336.24,644.13,15
2017-05-25,1472.31,641.61,14
2017-05-26,1470.6,620.39,14
2017-05-27,1491.62,615.56,13
2017-05-28,1496.76,630.99,15
2017-05-29,1533.04,658.64,13
2017-05-30,1569.32,597.54,14
2017-05-31,1606.92,620.63,14
2017-06-01,1648.33,599.17,14
2017-06-02,1674.44,548.45,16
2017-06-03,1758.87,579.14,15
2017-06-04,1693.38,571.44,15
2017-06-05,1913.97,692.69,14
2017-06-06,1997.08,690.01,15
2017-06-07,1934.71,662.34,14
2017-06-08,1966.05,678.66,15
2017-06-09,1922.37,647.38,14
2017-06-10,1884.93,674.65,14
2017-06-11,1894.38,652.42,14
2017-06-12,1837.59,675.33,15
2017-06-13,1719.22,679.29,15
2017-06-14,1727.84,671.15,17
2017-06-15,1632.89,642.28,16
2017-06-16,1657.09,653.27,15
2017-06-17,1619.66,683.67,15
2017-06-18,1382.2,602.04,16
2017-06-19,1281.85,591.74,18
2017-06-20,1211.84,587.83,17
2017-06-21,1205.16,605.88,14
2017-06-22,1135.17,603.0,17
2017-06-23,1233.24,611.0,17
2017-06-24,1185.26,668.38,19
2017-06-25,1155.55,623.36,16
2017-06-26,1189.89,653.82,17
2017-06-27,1155.75,655.02,17
2017-06-28,1158.86,633.81,16
2017-06-29,1150.16,642.26,16
2017-06-30,1264.22,677.42,17
2017-07-01,1289.65,645.39,15
2017-07-02,1350.85,737.62,16
2017-07-03,1367.2,698.22,18
2017-07-04,1413.99,704.99,18
2017-07-05,1451.51,749.9,19
2017-07-06,1391.47,727.78,18
2017-07-07,1485.16,752.65,18
2017-07-08,1634.72,822.7,19
2017-07-09,1662.95,842.75,17
2017-07-10,1668.24,868.92,17
2017-07-11,1648.26,833.92,18
2017-07-12,1589.5,869.09,18
2017-07-13,1558.0,808.24,18
2017-07-14,1545.19,892.46,17
2017-07-15,1420.69,854.85,18
2017-07-16,1397.97,866.94,18
2017-07-17,1380.18,867.63,18
2017-07-18,1114.44,758.53,18
2017-07-19,1116.92,756.26,19
2017-07-20,1086.16,789.52,17
2017-07-21,1078.95,788.45,19
2017-07-22,1060.5,753.63,20
2017-07-23,1095.54,781.43,18
2017-07-24,1083.21,777.54,19
2017-07-25,1075.18,752.01,19
2017-07-26,1089.6,726.3,19
2017-07-27,1131.58,747.77,18
2017-07-28,1171.48,749.91,21
2017-07-29,1305.92,733.36,20
2017-07-30,1216.37,713.95,19
2017-07-31,1287.2,729.18,18
2017-08-01,1335.06,738.33,19
2017-08-02,1433.93,684.85,17
2017-08-03,1481.54,686.31,20
2017-08-04,1497.86,744.14,19
2017-08-05,1777.66,771.01,20
2017-08-06,1790.39,727.52,20
2017-08-07,1833.34,735.71,21
2017-08-08,1857.06,720.48,20
2017-08-09,1746.02,736.58,20
2017-08-10,1841.73,726.28,21
2017-08-11,1761.78,697.09,19
2017-08-12,1797.87,743.86,22
2017-08-13,1763.05,697.22,20
2017-08-14,1736.75,678.1,20
2017-08-15,1665.28,654.54,19
2017-08-16,1712.33,655.56,20
2017-08-17,1600.92,642.26,20
2017-08-18,1454.96,570.54,20
2017-08-19,1355.59,551.0,22
2017-08-20,1387.95,584.15,20
2017-08-21,1441.65,551.19,21
2017-08-22,1459.01,580.43,19
2017-08-23,1326.01,571.41,22
2017-08-24,1372.94,574.23,19
2017-08-25,1402.65,579.95,22
2017-08-26,1531.03,605.03,20
2017-08-27,1487.75,544.23,18
2017-08-28,1571.42,584.0,21
2017-08-29,1592.1,577.35,20
2017-08-30,1589.87,595.91,20
2017-08-31,1617.6,579.56,21
2017-09-01,1710.83,608.25,21
2017-09-02,1859.9,559.84,20
2017-09-03,1829.55,572.61,21
2017-09-04,1892.82,589.15,20
2017-09-05,2024.03,697.48,21
2017-09-06,2081.42,708.03,19
2017-09-07,2129.93,698.98,21
2017-09-08,2064.8,702.03,19
2017-09-09,2091.65,718.23,19
2017-09-10,2045.04,704.05,20
2017-09-11,2078.59,744.46,20
2017-09-12,2030.5,758.72,21
2017-09-13,2001.83,778.91,18
2017-09-14,1965.89,782.02,21
2017-09-15,1882.82,826.81,19
2017-09-16,1881.03,814.05,17
2017-09-17,1781.98,820.96,18
2017-09-18,1594.56,731.02,19
2017-09-19,1468.59,742.66,20
2017-09-20,1482.6,733.47,19
2017-09-21,1568.22,747.49,18
2017-09-22,1494.99,794.02,19
2017-09-23,1489.81,756.08,18
2017-09-24,1442.72,733.58,20
2017-09-25,1444.35,782.81,19
2017-09-26,1491.68,790.66,20
2017-09-27,1522.97,778.02,17
2017-09-28,1621.46,735.77,19
2017-09-29,1622.42,807.13,21
2017-09-30,1624.32,784.84,20
2017-10-01,1656.18,773.15,19
2017-10-02,1711.61,805.53,18
2017-10-03,1666.2,733.51,20
2017-10-04,1666.92,778.41,20
2017-10-05,1775.16,761.2,17
2017-10-06,1758.74,802.36,18
2017-10-07,1708.71,770.61,19
2017-10-08,1860.7,831.3,19
2017-10-09,1945.66,869.8,19
2017-10-10,1867.8,784.49,20
2017-10-11,1863.82,843.05,17
2017-10-12,1797.48,796.86,18
2017-10-13,1756.92,806.81,19
2017-10-14,1684.91,803.61,19
2017-10-15,1648.35,820.52,17
2017-10-16,1616.35,840.27,17
2017-10-17,1533.22,743.72,17
2017-10-18,1291.35,693.61,19
2017-10-19,1279.48,723.06,17
2017-10-20,1243.58,652.79,17
2017-10-21,1149.68,642.24,18
2017-10-22,1166.59,652.32,16
2017-10-23,1136.52,656.44,17
2017-10-24,1151.86,643.97,15
2017-10-25,1207.13,613.2,17
2017-10-26,1183.49,595.36,17
2017-10-27,1268.14,634.3,17
2017-10-28,1227.76,581.08,16
2017-10-29,1246.66,549.25,17
2017-10-30,1287.25,553.27,17
2017-10-31,1329.63,567.0,18
2017-11-01,1372.05,607.57,17
2017-11-02,1359.8,544.33,15
2017-11-03,1416.11,600.38,15
2017-11-04,1423.19,592.8,15
2017-11-05,1692.16,656.9,16
2017-11-06,1598.73,594.52,16
2017-11-07,1673.48,623.97,16
2017-11-08,1608.39,636.28,18
2017-11-09,1662.06,689.26,15
2017-11-10,1610.83,640.38,17
2017-11-11,1532.41,638.38,15
2017-11-12,1594.76,662.74,13
2017-11-13,1435.54,631.51,15
2017-11-14,1482.08,666.58,16
2017-11-15,1466.45,654.81,16
2017-11-16,1450.87,737.38,15
2017-11-17,1309.93,664.51,15
2017-11-18,1126.67,644.13,14
2017-11-19,1157.47,584.04,15
2017-11-20,1142.28,622.79,14
2017-11-21,1137.84,636.27,14
2017-11-22,1182.92,636.94,15
2017-11-23,1085.17,644.41,14
2017-11-24,1135.04,670.61,15
2017-11-25,1137.75,669.98,14
2017-11-26,1116.53,666.2,13
2017-11-27,1225.08,664.37,13
2017-11-28,1206.3,684.7,13
2017-11-29,1309.4,693.44,16
2017-11-30,1329.62,701.82,13
2017-12-01,1449.7,716.42,14
2017-12-02,1458.56,691.99,12
2017-12-03,1471.15,708.27,12
2017-12-04,1606.52,756.63,13
2017-12-05,1591.08,695.79,15
2017-12-06,1815.41,868.08,12
2017-12-07,1816.24,835.32,12
2017-12-08,1901.82,889.6,14
2017-12-09,1873.45,884.46,14
2017-12-10,1836.51,854.2,13
2017-12-11,1777.31,859.69,13
2017-12-12,1911.94,902.15,12
2017-12-13,1867.88,896.83,11
2017-12-14,1819.99,891.18,11
2017-12-15,1713.82,895.15,11
2017-12-16,1689.71,845.47,12
2017-12-17,1691.75,872.57,11
2017-12-18,1430.33,759.0,12
2017-12-19,1405.83,748.61,12
2017-12-20,1476.68,773.14,11
2017-12-21,1416.26,756.16,13
2017-12-22,1379.7,756.67,11
2017-12-23,1461.47,743.76,13
2017-12-24,1425.81,720.99,12
2017-12-25,1402.55,779.21,10
2017-12-26,1465.49,738.08,13
2017-12-27,1526.88,695.25,10
2017-12-28,1597.44,722.91,12
2017-12-29,1643.96,743.96,11
2017-12-30,1730.81,722.89,9
2017-12-31,1729.28,681.46,10
2018-01-01,1769.0,672.9,11
2018-01-02,1872.78,653.55,12
2018-01-03,1901.9,649.06,11
2018-01-04,1891.71,641.67,11
2018-01-05,1932.85,614.83,11
2018-01-06,1920.51,628.44,9
2018-01-07,1901.55,637.07,11
2018-01-08,2204.66,701.98,12
2018-01-09,2095.02,707.8,11
2018-01-10,2101.89,731.03,10
2018-01-11,2008.41,728.51,10
2018-01-12,2050.71,679.91,9
2018-01-13,1941.33,694.61,9
2018-01-14,1997.69,666.01,13
2018-01-15,1955.94,654.0,10
2018-01-16,1867.4,635.9,11
2018-01-17,1808.5,658.8,11
2018-01-18,1568.78,587.91,10
2018-01-19,1540.01,533.91,9
2018-01-20,1529.05,554.29,11
2018-01-21,1498.56,552.65,9
2018-01-22,1518.69,565.65,11
2018-01-23,1449.53,566.96,9
2018-01-24,1540.75,574.73,10
2018-01-25,1485.79,607.12,10
2018-01-26,1494.63,549.44,11
2018-01-27,1559.2,552.16,8
2018-01-28,1591.4,582.57,12
2018-01-29,1548.17,614.34,9
2018-01-30,1625.37,556.08,10
2018-01-31,1598.38,601.99,10
2018-02-01,1680.12,597.24,10
2018-02-02,1706.47,627.92,11
2018-02-03,1757.88,630.83,11
2018-02-04,1731.49,626.33,12
2018-02-05,1933.18,734.55,11
2018-02-06,1992.71,718.16,10
2018-02-07,2004.9,759.26,9
2018-02-08,1877.12,781.3,9
2018-02-09,1913.36,762.2,11
2018-02-10,1852.11,760.23,12
2018-02-11,1732.24,775.15,11
2018-02-12,1715.15,804.73,7
2018-02-13,1583.45,795.25,8
2018-02-14,1646.0,778.35,10
2018-02-15,1542.77,833.94,10
2018-02-16,1533.32,799.25,10
2018-02-17,1570.94,837.67,11
2018-02-18,1304.78,704.24,11
2018-02-19,1187.36,754.13,10
2018-02-20,1152.25,756.12,9
2018-02-21,1215.07,719.6,9
2018-02-22,1126.2,774.8,10
2018-02-23,1196.86,747.18,11
2018-02-24,1267.62,776.48,9
2018-02-25,1213.31,768.04,11
2018-02-26,1255.97,746.25,9
2018-02-27,1282.45,756.78,8
2018-02-28,1260.21,758.73,10
2018-03-01,1326.87,801.01,12
2018-03-02,1320.79,796.44,12
2018-03-03,1435.69,824.23,9
2018-03-04,1385.83,761.84,9
2018-03-05,1477.0,757.56,12
2018-03-06,1514.76,768.23,11
2018-03-07,1473.55,752.51,12
2018-03-08,1663.3,831.94,12
2018-03-09,1682.12,839.79,12
2018-03-10,1648.06,847.36,10
2018-03-11,1668.08,778.19,12
2018-03-12,1606.59,804.39,13
2018-03-13,1579.0,778.05,12
2018-03-14,1592.72,797.11,12
2018-03-15,1556.91,801.31,11
2018-03-16,1485.16,807.44,10
2018-03-17,1398.19,764.24,11
2018-03-18,1269.24,676.94,11
2018-03-19,1178.86,628.39,10
2018-03-20,1238.48,637.28,10
2018-03-21,1140.3,651.69,10
2018-03-22,1136.35,608.31,11
2018-03-23,1112.01,656.72,13
2018-03-24,1140.49,632.61,12
2018-03-25,1267.92,593.12,12
2018-03-26,1157.42,572.74,13
2018-03-27,1246.19,582.3,14
2018-03-28,1244.04,571.62,15
2018-03-29,1327.48,558.47,13
2018-03-30,1268.94,548.72,13
2018-03-31,1457.67,569.67,13
2018-04-01,1455.64,586.58,14
2018-04-02,1487.61,551.26,13
2018-04-03,1579.23,573.84,13
2018-04-04,1598.94,554.74,13
2018-04-05,1594.15,574.07,13
2018-04-06,1582.83,542.72,11
2018-04-07,1756.81,566.4,13
2018-04-08,1891.71,653.82,15
2018-04-09,1885.79,682.88,15
2018-04-10,1887.53,667.68,15
2018-04-11,1948.36,664.23,14
2018-04-12,1863.47,630.18,13
2018-04-13,1880.59,655.57,16
2018-04-14,1819.05,654.77,13
2018-04-15,1756.55,660.17,14
2018-04-16,1800.44,685.04,16
2018-04-17,1776.47,696.97,15
2018-04-18,1495.39,615.29,14
2018-04-19,1493.14,644.76,16
2018-04-20,1478.64,635.9,15
2018-04-21,1478.35,606.81,15
2018-04-22,1526.98,647.1,17
2018-04-23,1450.16,664.51,13
2018-04-24,1461.98,688.56,16
2018-04-25,1487.84,666.61,15
2018-04-26,1489.31,676.03,15
2018-04-27,1497.35,712.08,16
2018-04-28,1603.47,701.28,15
2018-04-29,1662.79,671.01,16
2018-04-30,1692.69,674.86,16
2018-05-01,1739.59,763.49,16
2018-05-02,1758.59,693.17,16
2018-05-03,1844.37,734.65,16
2018-05-04,1882.46,764.73,16
2018-05-05,1928.02,712.92,16
2018-05-06,2140.18,823.82,16
2018-05-07,2161.61,825.45,18
2018-05-08,2203.77,897.11,17
2018-05-09,2177.89,905.8,16
2018-05-10,2165.43,848.46,17
2018-05-11,2069.29,879.84,17
2018-05-12,2140.51,875.6,18
2018-05-13,2059.36,863.61,18
2018-05-14,2032.9,834.19,17
2018-05-15,1941.7,920.16,18
2018-05-16,2013.09,828.1,18
2018-05-17,1806.43,870.61,16
2018-05-18,1709.44,758.85,18
2018-05-19,1629.59,791.71,16
2018-05-20,1510.0,783.87,14
2018-05-21,1615.97,738.79,19
2018-05-22,1537.84,737.37,18
2018-05-23,1420.42,714.49,18
2018-05-24,1479.66,746.16,19
2018-05-25,1513.08,750.3,18
2018-05-26,1562.38,717.27,18
2018-05-27,1503.58,713.52,19
2018-05-28,1447.18,752.47,18
2018-05-29,1617.92,722.39,18
2018-05-30,1614.9,722.52,19
2018-05-31,1551.82,634.46,19
2018-06-01,1674.53,686.64,18
2018-06-02,1709.08,670.92,18
2018-06-03,1709.39,628.67,18
2018-06-04,1714.09,624.16,18
2018-06-05,1927.51,723.4,21
2018-06-06,1945.65,689.98,19
2018-06-07,1969.22,693.52,19
2018-06-08,1975.28,692.86,18
2018-06-09,1854.43,707.96,22
2018-06-10,1911.81,672.57,18
2018-06-11,1885.19,671.57,18
2018-06-12,1832.3,697.78,19
2018-06-13,1764.79,630.86,18
2018-06-14,1777.12,669.74,20
2018-06-15,1720.56,669.04,18
2018-06-16,1606.22,666.07,21
2018-06-17,1562.99,643.02,20
2018-06-18,1352.94,538.52,19
2018-06-19,1325.7,594.03,18
2018-06-20,1213.52,541.18,19
2018-06-21,1174.32,535.64,20
2018-06-22,1197.97,561.62,19
2018-06-23,1135.62,546.65,19
2018-06-24,1102.81,588.5,21
2018-06-25,1147.3,562.76,20
2018-06-26,1204.4,598.49,20
2018-06-27,1265.72,587.0,20
2018-06-28,1214.66,573.84,20
2018-06-29,1268.33,612.76,20
2018-06-30,1314.79,580.38,20
2018-07-01,1324.98,594.63,21
2018-07-02,1360.4,620.77,20
2018-07-03,1433.79,621.99,21
2018-07-04,1412.71,610.44,20
2018-07-05,1455.15,600.02,19
2018-07-06,1495.87,642.23,21
2018-07-07,1527.78,635.66,20
2018-07-08,1658.97,751.45,19
2018-07-09,1704.62,750.74,21
2018-07-10,1653.04,753.42,20
2018-07-11,1655.59,772.45,19
2018-07-12,1681.6,785.74,21
2018-07-13,1620.17,811.47,22
2018-07-14,1645.66,814.05,20
2018-07-15,1546.57,859.07,20
2018-07-16,1543.95,823.98,18
2018-07-17,1499.83,813.52,22
2018-07-18,1246.25,741.64,19
2018-07-19,1169.86,764.25,18
2018-07-20,1187.46,779.69,20
2018-07-21,1155.07,792.39,21
2018-07-22,1144.67,745.11,21
2018-07-23,1170.13,799.58,19
2018-07-24,1123.33,773.6,20
2018-07-25,1162.18,756.7,20
2018-07-26,1184.92,774.34,21
2018-07-27,1247.1,806.42,20
2018-07-28,1271.71,790.04,20
2018-07-29,1322.15,752.73,20
2018-07-30,1403.52,751.55,18
2018-07-31,1437.35,748.84,20
2018-08-01,1507.53,757.01,20
2018-08-02,1521.13,771.23,19
2018-08-03,1580.6,740.49,19
2018-08-04,1725.41,750.9,19
2018-08-05,1857.51,875.6,19
2018-08-06,1838.56,874.18,22
2018-08-07,1946.23,865.99,21
2018-08-08,1922.61,785.17,20
2018-08-09,1960.15,853.8,19
2018-08-10,1944.1,810.93,18
2018-08-11,1954.18,802.21,19
2018-08-12,1912.23,814.43,19
2018-08-13,1882.94,798.35,17
2018-08-14,1902.11,732.68,19
2018-08-15,1752.98,751.13,20
2018-08-16,1752.31,747.34,16
2018-08-17,1739.12,716.95,18
2018-08-18,1491.01,669.07,20
2018-08-19,1510.31,669.86,19
2018-08-20,1489.67,629.27,17
2018-08-21,1533.94,627.66,19
2018-08-22,1494.6,612.77,18
2018-08-23,1496.48,607.52,18
2018-08-24,1505.38,622.71,17
2018-08-25,1504.79,552.57,18
2018-08-26,1603.26,595.94,19
2018-08-27,1651.45,579.93,17
2018-08-28,1608.94,559.04,18
2018-08-29,1754.04,559.4,18
2018-08-30,1721.82,607.21,19
2018-08-31,1767.09,534.85,17
2018-09-01,1856.41,558.24,19
2018-09-02,1902.47,596.45,18
2018-09-03,1918.05,532.08,17
2018-09-04,1939.49,550.18,17
2018-09-05,2205.82,652.11,16
2018-09-06,2157.34,661.98,16
2018-09-07,2181.73,653.62,17
2018-09-08,2238.84,638.9,15
2018-09-09,2118.8,672.36,16
2018-09-10,2126.77,664.91,16
2018-09-11,2148.03,686.19,17
2018-09-12,2093.29,698.58,17
2018-09-13,2063.57,652.0,17
2018-09-14,1939.95,714.4,16
2018-09-15,1949.76,693.53,15
2018-09-16,1880.98,725.16,14
2018-09-17,1924.93,726.12,16
2018-09-18,1641.85,674.61,17
2018-09-19,1576.13,642.78,16
2018-09-20,1556.85,642.78,16
2018-09-21,1526.21,649.51,15
2018-09-22,1534.44,647.18,16
2018-09-23,1474.16,696.98,16
2018-09-24,1554.45,664.11,17
2018-09-25,1470.78,714.94,15
2018-09-26,1541.92,701.26,15
2018-09-27,1529.46,675.95,15
2018-09-28,1587.95,755.73,15
2018-09-29,1652.13,656.61,14
2018-09-30,1589.94,736.53,14
2018-10-01,1675.67,750.45,15
2018-10-02,1660.54,701.01,15
2018-10-03,1726.4,767.33,14
2018-10-04,1705.32,748.14,14
2018-10-05,1774.17,762.01,14
2018-10-06,1758.37,800.95,13
2018-10-07,1795.61,777.76,15
2018-10-08,1989.73,859.38,13
2018-10-09,1925.53,865.07,12
2018-10-10,1926.48,908.86,14
2018-10-11,1906.05,878.88,14
2018-10-12,1781.41,849.95,12
2018-10-13,1814.89,857.31,14
2018-10-14,1710.97,839.77,14
2018-10-15,1624.0,853.16,15
2018-10-16,1614.92,894.9,13
2018-10-17,1550.31,851.6,13
2018-10-18,1265.85,730.91,12
2018-10-19,1234.36,764.24,13
2018-10-20,1294.96,739.96,13
2018-10-21,1220.22,754.23,13
2018-10-22,1244.04,729.32,12
2018-10-23,1168.61,758.78,13
2018-10-24,1155.53,698.88,12
2018-10-25,1134.12,684.86,10
2018-10-26,1244.74,722.42,13
2018-10-27,1250.41,648.79,10
2018-10-28,1252.98,680.0,12
2018-10-29,1275.2,692.22,12
2018-10-30,1380.85,617.12,12
2018-10-31,1374.63,657.64,12
2018-11-01,1413.56,614.22,12
2018-11-02,1434.27,597.62,12
2018-11-03,1472.68,606.06,11
2018-11-04,1532.13,617.06,14
2018-11-05,1672.39,687.49,11
2018-11-06,1736.18,719.7,10
2018-11-07,1770.0,689.94,10
2018-11-08,1728.49,670.65,12
2018-11-09,1755.21,646.43,9
2018-11-10,1744.69,674.6,10
2018-11-11,1702.41,710.03,10
2018-11-12,1619.83,645.0,11
2018-11-13,1601.58,644.02,12
2018-11-14,1577.15,630.72,10
2018-11-15,1510.68,678.0,11
2018-11-16,1473.25,671.0,8
2018-11-17,1438.32,640.21,10
2018-11-18,1329.35,547.04,11
2018-11-19,1209.69,540.42,10
2018-11-20,1243.2,556.54,11
2018-11-21,1170.64,587.82,8
2018-11-22,1265.1,569.51,10
2018-11-23,1206.11,600.85,11
2018-11-24,1244.19,561.28,11
2018-11-25,1209.72,531.5,11
2018-11-26,1352.09,645.57,10
2018-11-27,1405.19,599.42,9
2018-11-28,1367.35,618.8,9
2018-11-29,1503.56,591.8,12
2018-11-30,1470.51,587.03,9
2018-12-01,1593.76,628.66,9
2018-12-02,1613.5,590.01,11
2018-12-03,1718.16,636.77,9
2018-12-04,1722.25,674.15,12
2018-12-05,1781.28,670.66,13
2018-12-06,2009.15,765.61,10
2018-12-07,1974.13,807.57,10
2018-12-08,1992.82,786.6,8
2018-12-09,1955.58,745.46,11
2018-12-10,1976.18,792.9,8
2018-12-11,2038.73,847.1,9
2018-12-12,1975.85,806.19,10
2018-12-13,1885.86,861.88,11
2018-12-14,1949.08,850.85,9
2018-12-15,1873.42,826.31,9
2018-12-16,1856.78,817.98,8
2018-12-17,1814.67,855.1,10
2018-12-18,1595.57,790.83,9
2018-12-19,1489.45,732.75,9
2018-12-20,1583.03,774.05,11
2018-12-21,1457.74,729.71,10
2018-12-22,1572.67,769.62,11
2018-12-23,1549.52,742.42,10
2018-12-24,1592.57,792.15,11
2018-12-25,1594.11,764.82,10
2018-12-26,1657.49,804.87,10
2018-12-27,1659.95,766.16,11
2018-12-28,1712.27,762.05,10
2018-12-29,1762.68,737.57,10
2018-12-30,1861.58,778.13,11
2018-12-31,1863.55,776.09,11
2019-01-01,1840.73,781.0,10
2019-01-02,1907.14,769.17,11
2019-01-03,1982.06,757.42,9
2019-01-04,2032.27,754.98,10
2019-01-05,1981.64,749.99,10
2019-01-06,2094.96,746.95,11
2019-01-07,2022.86,685.3,11
2019-01-08,2212.05,790.33,11
2019-01-09,2134.87,756.09,11
2019-01-10,2190.75,790.18,11
2019-01-11,2101.62,809.65,11
2019-01-12,2050.55,784.33,12
2019-01-13,2020.47,742.04,9
2019-01-14,2032.11,757.33,10
2019-01-15,1951.23,744.81,11
2019-01-16,1855.94,733.34,13
2019-01-17,1823.36,690.83,11
2019-01-18,1660.49,650.02,11
2019-01-19,1567.95,587.1,10
2019-01-20,1567.93,597.28,11
2019-01-21,1556.46,619.22,12
2019-01-22,1396.98,583.19,13
2019-01-23,1557.78,586.99,11
2019-01-24,1488.89,582.3,11
2019-01-25,1518.98,576.19,12
2019-01-26,1605.09,573.0,10
2019-01-27,1626.96,571.61,13
2019-01-28,1622.67,565.7,11
2019-01-29,1662.35,542.25,12
2019-01-30,1703.06,526.5,12
2019-01-31,1749.58,581.98,13
2019-02-01,1781.71,583.18,13
2019-02-02,1753.97,568.6,12
2019-02-03,1741.27,570.15,13
2019-02-04,1767.71,545.25,13
2019-02-05,1972.48,604.95,14
2019-02-06,1958.83,657.05,12
2019-02-07,1909.06,625.38,11
2019-02-08,1934.91,676.44,11
2019-02-09,1831.84,706.95,11
2019-02-10,1849.68,671.14,12
2019-02-11,1806.04,679.38,12
2019-02-12,1754.61,677.0,13
2019-02-13,1727.49,707.98,14
2019-02-14,1669.15,714.53,14
2019-02-15,1669.15,701.4,13
2019-02-16,1523.48,752.72,13
2019-02-17,1506.26,801.11,16
2019-02-18,1275.06,686.97,15
2019-02-19,1241.94,667.57,14
2019-02-20,1168.78,676.51,14
2019-02-21,1157.76,677.05,14
2019-02-22,1194.97,685.6,16
2019-02-23,1144.47,727.25,14
2019-02-24,1201.67,736.78,15
2019-02-25,1212.47,697.26,13
2019-02-26,1253.35,738.93,14
2019-02-27,1337.53,762.77,14
2019-02-28,1298.11,737.6,15
2019-03-01,1406.32,747.09,14
2019-03-02,1396.14,772.93,15
2019-03-03,1439.19,778.81,15
2019-03-04,1506.5,776.92,14
2019-03-05,1511.13,777.0,14
2019-03-06,1513.82,783.17,15
2019-03-07,1549.19,770.98,16
2019-03-08,1699.13,844.23,16
2019-03-09,1775.53,835.54,15
2019-03-10,1646.25,883.08,16
2019-03-11,1770.69,871.78,16
2019-03-12,1738.87,878.07,15
2019-03-13,1745.13,847.71,16
2019-03-14,1732.59,865.36,18
2019-03-15,1653.09,861.26,16
2019-03-16,1561.23,883.4,15
2019-03-17,1622.63,869.07,18
2019-03-18,1280.56,738.48,18
2019-03-19,1225.62,759.69,18
2019-03-20,1332.6,725.44,17
2019-03-21,1271.4,677.17,16
2019-03-22,1175.41,764.95,16
2019-03-23,1193.22,710.66,18
2019-03-24,1268.81,733.36,19
2019-03-25,1237.21,687.24,16
2019-03-26,1269.29,675.11,15
2019-03-27,1398.75,671.76,17
2019-03-28,1447.45,680.16,17
2019-03-29,1425.48,669.27,17
2019-03-30,1467.3,667.16,18
2019-03-31,1558.78,636.21,18
2019-04-01,1562.69,639.1,17
2019-04-02,1558.09,610.96,18
2019-04-03,1590.17,653.41,18
2019-04-04,1730.08,584.11,16
2019-04-05,1803.08,587.26,19
2019-04-06,1804.84,588.81,18
2019-04-07,1856.33,643.96,17
2019-04-08,2064.65,692.11,18
2019-04-09,2087.11,650.89,19
2019-04-10,2042.12,682.83,19
2019-04-11,2034.06,671.82,19
2019-04-12,2004.67,662.92,19
2019-04-13,1972.47,669.36,18
2019-04-14,1897.53,653.23,16
2019-04-15,1961.78,654.36,19
2019-04-16,1874.48,615.86,20
2019-04-17,1840.39,681.97,19
2019-04-18,1617.31,551.33,20
2019-04-19,1563.98,535.69,18
2019-04-20,1588.16,554.29,19
2019-04-21,1596.31,558.39,18
2019-04-22,1548.35,554.89,20
2019-04-23,1612.42,594.23,18
2019-04-24,1574.7,603.81,21
2019-04-25,1553.66,545.15,19
2019-04-26,1682.73,583.37,20
2019-04-27,1675.66,591.93,19
2019-04-28,1738.48,605.34,21
2019-04-29,1782.83,654.55,21
2019-04-30,1764.51,607.36,19
2019-05-01,1825.69,668.2,20
2019-05-02,1925.13,639.43,21
2019-05-03,1994.96,686.23,20
2019-05-04,1969.86,653.95,19
2019-05-05,1976.21,660.58,20
2019-05-06,2269.87,768.71,19
2019-05-07,2203.23,806.77,20
2019-05-08,2241.55,790.84,19
2019-05-09,2210.38,800.78,20
2019-05-10,2220.66,818.75,18
2019-05-11,2155.11,793.64,19
2019-05-12,2143.95,828.28,19
2019-05-13,2097.07,814.51,20
2019-05-14,2098.7,867.67,18
2019-05-15,2033.92,850.96,19
2019-05-16,2009.68,862.86,21
2019-05-17,1900.48,808.01,21
2019-05-18,1684.27,783.03,17
2019-05-19,1669.07,767.5,19
2019-05-20,1637.9,743.0,21
2019-05-21,1524.27,779.18,20
2019-05-22,1560.46,745.42,20
2019-05-23,1503.51,793.23,21
2019-05-24,1554.97,811.52,19
2019-05-25,1587.96,740.0,20
2019-05-26,1439.27,777.39,20
2019-05-27,1522.96,772.32,20
2019-05-28,1576.7,729.33,20
2019-05-29,1593.86,789.69,20
2019-05-30,1656.79,779.03,19
2019-05-31,1658.26,804.9,20
2019-06-01,1668.41,765.67,18
2019-06-02,1680.76,729.25,19
2019-06-03,1700.74,753.19,20
2019-06-04,1736.99,762.92,20
2019-06-05,1947.27,806.76,19
2019-06-06,1986.89,827.66,18
2019-06-07,1966.01,748.69,20
2019-06-08,1937.97,824.24,19
2019-06-09,1905.9,800.48,20
2019-06-10,1888.71,717.81,19
2019-06-11,1857.97,773.02,18
2019-06-12,1809.34,711.69,18
2019-06-13,1811.66,732.77,19
2019-06-14,1784.93,752.06,19
2019-06-15,1642.94,725.21,18
2019-06-16,1670.31,747.15,18
2019-06-17,1604.28,712.49,20
2019-06-18,1348.83,612.19,20
2019-06-19,1353.8,629.51,19
2019-06-20,1259.01,590.7,19
2019-06-21,1251.59,590.85,18
2019-06-22,1223.22,587.59,19
2019-06-23,1211.32,578.19,18
2019-06-24,1225.81,600.26,20
2019-06-25,1220.74,555.8,20
2019-06-26,1253.39,548.63,19
2019-06-27,1239.22,540.7,18
2019-06-28,1272.27,514.83,18
2019-06-29,1307.82,593.24,17
2019-06-30,1358.63,540.21,18
2019-07-01,1448.19,554.97,18
2019-07-02,1437.38,595.46,17
2019-07-03,1514.96,559.78,20
2019-07-04,1536.04,576.7,19
2019-07-05,1540.49,537.34,17
2019-07-06,1624.31,603.28,20
2019-07-07,1619.25,574.45,17
2019-07-08,1790.41,649.98,18
2019-07-09,1786.05,655.84,18
2019-07-10,1782.57,721.88,17
2019-07-11,1708.58,678.78,17
2019-07-12,1709.37,677.2,19
2019-07-13,1725.08,697.48,18
2019-07-14,1620.13,716.26,17
2019-07-15,1613.65,727.16,15
2019-07-16,1589.78,742.42,17
2019-07-17,1670.1,746.82,16
2019-07-18,1370.04,675.03,17
2019-07-19,1357.59,664.0,16
2019-07-20,1269.94,724.79,16
2019-07-21,1297.2,677.6,16
2019-07-22,1217.77,727.11,17
2019-07-23,1271.68,693.0,15
2019-07-24,1314.09,683.33,17
2019-07-25,1269.08,686.32,16
2019-07-26,1363.35,737.56,16
2019-07-27,1404.89,763.89,15
2019-07-28,1412.33,719.98,16
2019-07-29,1454.47,732.44,15
2019-07-30,1512.33,766.11,15
2019-07-31,1580.51,762.82,16
2019-08-01,1636.58,754.6,17
2019-08-02,1718.38,743.26,14
2019-08-03,1730.84,781.42,16
2019-08-04,1849.12,791.46,15
2019-08-05,2075.51,879.64,15
2019-08-06,2056.68,870.37,13
2019-08-07,2056.4,846.75,13
2019-08-08,2060.81,876.32,15
2019-08-09,2092.54,873.33,13
2019-08-10,2092.0,837.06,16
2019-08-11,2053.18,856.45,13
2019-08-12,2025.05,867.59,15
2019-08-13,2024.27,853.54,14
2019-08-14,1983.55,807.19,13
2019-08-15,1928.14,830.67,13
2019-08-16,1918.78,823.04,14
2019-08-17,1861.73,844.18,15
2019-08-18,1637.87,791.82,13
2019-08-19,1640.02,729.93,14
2019-08-20,1602.2,692.55,14
2019-08-21,1585.97,706.96,12
2019-08-22,1645.49,702.03,14
2019-08-23,1600.76,709.52,13
2019-08-24,1692.96,711.11,11
2019-08-25,1672.34,705.21,13
2019-08-26,1650.93,677.21,11
2019-08-27,1755.73,656.2,12
2019-08-28,1730.44,679.76,13
2019-08-29,1868.28,630.56,13
2019-08-30,1852.4,630.7,12
2019-08-31,1908.48,615.73,13
2019-09-01,1933.5,566.13,12
2019-09-02,1980.76,633.32,12
2019-09-03,1996.95,612.99,12
2019-09-04,1999.14,539.27,13
2019-09-05,2251.89,697.28,10
2019-09-06,2285.37,663.0,13
2019-09-07,2207.91,686.49,11
2019-09-08,2294.03,662.14,11
2019-09-09,2242.43,627.04,11
2019-09-10,2178.75,654.63,11
2019-09-11,2143.14,632.18,11
2019-09-12,2182.99,623.7,12
2019-09-13,2104.48,669.1,12
2019-09-14,2062.32,658.83,9
2019-09-15,1963.19,684.13,12
2019-09-16,1941.59,644.23,12
2019-09-17,1886.98,634.2,10
2019-09-18,1635.37,582.65,11
2019-09-19,1607.67,554.18,12
2019-09-20,1611.94,570.3,9
2019-09-21,1606.14,593.93,11
2019-09-22,1526.81,585.48,10
2019-09-23,1483.75,583.95,11
2019-09-24,1589.78,570.82,10
2019-09-25,1600.7,629.74,12
2019-09-26,1574.28,608.9,10
2019-09-27,1646.4,638.86,10
2019-09-28,1622.92,644.52,10
2019-09-29,1610.21,666.65,11
2019-09-30,1627.69,646.47,10
2019-10-01,1658.13,653.15,12
2019-10-02,1732.74,645.62,11
2019-10-03,1740.2,667.27,9
2019-10-04,1754.45,695.85,10
2019-10-05,1782.17,679.38,10
2019-10-06,1819.22,713.12,9
2019-10-07,1764.78,747.02,10
2019-10-08,1934.86,803.2,11
2019-10-09,1920.41,791.96,11
2019-10-10,1938.73,819.23,11
2019-10-11,1866.06,804.0,13
2019-10-12,1834.3,871.1,10
2019-10-13,1830.27,849.49,11
2019-10-14,1823.93,836.85,9
2019-10-15,1694.24,845.17,12
2019-10-16,1638.94,835.4,9
2019-10-17,1529.32,886.86,12
2019-10-18,1348.84,817.51,12
2019-10-19,1299.23,745.95,9
2019-10-20,1296.72,802.73,11
2019-10-21,1228.57,774.57,10
2019-10-22,1235.21,807.28,10
2019-10-23,1244.72,737.71,10
2019-10-24,1294.77,780.91,10
2019-10-25,1296.87,764.13,10
2019-10-26,1308.53,784.03,12
2019-10-27,1318.92,766.61,11
2019-10-28,1313.44,760.82,9
2019-10-29,1393.23,752.42,11
2019-10-30,1382.5,782.96,8
2019-10-31,1444.66,738.03,10
2019-11-01,1555.27,753.67,10
2019-11-02,1550.04,740.81,11
2019-11-03,1572.78,738.46,12
2019-11-04,1604.95,688.17,10
2019-11-05,1799.84,807.35,10
2019-11-06,1740.44,790.28,10
2019-11-07,1776.16,747.62,11
2019-11-08,1838.23,759.93,10
2019-11-09,1772.63,805.87,10
2019-11-10,1782.03,737.59,11
2019-11-11,1717.52,729.04,12
2019-11-12,1705.07,738.12,9
2019-11-13,1696.41,707.61,9
2019-11-14,1693.55,714.18,10
2019-11-15,1665.35,693.14,9
2019-11-16,1567.0,704.2,9
2019-11-17,1573.86,686.76,10
2019-11-18,1298.96,634.35,12
2019-11-19,1333.27,586.26,11
2019-11-20,1354.96,574.78,13
2019-11-21,1318.21,597.38,10
2019-11-22,1374.7,539.87,12
2019-11-23,1375.26,604.12,11
2019-11-24,1380.66,542.31,10
2019-11-25,1397.96,588.18,11
2019-11-26,1429.75,592.65,11
2019-11-27,1445.1,548.46,11
2019-11-28,1502.87,550.76,12
2019-11-29,1637.74,558.78,11
2019-11-30,1711.42,576.58,12
2019-12-01,1675.06,543.43,13
2019-12-02,1766.83,566.19,13
2019-12-03,1756.27,565.62,10
2019-12-04,1818.01,551.8,12
2019-12-05,1894.74,559.39,12
2019-12-06,2082.62,681.08,11
2019-12-07,2049.92,687.13,11
2019-12-08,2184.23,674.87,12
2019-12-09,2120.46,700.87,12
2019-12-10,2073.19,692.77,12
2019-12-11,2098.43,744.01,12
2019-12-12,2066.85,721.56,14
2019-12-13,2055.26,756.79,12
2019-12-14,1996.15,704.42,13
2019-12-15,1985.08,757.9,13
2019-12-16,1973.46,773.11,11
2019-12-17,1862.76,766.17,14
2019-12-18,1666.88,676.49,13
2019-12-19,1698.06,693.97,13
2019-12-20,1633.46,722.51,14
2019-12-21,1641.48,688.11,13
2019-12-22,1627.58,738.4,14
2019-12-23,1637.83,737.88,11
2019-12-24,1651.17,732.59,14
2019-12-25,1648.42,740.5,14
2019-12-26,1739.48,753.11,14
2019-12-27,1797.23,794.11,13
2019-12-28,1794.79,770.53,14
2019-12-29,1877.75,746.74,14
2019-12-30,1871.72,761.83,13
2019-12-31,1913.04,749.44,14
2020-01-01,1987.23,735.52,16
2020-01-02,2023.83,753.25,13
2020-01-03,2034.82,782.42,15
2020-01-04,2084.89,808.0,14
2020-01-05,2030.14,801.3,14
2020-01-06,2069.34,752.64,15
2020-01-07,2109.03,758.4,15
2020-01-08,2284.76,842.45,15
2020-01-09,2257.15,802.74,14
2020-01-10,2232.17,851.57,16
2020-01-11,2144.84,868.0,15
2020-01-12,2053.91,839.2,16
2020-01-13,2056.14,810.7,17
2020-01-14,2036.74,813.28,14
2020-01-15,1991.28,817.42,16
2020-01-16,1895.09,833.93,16
2020-01-17,1833.0,804.89,17
2020-01-18,1604.66,724.46,15
2020-01-19,1580.4,700.0,17
2020-01-20,1504.75,698.08,15
2020-01-21,1532.55,663.1,17
2020-01-22,1541.11,659.52,17
2020-01-23,1533.1,637.77,16
2020-01-24,1530.4,669.45,15
2020-01-25,1530.93,640.72,16
2020-01-26,1554.76,559.06,18
2020-01-27,1580.5,640.09,18
2020-01-28,1653.56,642.52,19
2020-01-29,1659.91,595.16,17
2020-01-30,1802.18,615.91,17
2020-01-31,1709.65,593.51,18
2020-02-01,1763.33,544.82,19
2020-02-02,1759.05,628.21,18
2020-02-03,1773.87,575.19,17
2020-02-04,1848.57,579.17,17
2020-02-05,2018.96,646.73,17
2020-02-06,1914.17,650.4,18
2020-02-07,1922.63,657.61,17
2020-02-08,1928.07,629.01,17
2020-02-09,1881.41,687.87,18
2020-02-10,1806.66,668.46,18
2020-02-11,1818.01,661.59,19
2020-02-12,1698.84,648.06,19
2020-02-13,1717.48,636.16,18
2020-02-14,1686.74,678.05,19
2020-02-15,1641.44,672.03,18
2020-02-16,1558.91,653.73,15
2020-02-17,1574.98,643.26,18
2020-02-18,1308.41,547.71,19
2020-02-19,1298.91,588.88,18
2020-02-20,1224.77,589.22,20
2020-02-21,1294.35,627.76,20
2020-02-22,1241.05,630.96,19
2020-02-23,1305.74,617.86,18
2020-02-24,1316.28,623.47,19
2020-02-25,1303.83,608.48,19
2020-02-26,1341.75,665.99,20
2020-02-27,1359.19,650.41,17
2020-02-28,1378.28,674.11,18
2020-02-29,1470.99,695.89,18
2020-03-01,1512.3,666.76,17
2020-03-02,1477.78,670.13,19
2020-03-03,1569.08,751.67,18
2020-03-04,1634.75,719.25,19
2020-03-05,1681.62,708.61,19
2020-03-06,1674.24,750.27,20
2020-03-07,1796.22,814.09,19
2020-03-08,1814.54,835.49,18
2020-03-09,1833.22,822.8,20
2020-03-10,1880.41,841.37,22
2020-03-11,1789.38,841.59,21
2020-03-12,1821.07,836.33,20
2020-03-13,1731.22,862.83,20
2020-03-14,1737.92,847.36,19
2020-03-15,1651.62,877.29,19
2020-03-16,1643.8,860.39,20
2020-03-17,1579.66,830.98,19
2020-03-18,1452.77,793.44,20
2020-03-19,1356.81,794.0,19
2020-03-20,1313.0,828.98,18
2020-03-21,1304.44,778.44,19
2020-03-22,1361.42,779.98,21
2020-03-23,1360.6,783.63,20
2020-03-24,1420.66,791.96,16
2020-03-25,1419.69,786.32,19
2020-03-26,1506.54,767.34,21
2020-03-27,1496.76,754.03,20
2020-03-28,1595.98,767.13,21
2020-03-29,1580.18,740.24,20
2020-03-30,1616.24,706.29,20
2020-03-31,1695.37,693.96,20
2020-04-01,1738.15,712.46,19
2020-04-02,1784.04,713.13,21
2020-04-03,1886.46,756.18,21
2020-04-04,1900.54,690.23,20
2020-04-05,1944.72,684.81,20
2020-04-06,1979.54,665.71,19
2020-04-07,1914.3,679.01,21
2020-04-08,2186.3,752.38,19
2020-04-09,2118.37,723.09,20
2020-04-10,2126.39,705.95,21
2020-04-11,2059.22,710.65,21
2020-04-12,2121.36,692.54,21
2020-04-13,2008.01,697.93,21
2020-04-14,1991.18,698.46,18
2020-04-15,1958.97,677.1,19
2020-04-16,1960.18,713.41,18
2020-04-17,1928.12,700.75,18
2020-04-18,1745.5,574.62,21
2020-04-19,1692.6,553.53,19
2020-04-20,1716.18,569.81,18
2020-04-21,1689.54,563.96,19
2020-04-22,1645.3,562.67,19
2020-04-23,1665.5,553.19,22
2020-04-24,1760.26,537.52,19
2020-04-25,1776.3,560.79,20
2020-04-26,1794.58,552.5,18
2020-04-27,1836.72,555.42,17
2020-04-28,1860.73,564.97,18
2020-04-29,1899.28,563.86,18
2020-04-30,1932.49,570.18,18
2020-05-01,2031.68,563.78,17
2020-05-02,1993.9,585.05,19
2020-05-03,2051.31,566.59,18
2020-05-04,2009.18,564.32,17
2020-05-05,2037.08,575.12,19
2020-05-06,2350.09,676.79,19
2020-05-07,2308.21,670.8,20
2020-05-08,2269.72,669.77,16
2020-05-09,2261.14,726.34,18
2020-05-10,2183.37,751.86,17
2020-05-11,2180.63,744.91,18
2020-05-12,2102.71,731.03,19
2020-05-13,2096.48,713.03,17
2020-05-14,2080.33,764.22,17
2020-05-15,2020.54,733.84,17
2020-05-16,2008.76,776.44,19
2020-05-17,1914.07,769.77,15
2020-05-18,1581.51,656.0,17
2020-05-19,1696.47,747.31,17
2020-05-20,1565.45,695.37,16
2020-05-21,1574.97,723.05,18
2020-05-22,1555.69,735.49,15
2020-05-23,1552.09,734.95,17
2020-05-24,1545.5,761.97,17
2020-05-25,1554.44,741.32,16
2020-05-26,1521.56,771.28,15
2020-05-27,1680.25,774.49,17
2020-05-28,1639.23,741.09,16
2020-05-29,1648.18,779.8,17
2020-05-30,1742.24,753.91,17
2020-05-31,1671.33,753.18,18
2020-06-01,1768.18,786.18,16
2020-06-02,1743.47,770.99,17
2020-06-03,1796.74,787.6,16
2020-06-04,1810.61,786.45,18
2020-06-05,1909.41,834.53,16
2020-06-06,1938.17,879.39,16
2020-06-07,2032.24,865.8,16
2020-06-08,1947.74,842.36,15
2020-06-09,1998.33,847.34,15
2020-06-10,1938.51,861.68,16
2020-06-11,1843.12,831.56,16
2020-06-12,1793.41,878.41,16
2020-06-13,1812.1,857.45,15
2020-06-14,1776.83,819.55,15
2020-06-15,1642.48,803.89,16
2020-06-16,1657.96,796.43,14
2020-06-17,1595.88,778.58,15
2020-06-18,1373.36,695.63,12
2020-06-19,1303.36,698.91,15
2020-06-20,1253.09,644.92,14
2020-06-21,1225.55,679.53,14
2020-06-22,1212.09,676.75,14
2020-06-23,1329.41,659.72,15
2020-06-24,1276.88,635.35,16
2020-06-25,1258.88,641.18,12
2020-06-26,1363.93,649.67,13
2020-06-27,1348.09,611.74,14
2020-06-28,1382.63,605.86,13
2020-06-29,1521.19,645.04,14
2020-06-30,1446.62,598.17,13
2020-07-01,1544.97,563.08,14
2020-07-02,1556.98,598.88,13
2020-07-03,1588.04,583.58,14
2020-07-04,1594.0,556.05,12
2020-07-05,1671.37,542.61,15
2020-07-06,1655.01,569.3,11
2020-07-07,1714.37,560.63,12
2020-07-08,1881.72,623.23,11
2020-07-09,1864.01,648.08,13
2020-07-10,1828.63,646.89,13
2020-07-11,1886.64,649.81,11
2020-07-12,1834.56,663.72,13
2020-07-13,1753.43,616.62,12
2020-07-14,1696.06,634.13,13
2020-07-15,1643.59,651.8,13
2020-07-16,1717.02,696.3,12
2020-07-17,1679.85,724.47,13
2020-07-18,1470.39,588.36,12
2020-07-19,1411.66,595.7,12
2020-07-20,1433.74,547.92,11
2020-07-21,1439.59,629.03,10
2020-07-22,1408.28,626.9,11
2020-07-23,1414.41,631.49,11
2020-07-24,1417.9,606.41,13
2020-07-25,1500.43,686.2,10
2020-07-26,1545.9,685.11,13
2020-07-27,1559.04,667.27,11
2020-07-28,1614.71,691.82,12
2020-07-29,1671.66,680.33,10
2020-07-30,1762.48,706.41,11
2020-07-31,1741.41,668.6,10
2020-08-01,1802.9,656.15,13
2020-08-02,1851.26,686.81,10
2020-08-03,1925.81,705.25,12
2020-08-04,1976.54,716.71,12
2020-08-05,2144.33,838.18,12
2020-08-06,2230.87,829.64,10
2020-08-07,2258.35,841.12,12
2020-08-08,2220.6,821.56,13
2020-08-09,2235.71,824.91,11
2020-08-10,2146.83,858.39,10
2020-08-11,2123.38,849.48,10
2020-08-12,2143.01,864.72,11
2020-08-13,2090.37,879.07,10
2020-08-14,2025.23,904.89,10
2020-08-15,2071.03,869.33,9
2020-08-16,1997.95,909.87,10
2020-08-17,1981.81,878.34,11
2020-08-18,1718.32,793.22,11
2020-08-19,1781.66,799.12,10
2020-08-20,1705.63,788.94,10
2020-08-21,1742.96,751.89,9
2020-08-22,1691.41,789.09,9
2020-08-23,1730.49,752.1,10
2020-08-24,1764.73,761.39,11
2020-08-25,1842.72,751.51,9
2020-08-26,1791.11,767.05,9
2020-08-27,1851.78,743.3,11
2020-08-28,1906.55,696.49,10
2020-08-29,1878.67,764.93,9
2020-08-30,1893.81,728.86,11
2020-08-31,1974.32,689.68,10
2020-09-01,2078.09,667.85,10
2020-09-02,2133.57,704.67,10
2020-09-03,2063.27,652.19,10
2020-09-04,2066.8,683.01,11
2020-09-05,2357.89,769.73,10
2020-09-06,2279.73,722.83,10
2020-09-07,2272.41,711.95,9
2020-09-08,2313.29,709.16,10
2020-09-09,2275.96,689.33,10
2020-09-10,2224.46,708.07,9
2020-09-11,2087.03,703.53,9
2020-09-12,2053.67,704.13,10
2020-09-13,2085.1,663.07,11
2020-09-14,2004.42,693.72,8
2020-09-15,1914.58,647.94,10
2020-09-16,1881.15,683.2,11
2020-09-17,1888.08,627.76,11
2020-09-18,1674.68,601.39,12
2020-09-19,1590.25,552.58,10
2020-09-20,1543.77,575.13,12
2020-09-21,1544.14,575.53,11
2020-09-22,1595.53,532.09,11
2020-09-23,1598.12,578.59,9
2020-09-24,1569.8,549.06,11
2020-09-25,1562.66,556.17,11
2020-09-26,1643.03,550.64,10
2020-09-27,1690.13,604.1,8
2020-09-28,1613.23,546.78,11
2020-09-29,1687.54,586.59,11
2020-09-30,1766.71,568.66,12
2020-10-01,1756.63,612.26,10
2020-10-02,1760.34,645.77,10
2020-10-03,1801.45,587.81,10
2020-10-04,1818.43,612.21,10
2020-10-05,1768.57,608.53,14
2020-10-06,1805.27,648.1,10
2020-10-07,1800.41,628.35,10
2020-10-08,1937.44,752.57,11
2020-10-09,1896.58,732.91,13
2020-10-10,1867.4,800.16,12
2020-10-11,1808.98,711.79,13
2020-10-12,1825.34,777.5,11
2020-10-13,1711.31,778.11,10
2020-10-14,1701.9,786.33,11
2020-10-15,1632.99,802.45,12
2020-10-16,1575.25,806.03,12
2020-10-17,1606.65,817.81,12
2020-10-18,1329.1,739.85,13
2020-10-19,1282.89,776.8,11
2020-10-20,1260.81,684.46,11
2020-10-21,1290.0,792.38,11
2020-10-22,1307.13,813.93,13
2020-10-23,1332.19,724.35,13
2020-10-24,1300.3,768.54,14
2020-10-25,1324.77,801.57,14
2020-10-26,1370.84,794.82,12
2020-10-27,1411.15,813.97,13
2020-10-28,1421.19,787.0,13
2020-10-29,1544.42,735.06,11
2020-10-30,1539.28,808.68,13
2020-10-31,1600.91,793.38,15
2020-11-01,1637.42,810.31,13
2020-11-02,1672.19,742.2,13
2020-11-03,1652.16,746.35,13
2020-11-04,1709.04,769.89,15
2020-11-05,1993.05,884.59,13
2020-11-06,1974.38,885.78,14
2020-11-07,1921.58,828.79,12
2020-11-08,1892.55,829.65,15
2020-11-09,1809.89,895.06,14
2020-11-10,1846.12,812.5,15
2020-11-11,1832.05,831.84,12
2020-11-12,1791.78,798.97,14
2020-11-13,1760.88,810.94,15
2020-11-14,1758.36,772.73,14
2020-11-15,1670.77,764.44,15
2020-11-16,1688.44,765.63,14
2020-11-17,1653.64,752.61,14
2020-11-18,1422.04,658.7,16
2020-11-19,1504.85,667.78,14
2020-11-20,1474.41,688.72,15
2020-11-21,1431.72,625.22,16
2020-11-22,1497.41,607.76,16
2020-11-23,1459.39,621.3,15
2020-11-24,1521.45,594.29,17
2020-11-25,1634.64,569.37,16
2020-11-26,1649.47,621.54,16
2020-11-27,1699.54,593.18,16
2020-11-28,1779.6,589.17,17
2020-11-29,1821.74,537.28,17
2020-11-30,1844.72,561.87,15
2020-12-01,1937.07,539.32,16
2020-12-02,1890.37,566.45,17
2020-12-03,1964.76,567.01,18
2020-12-04,2015.63,564.89,16
2020-12-05,2060.47,545.93,17
2020-12-06,2233.08,631.26,16
2020-12-07,2185.89,645.97,17
2020-12-08,2175.82,659.03,16
2020-12-09,2227.21,640.16,17
2020-12-10,2191.81,634.76,17
2020-12-11,2149.4,638.91,16
2020-12-12,2111.54,648.03,19
2020-12-13,2118.88,657.17,16
2020-12-14,2123.48,648.22,18
2020-12-15,2046.86,668.45,15
2020-12-16,2054.86,711.89,17
2020-12-17,1966.38,685.19,18
2020-12-18,1781.12,581.87,19
2020-12-19,1795.74,567.32,18
2020-12-20,1733.29,665.66,18
2020-12-21,1738.27,658.89,19
2020-12-22,1731.12,648.91,19
2020-12-23,1779.96,677.23,20
2020-12-24,1813.35,672.4,17
2020-12-25,1823.26,668.34,18
2020-12-26,1837.55,651.92,16
2020-12-27,1831.66,730.33,17
2020-12-28,1923.29,687.74,18
2020-12-29,1959.6,697.76,20
2020-12-30,2014.54,715.57,18
2020-12-31,2047.18,724.19,18
2021-01-01,2130.08,743.52,19
2021-01-02,2076.26,748.44,18
2021-01-03,2063.46,732.61,17
2021-01-04,2087.98,752.32,18
2021-01-05,2105.95,769.57,19
2021-01-06,2156.69,748.31,20
2021-01-07,2054.78,799.31,19
2021-01-08,2222.01,860.96,20
2021-01-09,2241.83,899.78,20
2021-01-10,2214.9,836.47,20
2021-01-11,2083.47,883.22,20
2021-01-12,2024.55,850.19,18
2021-01-13,2006.08,856.02,18
2021-01-14,2003.67,889.3,18
2021-01-15,1934.62,863.03,18
2021-01-16,1855.94,923.09,20
2021-01-17,1865.88,874.5,22
2021-01-18,1618.76,754.22,20
2021-01-19,1582.72,776.7,20
2021-01-20,1510.46,755.11,21
2021-01-21,1529.25,773.06,19
2021-01-22,1622.74,742.08,21
2021-01-23,1548.9,750.82,21
2021-01-24,1541.24,739.02,20
2021-01-25,1581.99,728.71,22
2021-01-26,1625.4,741.83,21
2021-01-27,1681.68,670.82,20
2021-01-28,1703.95,703.94,20
2021-01-29,1690.12,677.44,20
2021-01-30,1788.23,654.12,20
2021-01-31,1798.76,656.17,20
2021-02-01,1776.21,651.76,20
2021-02-02,1802.54,651.04,20
2021-02-03,1835.89,654.55,19
2021-02-04,1852.18,650.14,19
2021-02-05,1942.58,710.51,18
2021-02-06,1980.84,745.95,20
2021-02-07,1951.75,694.85,20
2021-02-08,1899.89,652.52,20
2021-02-09,1860.36,680.54,21
2021-02-10,1873.04,682.45,19
2021-02-11,1807.05,603.24,19
2021-02-12,1812.57,696.23,18
2021-02-13,1669.56,662.56,21
2021-02-14,1646.99,635.12,21
2021-02-15,1609.52,635.78,21
2021-02-16,1592.01,670.81,21
2021-02-17,1577.06,671.39,19
2021-02-18,1319.74,546.33,19
2021-02-19,1264.04,530.21,18
2021-02-20,1272.79,563.1,19
2021-02-21,1307.55,568.1,19
2021-02-22,1356.02,575.34,18
2021-02-23,1288.92,552.99,19
2021-02-24,1329.11,565.91,20
2021-02-25,1433.48,572.96,20
2021-02-26,1403.51,598.39,19
2021-02-27,1454.38,611.63,20
2021-02-28,1579.87,623.47,21
2021-03-01,1578.17,623.35,18
2021-03-02,1619.03,641.57,20
2021-03-03,1716.88,631.42,20
2021-03-04,1665.85,604.04,21
2021-03-05,1686.17,659.0,20
2021-03-06,1807.14,603.54,19
2021-03-07,1769.78,694.66,19
2021-03-08,1978.46,720.2,18
2021-03-09,1938.59,770.32,18
2021-03-10,1932.83,791.77,19
2021-03-11,1892.19,779.31,19
2021-03-12,1902.58,733.24,20
2021-03-13,1890.99,766.5,20
2021-03-14,1836.66,804.03,18
2021-03-15,1834.08,818.72,20
2021-03-16,1788.34,809.06,19
2021-03-17,1699.5,822.51,17
2021-03-18,1516.68,706.01,18
2021-03-19,1487.61,784.34,18
2021-03-20,1518.48,743.43,17
2021-03-21,1505.26,774.97,17
2021-03-22,1499.36,793.75,17
2021-03-23,1545.2,742.07,17
2021-03-24,1468.13,774.22,17
2021-03-25,1544.39,780.73,19
2021-03-26,1586.91,771.42,15
2021-03-27,1659.7,799.22,18
2021-03-28,1720.9,765.1,18
2021-03-29,1755.32,781.19,17
2021-03-30,1764.5,771.24,17
2021-03-31,1879.38,829.21,17
2021-04-01,1921.85,761.37,17
2021-04-02,1914.05,789.49,18
2021-04-03,1997.44,809.06,18
2021-04-04,2056.1,745.06,16
2021-04-05,2127.92,762.42,15
2021-04-06,2050.08,733.06,17
2021-04-07,2124.71,704.31,16
2021-04-08,2248.97,814.61,16
2021-04-09,2232.89,812.11,17
2021-04-10,2217.55,805.74,16
2021-04-11,2256.67,802.32,17
2021-04-12,2209.9,800.63,19
2021-04-13,2160.11,765.46,17
2021-04-14,2150.54,790.61,17
2021-04-15,2098.8,800.48,16
2021-04-16,2065.36,793.88,16
2021-04-17,2018.01,749.67,16
2021-04-18,1774.41,675.88,16
2021-04-19,1847.29,632.15,16
2021-04-20,1821.91,630.65,15
2021-04-21,1821.18,638.27,14
2021-04-22,1747.52,613.73,14
2021-04-23,1751.69,585.21,16
2021-04-24,1778.15,623.68,14
2021-04-25,1854.58,579.89,16
2021-04-26,1847.49,579.97,16
2021-04-27,1863.87,608.52,15
2021-04-28,1934.31,591.49,16
2021-04-29,1936.06,578.61,15
2021-04-30,1954.42,538.14,14
2021-05-01,2044.34,541.31,14
2021-05-02,2055.87,572.79,13
2021-05-03,2102.1,575.81,13
2021-05-04,2030.38,566.17,12
2021-05-05,2106.86,549.6,13
2021-05-06,2331.39,639.07,16
2021-05-07,2275.45,655.93,12
2021-05-08,2262.77,625.37,12
2021-05-09,2293.02,657.4,13
2021-05-10,2284.74,628.04,13
2021-05-11,2190.02,639.36,14
2021-05-12,2166.93,671.04,13
2021-05-13,2117.99,685.21,13
2021-05-14,2019.03,685.77,12
2021-05-15,2061.45,660.18,13
2021-05-16,1960.73,650.51,13
2021-05-17,1910.87,698.94,13
2021-05-18,1694.07,575.22,15
2021-05-19,1586.4,646.04,13
2021-05-20,1640.28,610.04,12
2021-05-21,1620.0,691.8,10
2021-05-22,1571.94,630.49,13
2021-05-23,1575.86,670.98,10
2021-05-24,1549.66,653.79,13
2021-05-25,1600.85,675.5,12
2021-05-26,1558.71,692.39,13
2021-05-27,1609.38,716.28,11
2021-05-28,1639.13,728.6,12
2021-05-29,1667.53,730.74,12
2021-05-30,1738.28,745.82,11
2021-05-31,1808.87,717.32,12
2021-06-01,1757.55,752.6,12
2021-06-02,1802.96,737.8,11
2021-06-03,1778.03,773.44,13
2021-06-04,1855.11,760.16,12
2021-06-05,1996.07,866.52,10
2021-06-06,2121.15,863.89,12
2021-06-07,1940.96,878.13,11
2021-06-08,2054.56,846.85,12
2021-06-09,1986.18,832.51,11
2021-06-10,1877.27,890.58,8
2021-06-11,1956.97,899.37,12
2021-06-12,1798.15,867.43,11
2021-06-13,1771.78,887.24,10
2021-06-14,1688.62,832.21,10
2021-06-15,1681.02,852.27,11
2021-06-16,1639.21,864.9,10
2021-06-17,1629.53,821.36,12
2021-06-18,1461.34,731.61,9
2021-06-19,1331.0,763.8,11
2021-06-20,1234.03,741.43,11
2021-06-21,1343.69,740.97,11
2021-06-22,1301.88,732.94,11
2021-06-23,1394.44,706.42,10
2021-06-24,1348.32,722.2,10
2021-06-25,1350.01,718.61,9
2021-06-26,1375.37,697.67,10
2021-06-27,1472.69,690.76,9
2021-06-28,1485.53,688.38,9
2021-06-29,1593.25,701.82,12
2021-06-30,1581.83,672.53,8
2021-07-01,1684.78,623.01,11
2021-07-02,1630.02,629.95,9
2021-07-03,1655.9,667.63,9
2021-07-04,1778.16,623.12,9
2021-07-05,1758.13,627.56,9
2021-07-06,1782.45,663.44,11
2021-07-07,1765.17,626.92,11
2021-07-08,1953.08,648.08,10
2021-07-09,2005.68,719.91,13
2021-07-10,1967.68,684.7,10
2021-07-11,1909.73,683.37,10
2021-07-12,1947.88,676.37,9
2021-07-13,1931.12,684.83,9
2021-07-14,1854.1,658.71,9
2021-07-15,1860.84,624.3,11
2021-07-16,1760.22,661.17,11
2021-07-17,1788.52,621.55,11
2021-07-18,1562.09,600.57,9
2021-07-19,1513.32,552.06,11
2021-07-20,1605.1,559.08,10
2021-07-21,1542.02,546.31,11
2021-07-22,1522.72,570.37,9
2021-07-23,1562.57,575.38,9
2021-07-24,1558.59,553.66,11
2021-07-25,1583.69,582.49,11
2021-07-26,1650.59,578.61,10
2021-07-27,1700.77,580.27,11
2021-07-28,1737.92,571.72,11
2021-07-29,1864.18,645.62,10
2021-07-30,1848.46,627.7,9
2021-07-31,1896.17,625.15,9
2021-08-01,1937.68,641.79,10
2021-08-02,1979.83,631.86,10
2021-08-03,2099.81,626.14,10
2021-08-04,2104.41,584.5,11
2021-08-05,2332.51,714.84,10
2021-08-06,2357.82,798.43,11
2021-08-07,2314.97,785.52,10
2021-08-08,2373.44,773.66,12
2021-08-09,2286.59,743.64,12
2021-08-10,2249.03,801.32,12
2021-08-11,2272.75,790.06,10
2021-08-12,2231.91,820.1,11
2021-08-13,2195.59,788.53,12
2021-08-14,2188.19,810.09,11
2021-08-15,2118.61,847.8,10
2021-08-16,2090.04,877.71,10
2021-08-17,2094.51,827.26,11
2021-08-18,1839.28,735.63,10
2021-08-19,1826.7,785.38,14
2021-08-20,1746.64,739.76,10
2021-08-21,1921.33,745.27,11
2021-08-22,1738.68,780.47,12
2021-08-23,1786.87,822.98,11
2021-08-24,1804.9,760.15,11
2021-08-25,1924.55,771.65,12
2021-08-26,1861.39,782.42,13
2021-08-27,1933.79,769.0,12
2021-08-28,1937.18,739.18,13
2021-08-29,1959.9,793.59,10
2021-08-30,2054.73,777.2,12
2021-08-31,2045.3,777.6,13
2021-09-01,2108.94,762.15,14
2021-09-02,2148.78,793.62,12
2021-09-03,2211.41,743.66,11
2021-09-04,2109.95,724.9,13
2021-09-05,2339.17,868.48,13
2021-09-06,2331.63,776.29,12
2021-09-07,2317.27,813.6,12
2021-09-08,2379.97,807.25,12
2021-09-09,2248.74,797.97,14
2021-09-10,2124.39,757.67,13
2021-09-11,2157.93,756.8,14
2021-09-12,2109.09,794.86,13
2021-09-13,2051.03,795.08,14
2021-09-14,1980.3,746.21,14
2021-09-15,1906.8,725.74,13
2021-09-16,1979.61,697.86,15
2021-09-17,1871.18,748.9,13
2021-09-18,1625.78,651.5,13
2021-09-19,1677.02,559.25,14
2021-09-20,1550.58,559.69,15
2021-09-21,1589.33,608.35,15
2021-09-22,1520.71,603.98,14
2021-09-23,1595.48,580.91,14
2021-09-24,1542.2,584.52,15
2021-09-25,1618.0,574.23,13
2021-09-26,1695.14,575.32,16
2021-09-27,1659.38,550.65,15
2021-09-28,1611.1,566.63,14
2021-09-29,1721.41,549.22,14
2021-09-30,1768.08,545.28,15
2021-10-01,1810.94,519.53,16
2021-10-02,1854.55,556.16,15
2021-10-03,1873.92,577.88,15
2021-10-04,1826.46,554.02,14
2021-10-05,1810.5,555.13,15
2021-10-06,1788.59,593.01,17
2021-10-07,1794.5,591.14,18
2021-10-08,1997.55,700.68,16
2021-10-09,1903.6,716.78,16
2021-10-10,1881.74,673.69,17
2021-10-11,1892.0,652.8,15
2021-10-12,1804.12,673.23,15
2021-10-13,1792.13,704.28,14
2021-10-14,1702.96,730.81,17
2021-10-15,1695.5,683.93,19
2021-10-16,1615.89,720.88,18
2021-10-17,1538.99,706.38,17
2021-10-18,1418.35,639.42,17
2021-10-19,1337.76,648.1,17
2021-10-20,1339.45,669.18,18
2021-10-21,1319.38,714.71,17
2021-10-22,1367.61,689.66,17
2021-10-23,1374.58,678.89,16
2021-10-24,1405.07,684.27,18
2021-10-25,1397.94,701.98,17
2021-10-26,1453.18,695.56,18
2021-10-27,1512.44,726.06,19
2021-10-28,1598.36,677.83,16
2021-10-29,1603.13,733.68,18
2021-10-30,1605.25,742.4,18
2021-10-31,1695.72,726.21,18
2021-11-01,1722.83,749.21,17
2021-11-02,1695.67,787.51,17
2021-11-03,1731.52,793.71,17
2021-11-04,1816.71,759.67,19
2021-11-05,2024.39,876.13,19
2021-11-06,2019.7,834.12,19
2021-11-07,2058.82,862.3,17
2021-11-08,1985.07,874.86,21
2021-11-09,1952.09,903.56,18
2021-11-10,1948.54,895.63,21
2021-11-11,1928.36,872.64,20
2021-11-12,1916.96,845.89,19
2021-11-13,1859.16,892.98,21
2021-11-14,1780.79,852.03,20
2021-11-15,1736.88,865.11,19
2021-11-16,1806.27,847.61,19
2021-11-17,1743.22,888.56,20
2021-11-18,1510.23,735.14,19
2021-11-19,1597.91,762.0,19
2021-11-20,1634.33,732.71,19
2021-11-21,1590.06,739.45,19
2021-11-22,1624.72,754.49,19
2021-11-23,1655.35,666.32,21
2021-11-24,1602.62,700.27,21
2021-11-25,1759.04,673.1,20
2021-11-26,1820.71,693.48,19
2021-11-27,1894.38,689.68,19
2021-11-28,1869.15,654.88,19
2021-11-29,1898.85,644.54,22
2021-11-30,2038.11,651.39,20
2021-12-01,2056.09,609.94,21
2021-12-02,2111.76,636.53,20
2021-12-03,2094.05,602.74,19
2021-12-04,2153.67,628.74,20
2021-12-05,2125.87,575.86,19
2021-12-06,2361.79,675.08,21
2021-12-07,2349.63,664.22,19
2021-12-08,2434.59,667.92,19
2021-12-09,2354.12,699.07,21
2021-12-10,2234.57,682.32,19
2021-12-11,2278.73,648.73,20
2021-12-12,2256.05,644.97,17
2021-12-13,2188.13,671.96,20
2021-12-14,2126.66,624.54,21
2021-12-15,2149.74,649.04,19
2021-12-16,2056.91,634.34,21
2021-12-17,2078.83,643.75,20
2021-12-18,1805.84,575.91,21
2021-12-19,1804.29,544.69,19
2021-12-20,1844.57,582.85,20
2021-12-21,1824.43,612.49,18
2021-12-22,1812.8,580.71,20
2021-12-23,1822.96,569.52,19
2021-12-24,1846.75,601.34,21
2021-12-25,1841.73,556.54,19
2021-12-26,1847.21,619.94,19
2021-12-27,1954.54,575.87,19
2021-12-28,2024.27,646.48,20
2021-12-29,2027.91,589.66,22
2021-12-30,2049.81,626.9,16
2021-12-31,2029.07,585.12,20
2022-01-01,2127.16,621.93,21
2022-01-02,2131.54,610.11,19
2022-01-03,2151.47,609.35,20
2022-01-04,2162.25,674.68,21
2022-01-05,2173.23,628.07,19
2022-01-06,2060.63,645.55,19
2022-01-07,2026.94,649.31,20
2022-01-08,2230.68,789.03,20
2022-01-09,2148.61,791.77,19
2022-01-10,2091.13,802.21,20
2022-01-11,2115.45,761.22,20
2022-01-12,1977.05,811.78,19
2022-01-13,1949.77,767.43,19
2022-01-14,1830.87,770.33,19
2022-01-15,1829.85,772.72,18
2022-01-16,1812.28,773.78,20
2022-01-17,1761.71,785.65,17
2022-01-18,1520.61,677.51,18
2022-01-19,1443.5,698.35,19
2022-01-20,1455.43,632.1,17
2022-01-21,1410.25,689.71,19
2022-01-22,1366.8,654.82,18
2022-01-23,1390.33,657.09,19
2022-01-24,1409.82,649.57,18
2022-01-25,1340.12,675.39,17
2022-01-26,1361.78,655.56,17
2022-01-27,1409.11,629.62,17
2022-01-28,1387.84,605.32,19
2022-01-29,1403.24,625.12,17
2022-01-30,1445.34,633.31,16
2022-01-31,1504.34,578.28,16
2022-02-01,1507.74,528.01,16
2022-02-02,1482.22,531.25,15
2022-02-03,1466.86,541.89,15
2022-02-04,1514.81,502.15,15
2022-02-05,1585.46,564.8,14
2022-02-06,1576.85,545.23,16
2022-02-07,1503.86,548.17,15
2022-02-08,1428.33,493.25,14
2022-02-09,1457.81,506.96,14
2022-02-10,1344.12,490.37,14
2022-02-11,1314.77,459.31,14
2022-02-12,1216.53,427.22,13
2022-02-13,1204.43,453.82,13
2022-02-14,1064.42,383.74,12
2022-02-15,1083.3,399.01,13
2022-02-16,1023.5,393.96,13
2022-02-17,886.9,364.89,12
2022-02-18,708.16,282.69,14
2022-02-19,738.41,215.73,15
2022-02-20,746.78,209.39,13
2022-02-21,711.78,203.77,12
2022-02-22,680.31,274.57,12
2022-02-23,677.28,202.8,12
2022-02-24,756.51,197.62,11
2022-02-25,754.52,188.73,13
2022-02-26,794.47,169.48,14
2022-02-27,842.5,185.62,10
2022-02-28,925.86,117.61,13
2022-03-01,1003.22,162.52,11
2022-03-02,1019.52,164.99,11
2022-03-03,1024.42,178.59,11
2022-03-04,1028.6,132.83,13
2022-03-05,1113.72,137.98,11
2022-03-06,1172.35,144.33,11
2022-03-07,1165.77,184.59,12
2022-03-08,1337.23,282.62,12
2022-03-09,1315.08,258.95,11
2022-03-10,1340.03,332.23,12
2022-03-11,1358.52,307.89,10
2022-03-12,1312.01,316.9,9
2022-03-13,1283.08,323.23,12
2022-03-14,1244.14,362.86,9
2022-03-15,1340.71,366.42,10
2022-03-16,1202.92,415.66,10
2022-03-17,1187.54,364.3,10
2022-03-18,1030.96,284.51,10
2022-03-19,1018.19,320.22,11
2022-03-20,1069.0,367.03,11
2022-03-21,1086.8,364.08,11
2022-03-22,1033.08,420.26,11
2022-03-23,1084.14,402.51,10
2022-03-24,1123.88,453.79,10
2022-03-25,1234.18,430.4,11
2022-03-26,1281.17,493.15,10
2022-03-27,1318.55,515.35,10
2022-03-28,1408.86,490.49,11
2022-03-29,1434.18,530.85,10
2022-03-30,1520.61,542.54,10
2022-03-31,1572.87,563.92,10
2022-04-01,1692.09,595.97,12
2022-04-02,1755.68,603.47,11
2022-04-03,1773.47,606.86,11
2022-04-04,1872.01,622.7,9
2022-04-05,1934.72,591.8,11
2022-04-06,1892.52,629.44,10
2022-04-07,1938.13,615.71,10
2022-04-08,2168.65,738.09,10
2022-04-09,2152.18,770.56,11
2022-04-10,2097.54,752.26,12
2022-04-11,2115.84,702.67,9
2022-04-12,2094.35,739.08,10
2022-04-13,2080.22,778.18,11
2022-04-14,2054.3,755.81,10
2022-04-15,2085.35,786.21,11
2022-04-16,1996.01,742.76,10
2022-04-17,1918.66,777.16,11
2022-04-18,1771.77,686.85,9
2022-04-19,1815.17,692.51,11
2022-04-20,1740.25,657.76,8
2022-04-21,1730.27,685.68,11
2022-04-22,1742.19,697.4,10
2022-04-23,1788.33,609.44,11
2022-04-24,1779.43,655.28,11
2022-04-25,1766.2,608.69,9
2022-04-26,1830.24,623.46,12
2022-04-27,1890.18,618.95,11
2022-04-28,1952.5,628.13,11
2022-04-29,1955.55,631.3,9
2022-04-30,2006.86,636.28,11
2022-05-01,2057.38,615.58,9
2022-05-02,2062.75,618.12,10
2022-05-03,2114.92,573.27,9
2022-05-04,2155.33,614.19,15
2022-05-05,2109.9,512.7,11
2022-05-06,2355.48,703.43,11
2022-05-07,2300.42,694.54,10
2022-05-08,2285.46,676.94,11
2022-05-09,2274.96,705.55,11
2022-05-10,2312.82,613.47,9
2022-05-11,2164.6,667.55,9
2022-05-12,2162.09,651.27,11
2022-05-13,2126.82,652.22,10
2022-05-14,2115.49,620.5,9
2022-05-15,2089.05,654.74,9
2022-05-16,1953.58,654.38,9
2022-05-17,1937.76,632.94,8
2022-05-18,1680.84,558.7,8
2022-05-19,1642.09,534.11,10
2022-05-20,1624.08,557.84,11
2022-05-21,1536.21,591.86,13
2022-05-22,1576.04,597.14,10
2022-05-23,1588.48,597.93,9
2022-05-24,1546.35,608.2,10
2022-05-25,1604.34,615.09,11
2022-05-26,1546.94,586.63,11
2022-05-27,1635.79,615.83,11
2022-05-28,1709.05,640.26,11
2022-05-29,1686.79,594.34,10
2022-05-30,1693.61,602.86,11
2022-05-31,1710.58,610.53,9
2022-06-01,1804.2,612.02,8
2022-06-02,1848.89,637.37,12
2022-06-03,1834.67,658.18,10
2022-06-04,1833.8,712.25,11
2022-06-05,1978.11,768.53,7
2022-06-06,2047.42,753.84,12
2022-06-07,2007.91,799.7,11
2022-06-08,1990.66,800.47,9
2022-06-09,2042.43,795.69,10
2022-06-10,1889.16,807.84,11
2022-06-11,1854.73,851.73,9
2022-06-12,1878.09,804.22,11
2022-06-13,1811.1,805.05,12
2022-06-14,1760.52,857.85,11
2022-06-15,1743.66,839.33,9
2022-06-16,1701.68,891.6,10
2022-06-17,1622.14,857.99,11
2022-06-18,1415.4,772.39,10
2022-06-19,1415.43,794.38,11
2022-06-20,1405.78,742.02,11
2022-06-21,1412.38,787.2,9
2022-06-22,1380.14,771.92,12
2022-06-23,1427.21,801.98,12
2022-06-24,1471.78,763.82,12
2022-06-25,1471.69,779.83,12
2022-06-26,1504.9,765.2,11
2022-06-27,1544.16,778.61,11
2022-06-28,1578.52,759.73,10
2022-06-29,1617.03,766.09,13
2022-06-30,1689.32,793.33,11
2022-07-01,1763.75,742.3,10
2022-07-02,1761.63,750.74,12
2022-07-03,1829.86,784.96,10
2022-07-04,1859.18,735.56,12
2022-07-05,1954.04,665.36,12
2022-07-06,1934.88,695.84,11
2022-07-07,1943.54,675.31,11
2022-07-08,2141.72,803.15,13
2022-07-09,2082.98,771.72,12
2022-07-10,2135.44,788.0,10
2022-07-11,2071.67,768.85,13
2022-07-12,2038.42,759.57,11
2022-07-13,1967.95,710.22,11
2022-07-14,1965.23,739.31,14
2022-07-15,1886.42,749.57,14
2022-07-16,1910.42,679.25,12
2022-07-17,1873.47,696.04,12
2022-07-18,1669.46,613.14,12
2022-07-19,1621.24,600.28,13
2022-07-20,1688.36,623.01,14
2022-07-21,1686.84,601.27,14
2022-07-22,1736.39,588.61,13
2022-07-23,1755.32,592.72,14
2022-07-24,1730.97,587.28,13
2022-07-25,1797.31,567.8,13
2022-07-26,1813.23,556.25,12
2022-07-27,1836.95,583.74,14
2022-07-28,1893.63,544.25,15
2022-07-29,1979.07,558.43,13
2022-07-30,2153.15,534.77,15
2022-07-31,2102.44,577.28,14
2022-08-01,2118.11,590.02,14
2022-08-02,2168.99,544.8,14
2022-08-03,2204.48,565.21,16
2022-08-04,2212.55,561.96,15
2022-08-05,2451.22,690.78,15
2022-08-06,2429.0,703.56,15
2022-08-07,2399.29,667.71,14
2022-08-08,2442.59,616.69,13
2022-08-09,2429.71,717.04,15
2022-08-10,2377.88,700.12,15
2022-08-11,2362.27,708.08,16
2022-08-12,2348.65,736.46,15
2022-08-13,2273.64,715.82,15
2022-08-14,2218.89,718.78,13
2022-08-15,2169.27,733.83,16
2022-08-16,2147.05,761.56,16
2022-08-17,2175.44,779.34,17
2022-08-18,1895.98,715.13,16
2022-08-19,1893.36,697.22,17
2022-08-20,1854.83,694.17,16
2022-08-21,1845.37,725.67,16
2022-08-22,1830.81,693.37,17
2022-08-23,1875.09,754.22,17
2022-08-24,1871.07,735.52,17
2022-08-25,1958.02,733.3,17
2022-08-26,1939.43,724.0,17
2022-08-27,1975.4,765.54,17
2022-08-28,2006.77,751.44,18
2022-08-29,2062.76,760.8,15
2022-08-30,2137.41,730.72,16
2022-08-31,2081.24,761.84,19
2022-09-01,2155.04,762.11,17
2022-09-02,2111.88,786.3,17
2022-09-03,2223.58,772.93,19
2022-09-04,2182.55,721.51,17
2022-09-05,2320.53,860.85,17
2022-09-06,2315.45,837.4,19
2022-09-07,2366.71,845.11,17
2022-09-08,2249.46,888.03,18
2022-09-09,2279.23,825.94,16
2022-09-10,2209.71,866.02,18
2022-09-11,2168.02,844.1,19
2022-09-12,2097.98,834.93,18
2022-09-13,2033.33,823.21,17
2022-09-14,1995.01,845.62,18
2022-09-15,1979.61,841.38,18
2022-09-16,1900.76,786.7,18
2022-09-17,1882.64,842.29,18
2022-09-18,1633.18,692.81,20
2022-09-19,1634.73,719.04,19
2022-09-20,1608.21,675.81,17
2022-09-21,1564.15,682.77,19
2022-09-22,1548.12,655.65,19
2022-09-23,1622.01,662.97,20
2022-09-24,1575.07,660.97,19
2022-09-25,1642.88,630.93,19
2022-09-26,1653.73,654.05,21
2022-09-27,1667.63,648.01,18
2022-09-28,1732.24,689.04,20
2022-09-29,1798.83,641.52,19
2022-09-30,1805.15,638.9,19
2022-10-01,1816.92,566.43,19
2022-10-02,1893.53,555.04,21
2022-10-03,1796.46,584.87,20
2022-10-04,1827.23,624.55,20
2022-10-05,1853.04,634.11,20
2022-10-06,1913.78,559.61,20
2022-10-07,1883.55,557.57,19
2022-10-08,1958.91,668.86,18
2022-10-09,1974.86,649.71,21
2022-10-10,1908.72,648.17,20
2022-10-11,1913.67,664.57,20
2022-10-12,1903.36,709.77,22
2022-10-13,1861.07,678.92,19
2022-10-14,1791.69,692.3,17
2022-10-15,1724.92,612.34,18
2022-10-16,1697.82,679.03,19
2022-10-17,1691.96,637.7,20
2022-10-18,1534.03,609.4,21
2022-10-19,1392.34,606.99,21
2022-10-20,1480.32,595.67,17
2022-10-21,1433.58,571.91,23
2022-10-22,1463.62,584.06,20
2022-10-23,1460.52,592.81,21
2022-10-24,1530.94,625.9,21
2022-10-25,1528.72,625.89,20
2022-10-26,1536.19,656.5,20
2022-10-27,1621.17,669.26,19
2022-10-28,1694.46,624.05,19
2022-10-29,1705.88,662.11,20
2022-10-30,1683.51,670.98,19
2022-10-31,1799.88,667.91,22
2022-11-01,1851.0,699.92,20
2022-11-02,1884.03,699.15,22
2022-11-03,1899.42,684.72,20
2022-11-04,1986.41,703.05,19
2022-11-05,2061.99,797.06,20
2022-11-06,2154.65,796.99,20
2022-11-07,2152.99,819.0,21
2022-11-08,2212.45,799.79,21
2022-11-09,2121.5,845.73,21
2022-11-10,2114.62,872.64,21
2022-11-11,2075.99,848.73,21
2022-11-12,2044.75,873.7,19
2022-11-13,2071.98,860.9,21
2022-11-14,1940.99,838.92,20
2022-11-15,1928.76,908.77,19
2022-11-16,1954.97,813.8,19
2022-11-17,1919.77,869.05,19
2022-11-18,1700.07,762.87,21
2022-11-19,1704.64,814.77,20
2022-11-20,1744.76,784.15,19
2022-11-21,1744.18,834.27,19
2022-11-22,1725.3,776.74,19
2022-11-23,1789.73,756.36,18
2022-11-24,1818.05,731.91,20
2022-11-25,1880.68,789.61,18
2022-11-26,1901.96,741.96,19
2022-11-27,1922.81,745.52,19
2022-11-28,2041.63,775.61,20
2022-11-29,2089.53,765.05,19
2022-11-30,2169.48,721.24,18
2022-12-01,2119.12,716.99,20
2022-12-02,2202.01,680.28,18
2022-12-03,2228.38,665.27,19
2022-12-04,2246.18,718.59,20
2022-12-05,2220.62,712.1,18
2022-12-06,2432.28,781.65,18
2022-12-07,2474.69,768.73,18
2022-12-08,2434.32,739.86,18
2022-12-09,2401.21,778.51,18
2022-12-10,2451.34,697.88,19
2022-12-11,2449.7,717.9,17
2022-12-12,2325.78,723.04,19
2022-12-13,2233.86,711.08,19
2022-12-14,2258.36,702.97,18
2022-12-15,2130.75,683.92,17
2022-12-16,2118.7,700.02,18
2022-12-17,2147.21,654.67,17
2022-12-18,1867.03,582.08,19
2022-12-19,1884.89,589.18,17
2022-12-20,1830.95,567.42,19
2022-12-21,1880.73,570.57,17
2022-12-22,1922.27,571.64,17
2022-12-23,1873.68,525.31,17
2022-12-24,1913.91,525.27,17
2022-12-25,1911.75,563.55,18
2022-12-26,1944.87,546.64,16
2022-12-27,1975.93,548.16,18
2022-12-28,2068.28,573.7,18
2022-12-29,2026.93,541.15,16
2022-12-30,2098.47,512.29,18
2022-12-31,2154.42,605.05,17
2023-01-01,2196.6,599.13,17
2023-01-02,2198.13,603.46,15
2023-01-03,2190.28,557.73,16
2023-01-04,2174.34,586.55,16
2023-01-05,2218.95,566.79,18
2023-01-06,2139.29,600.35,16
2023-01-07,2113.98,601.47,15
2023-01-08,2347.06,683.29,14
2023-01-09,2270.99,726.33,14
2023-01-10,2224.94,718.13,15
2023-01-11,2180.38,770.54,16
2023-01-12,2101.79,743.54,14
2023-01-13,1999.67,694.74,14
2023-01-14,2004.74,720.13,13
2023-01-15,1944.16,815.31,16
2023-01-16,1868.2,770.45,15
2023-01-17,1819.73,792.64,15
2023-01-18,1633.18,706.39,13
2023-01-19,1562.56,745.9,16
2023-01-20,1589.25,681.04,16
2023-01-21,1578.34,760.12,14
2023-01-22,1585.71,766.05,14
2023-01-23,1614.71,745.44,15
2023-01-24,1640.68,760.84,15
2023-01-25,1618.68,749.47,15
2023-01-26,1703.61,725.8,14
2023-01-27,1698.35,780.25,15
2023-01-28,1801.76,776.83,13
2023-01-29,1753.95,780.5,14
2023-01-30,1749.98,787.7,13
2023-01-31,1863.71,765.52,11
2023-02-01,1872.3,812.63,13
2023-02-02,1915.78,780.15,12
2023-02-03,1893.38,791.32,13
2023-02-04,1965.15,772.06,14
2023-02-05,2058.97,889.05,13
2023-02-06,2086.29,865.39,15
2023-02-07,2007.63,857.66,12
2023-02-08,2012.71,881.82,10
2023-02-09,1982.98,812.42,13
2023-02-10,1947.87,838.6,12
2023-02-11,1902.76,825.11,11
2023-02-12,1718.32,840.1,12
2023-02-13,1786.21,831.6,11
2023-02-14,1728.33,816.72,11
2023-02-15,1699.62,793.2,13
2023-02-16,1673.44,799.97,12
2023-02-17,1695.52,798.91,11
2023-02-18,1464.83,688.94,13
2023-02-19,1435.59,708.15,11
2023-02-20,1407.08,688.07,10
2023-02-21,1526.7,665.81,10
2023-02-22,1473.99,604.6,11
2023-02-23,1523.92,642.33,10
2023-02-24,1642.32,652.07,10
2023-02-25,1590.45,623.36,11
2023-02-26,1651.3,627.76,12
2023-02-27,1720.19,608.08,12
2023-02-28,1707.44,610.46,12
2023-03-01,1753.58,628.95,11
2023-03-02,1844.02,608.72,10
2023-03-03,1887.46,556.74,11
2023-03-04,1943.83,543.2,13
2023-03-05,1933.59,584.47,11
2023-03-06,2003.56,596.16,10
2023-03-07,1924.85,530.36,10
2023-03-08,2191.18,649.44,10
2023-03-09,2201.22,704.16,11
2023-03-10,2187.42,644.69,10
2023-03-11,2150.87,705.59,11
2023-03-12,2108.74,632.1,11
2023-03-13,2096.6,636.95,11
2023-03-14,2115.84,637.44,9
2023-03-15,2020.66,627.24,10
2023-03-16,2046.34,621.39,10
2023-03-17,2025.6,657.65,10
2023-03-18,1713.54,580.31,10
2023-03-19,1754.54,566.61,11
2023-03-20,1716.89,577.78,10
2023-03-21,1698.79,626.51,9
2023-03-22,1787.94,623.05,9
2023-03-23,1794.36,603.44,11
2023-03-24,1813.0,626.46,10
2023-03-25,1799.51,589.26,10
2023-03-26,1885.33,639.76,11
2023-03-27,1878.0,641.27,10
2023-03-28,1976.35,643.42,9
2023-03-29,2002.43,661.52,9
2023-03-30,2114.61,667.17,11
2023-03-31,2115.83,650.3,12
2023-04-01,2183.96,725.3,11
2023-04-02,2226.3,718.27,10
2023-04-03,2251.18,697.64,10
2023-04-04,2285.42,676.01,10
2023-04-05,2311.53,668.95,8
2023-04-06,2279.38,774.98,10
2023-04-07,2325.19,734.51,11
2023-04-08,2522.33,852.09,12
2023-04-09,2488.22,820.87,11
2023-04-10,2436.25,840.86,12
2023-04-11,2422.41,847.24,12
2023-04-12,2366.04,862.79,12
2023-04-13,2333.55,863.38,10
2023-04-14,2253.33,844.33,11
2023-04-15,2300.51,846.57,9
2023-04-16,2279.18,867.03,10
2023-04-17,2149.66,831.19,11
2023-04-18,1979.82,761.87,10
2023-04-19,1977.78,776.01,9
2023-04-20,1875.1,786.8,12
2023-04-21,1823.01,809.02,11
2023-04-22,1949.92,762.62,12
2023-04-23,1902.99,770.33,11
2023-04-24,1899.46,724.18,12
2023-04-25,1940.52,767.69,12
2023-04-26,1952.96,734.75,10
2023-04-27,2100.85,741.81,10
2023-04-28,2012.85,752.35,10
2023-04-29,2078.03,746.05,10
2023-04-30,2146.15,695.0,13
2023-05-01,2177.7,736.55,11
2023-05-02,2198.4,709.64,11
2023-05-03,2166.68,729.67,10
2023-05-04,2190.64,725.03,12
2023-05-05,2126.05,719.12,11
2023-05-06,2386.9,733.27,12
2023-05-07,2378.83,764.24,11
2023-05-08,2382.73,711.51,13
2023-05-09,2390.05,765.76,12
2023-05-10,2314.69,759.97,11
2023-05-11,2283.16,741.02,13
2023-05-12,2195.67,701.75,13
2023-05-13,2188.16,714.99,12
2023-05-14,2088.67,683.19,11
2023-05-15,2073.27,688.43,13
2023-05-16,2008.44,679.38,12
2023-05-17,1944.62,631.28,12
2023-05-18,1642.84,561.86,12
2023-05-19,1697.62,624.69,12
2023-05-20,1643.03,568.56,11
2023-05-21,1633.46,570.42,11
2023-05-22,1608.03,563.86,11
2023-05-23,1611.4,552.91,13
2023-05-24,1646.12,561.39,10
2023-05-25,1598.38,551.06,13
2023-05-26,1652.87,509.98,13
2023-05-27,1636.69,578.46,12
2023-05-28,1715.8,598.37,14
2023-05-29,1738.74,539.75,13
2023-05-30,1743.01,559.48,13
2023-05-31,1802.51,605.48,11
2023-06-01,1810.7,560.11,11
2023-06-02,1844.37,590.85,13
2023-06-03,1891.21,683.37,14
2023-06-04,1902.44,608.52,14
2023-06-05,2022.3,693.07,13
2023-06-06,2100.71,718.38,14
2023-06-07,2067.0,723.92,15
2023-06-08,2044.91,700.47,14
2023-06-09,1994.32,685.36,15
2023-06-10,2000.08,745.39,13
2023-06-11,1946.08,757.62,13
2023-06-12,1968.02,743.76,14
2023-06-13,1819.33,795.6,15
2023-06-14,1803.79,800.27,14
2023-06-15,1760.07,794.52,15
2023-06-16,1767.36,780.18,14
2023-06-17,1766.64,748.92,14
2023-06-18,1527.06,709.4,15
2023-06-19,1452.81,680.8,14
2023-06-20,1466.46,676.88,15
2023-06-21,1452.76,750.03,13
2023-06-22,1507.84,768.09,16
2023-06-23,1492.5,705.29,15
2023-06-24,1485.52,747.81,15
2023-06-25,1589.79,757.61,17
2023-06-26,1654.27,755.35,15
2023-06-27,1649.38,734.44,15
2023-06-28,1708.55,796.19,15
2023-06-29,1701.59,738.44,17
2023-06-30,1731.6,725.63,17
2023-07-01,1785.84,737.68,17
2023-07-02,1891.63,776.96,17
2023-07-03,1919.23,757.95,16
2023-07-04,1978.78,743.36,18
2023-07-05,1974.2,767.38,16
2023-07-06,2028.25,757.56,15
2023-07-07,2027.54,692.95,16
2023-07-08,2169.89,837.57,17
2023-07-09,2131.48,843.67,16
2023-07-10,2076.99,805.51,17
2023-07-11,2164.84,792.65,17
2023-07-12,2046.81,828.19,17
2023-07-13,1988.67,758.75,17
2023-07-14,2004.68,757.74,17
2023-07-15,1906.8,754.91,16
2023-07-16,1923.55,734.23,15
2023-07-17,1870.57,712.06,17
2023-07-18,1692.66,614.31,16
2023-07-19,1663.61,630.65,17
2023-07-20,1653.97,597.25,15
2023-07-21,1611.34,560.83,15
2023-07-22,1570.96,526.21,17
2023-07-23,1569.67,511.7,15
2023-07-24,1600.05,531.18,17
2023-07-25,1708.07,457.74,16
2023-07-26,1655.11,528.32,16
2023-07-27,1699.63,457.64,17
2023-07-28,1780.38,411.25,17
2023-07-29,1770.76,429.28,17
2023-07-30,1769.9,391.91,16
2023-07-31,1853.82,385.23,16
2023-08-01,1841.65,346.91,18
2023-08-02,1889.89,361.47,17
2023-08-03,1914.27,307.57,17
2023-08-04,1888.07,329.69,16
2023-08-05,2102.69,404.46,17
2023-08-06,2144.44,402.62,14
2023-08-07,2050.29,389.18,18
2023-08-08,2094.05,400.44,16
2023-08-09,1995.78,414.34,15
2023-08-10,2041.86,399.33,16
2023-08-11,1906.46,418.08,16
2023-08-12,1877.11,378.14,17
2023-08-13,1896.85,397.4,17
2023-08-14,1852.08,400.94,16
2023-08-15,1782.48,422.46,18
2023-08-16,1676.23,386.73,16
2023-08-17,1683.06,427.27,16
2023-08-18,1463.54,309.56,17
2023-08-19,1415.23,325.72,18
2023-08-20,1460.45,341.45,17
2023-08-21,1409.37,371.57,17
2023-08-22,1401.55,351.01,17
2023-08-23,1409.51,368.37,19
2023-08-24,1554.32,390.18,19
2023-08-25,1512.24,421.33,18
2023-08-26,1554.9,416.19,18
2023-08-27,1582.48,459.61,20
2023-08-28,1715.75,463.32,18
2023-08-29,1669.78,503.29,18
2023-08-30,1725.1,507.95,18
2023-08-31,1802.2,562.84,19
2023-09-01,1854.24,544.55,15
2023-09-02,1913.31,532.43,19
2023-09-03,1894.31,571.52,17
2023-09-04,1991.17,593.15,18
2023-09-05,2113.7,678.6,17
2023-09-06,2102.38,747.19,18
2023-09-07,2090.34,721.45,18
2023-09-08,2084.43,727.69,20
2023-09-09,2045.29,758.56,20
2023-09-10,2080.48,746.34,21
2023-09-11,1981.97,798.22,19
2023-09-12,1971.61,803.41,19
2023-09-13,1897.76,797.95,20
2023-09-14,1850.36,815.47,18
2023-09-15,1889.82,797.71,18
2023-09-16,1870.5,780.74,19
2023-09-17,1827.38,810.6,19
2023-09-18,1516.6,719.56,17
2023-09-19,1504.17,687.53,20
2023-09-20,1611.04,709.72,20
2023-09-21,1532.47,705.55,20
2023-09-22,1501.35,708.06,18
2023-09-23,1603.53,758.27,19
2023-09-24,1591.5,737.0,19
2023-09-25,1638.77,742.93,19
2023-09-26,1575.03,728.12,19
2023-09-27,1679.69,735.24,20
2023-09-28,1763.59,705.89,19
2023-09-29,1746.98,731.98,19
2023-09-30,1849.58,664.39,21
2023-10-01,1793.5,682.45,19
2023-10-02,1863.64,653.53,18
2023-10-03,1946.61,695.28,17
2023-10-04,1862.69,668.93,19
2023-10-05,1918.2,677.44,20
2023-10-06,1926.4,612.09,18
2023-10-07,1897.91,621.41,20
2023-10-08,2056.75,677.26,19
2023-10-09,2008.43,716.5,17
2023-10-10,2013.5,691.46,19
2023-10-11,1965.88,710.17,18
2023-10-12,1879.01,687.32,18
2023-10-13,1926.29,633.29,20
2023-10-14,1815.01,637.67,20
2023-10-15,1758.97,670.62,17
2023-10-16,1753.1,674.27,19
2023-10-17,1714.09,611.12,19
2023-10-18,1524.81,564.58,18
2023-10-19,1477.11,541.27,18
2023-10-20,1532.04,537.2,18
2023-10-21,1569.86,545.93,19
2023-10-22,1539.82,562.53,18
2023-10-23,1509.25,544.5,16
2023-10-24,1559.87,517.34,16
2023-10-25,1638.91,565.34,16
2023-10-26,1607.61,557.58,16
2023-10-27,1682.96,547.88,17
2023-10-28,1720.7,565.69,17
2023-10-29,1835.42,569.43,17
2023-10-30,1958.97,583.31,17
2023-10-31,1888.17,582.77,17
2023-11-01,2005.3,598.32,18
2023-11-02,1995.38,600.59,15
2023-11-03,2000.08,627.15,17
2023-11-04,2124.09,651.86,17
2023-11-05,2349.37,714.92,15
2023-11-06,2293.86,710.14,17
2023-11-07,2289.26,701.03,17
2023-11-08,2267.96,755.87,16
2023-11-09,2242.8,730.94,14
2023-11-10,2236.36,811.64,17
2023-11-11,2220.33,830.34,16
2023-11-12,2224.51,773.66,16
2023-11-13,2116.82,750.72,13
2023-11-14,2109.4,810.56,15
2023-11-15,2074.45,850.91,14
2023-11-16,2090.4,784.12,17
2023-11-17,2121.44,862.63,14
2023-11-18,1874.4,697.65,17
2023-11-19,1863.14,713.31,16
2023-11-20,1873.3,758.54,16
2023-11-21,1900.82,779.99,16
2023-11-22,1964.31,761.41,14
2023-11-23,1851.97,777.37,14
2023-11-24,1969.98,795.7,16
2023-11-25,1902.32,801.46,14
2023-11-26,2073.76,763.4,13
2023-11-27,2109.98,759.82,14
2023-11-28,2122.41,802.96,14
2023-11-29,2097.7,789.97,16
2023-11-30,2237.16,792.35,15
2023-12-01,2287.19,763.51,14
2023-12-02,2312.56,789.99,13
2023-12-03,2320.77,749.02,14
2023-12-04,2330.27,774.97,15
2023-12-05,2369.71,767.72,14
2023-12-06,2533.78,852.94,13
2023-12-07,2581.07,861.94,12
2023-12-08,2531.93,816.15,13
2023-12-09,2448.16,846.77,14
2023-12-10,2481.59,825.11,13
2023-12-11,2451.27,799.57,14
2023-12-12,2450.88,779.83,14
2023-12-13,2382.12,842.04,13
2023-12-14,2273.32,790.27,13
2023-12-15,2311.39,775.06,11
2023-12-16,2173.0,748.63,12
2023-12-17,2187.42,788.56,12
2023-12-18,1993.97,687.64,13
2023-12-19,1997.07,674.22,11
2023-12-20,1998.57,645.79,12
2023-12-21,1971.88,654.73,12
2023-12-22,1925.63,611.38,13
2023-12-23,1961.79,625.88,11
2023-12-24,1967.64,611.82,13
2023-12-25,1959.34,611.22,11
2023-12-26,2009.26,558.23,11
2023-12-27,2108.54,632.54,12
2023-12-28,2101.97,620.85,13
2023-12-29,2184.81,554.37,11
2023-12-30,2106.04,587.44,10
2023-12-31,2157.86,537.76,11
2024-01-01,2207.56,568.74,11
2024-01-02,2233.98,515.75,13
2024-01-03,2210.98,555.52,12
2024-01-04,2241.51,549.87,11
2024-01-05,2230.63,585.47,11
2024-01-06,2134.65,596.92,13
2024-01-07,2181.28,598.38,11
2024-01-08,2346.23,678.39,11
2024-01-09,2275.93,657.2,11
2024-01-10,2152.58,667.14,12
2024-01-11,2154.81,670.95,10
2024-01-12,2125.21,641.16,12
2024-01-13,2024.7,697.59,12
2024-01-14,2033.87,693.44,11
2024-01-15,1977.39,700.9,10
2024-01-16,1911.78,641.48,9
2024-01-17,1869.45,709.09,10
2024-01-18,1655.09,639.13,10
2024-01-19,1626.32,624.92,10
2024-01-20,1568.72,622.81,10
2024-01-21,1595.18,612.67,11
2024-01-22,1618.33,620.1,10
2024-01-23,1679.43,664.19,9
2024-01-24,1675.47,664.84,9
2024-01-25,1730.46,673.73,12
2024-01-26,1662.17,721.98,11
2024-01-27,1734.32,669.73,9
2024-01-28,1856.07,698.57,11
2024-01-29,1793.61,752.01,10
2024-01-30,1826.67,716.13,12
2024-01-31,1873.61,732.33,10
2024-02-01,1978.03,734.47,11
2024-02-02,1901.48,760.83,11
2024-02-03,1954.49,706.54,12
2024-02-04,1950.56,753.14,10
2024-02-05,2052.88,854.07,11
2024-02-06,2105.24,835.52,9
2024-02-07,2064.29,868.96,10
2024-02-08,2078.58,881.92,10
2024-02-09,2081.5,877.04,11
2024-02-10,1970.41,907.96,10
2024-02-11,1929.97,860.25,12
2024-02-12,1989.23,880.94,11
2024-02-13,1836.64,879.87,10
2024-02-14,1778.13,862.87,9
2024-02-15,1841.8,890.88,11
2024-02-16,1766.62,869.44,8
2024-02-17,1760.75,833.11,11
2024-02-18,1629.98,781.78,9
2024-02-19,1503.02,749.34,11
2024-02-20,1554.98,747.66,9
2024-02-21,1537.59,743.12,9
2024-02-22,1620.44,758.05,11
2024-02-23,1625.16,758.39,11
2024-02-24,1646.03,723.47,10
2024-02-25,1760.59,714.14,10
2024-02-26,1786.85,665.46,11
2024-02-27,1796.05,686.18,11
2024-02-28,1851.54,672.04,10
2024-02-29,1951.93,690.63,10
2024-03-01,1934.01,672.25,9
2024-03-02,2043.03,645.4,11
2024-03-03,2117.95,659.57,11
2024-03-04,2122.74,645.64,11
2024-03-05,2097.5,582.32,10
2024-03-06,2140.06,653.88,12
2024-03-07,2279.03,733.33,9
2024-03-08,2321.59,697.78,12
2024-03-09,2291.72,703.1,11
2024-03-10,2246.55,680.97,11
2024-03-11,2279.29,646.11,10
2024-03-12,2159.13,722.85,11
2024-03-13,2155.78,686.17,11
2024-03-14,2128.8,685.43,11
2024-03-15,2118.92,654.21,9
2024-03-16,2155.94,681.67,13
2024-03-17,2115.71,623.91,12
2024-03-18,1888.17,556.55,11
2024-03-19,1879.08,576.88,12
2024-03-20,1877.34,546.23,13
2024-03-21,1935.0,580.25,11
2024-03-22,1841.2,567.86,11
2024-03-23,1957.69,567.52,13
2024-03-24,1946.28,549.54,12
2024-03-25,2021.42,577.49,11
2024-03-26,2066.36,615.03,13
2024-03-27,2122.47,580.98,12
2024-03-28,2202.13,594.61,11
2024-03-29,2148.45,603.73,13
2024-03-30,2279.34,569.52,13
2024-03-31,2285.83,598.76,12
2024-04-01,2310.37,605.54,13
2024-04-02,2429.22,570.26,13
2024-04-03,2406.05,642.62,14
2024-04-04,2381.4,613.32,13
2024-04-05,2434.59,657.6,13
2024-04-06,2395.0,634.98,13
2024-04-07,2367.69,705.72,14
2024-04-08,2529.2,753.87,14
2024-04-09,2530.96,811.47,13
2024-04-10,2462.3,774.54,13
2024-04-11,2447.83,786.18,15
2024-04-12,2428.86,830.64,14
2024-04-13,2355.76,784.55,14
2024-04-14,2375.64,814.09,15
2024-04-15,2263.79,832.74,13
2024-04-16,2271.41,837.21,14
2024-04-17,2224.7,836.25,16
2024-04-18,2026.97,749.67,15
2024-04-19,2023.3,776.24,16
2024-04-20,1881.54,766.77,14
2024-04-21,1949.81,788.74,14
2024-04-22,1942.21,780.03,16
2024-04-23,1963.34,788.92,13
2024-04-24,1965.68,802.03,15
2024-04-25,1986.34,772.0,16
2024-04-26,1996.84,804.12,15
2024-04-27,2071.22,776.53,13
2024-04-28,2133.75,748.58,14
2024-04-29,2115.98,770.81,15
2024-04-30,2151.12,760.05,16
2024-05-01,2163.04,781.36,16
2024-05-02,2171.52,763.24,15
2024-05-03,2209.65,768.08,16
2024-05-04,2233.33,782.64,16
2024-05-05,2259.94,787.44,16
2024-05-06,2349.78,845.03,16
2024-05-07,2367.14,855.76,15
2024-05-08,2377.77,820.76,17
2024-05-09,2256.13,782.59,15
2024-05-10,2296.3,782.96,17
2024-05-11,2186.33,796.19,17
2024-05-12,2173.18,809.3,16
2024-05-13,2085.9,778.63,17
2024-05-14,2055.37,799.88,18
2024-05-15,2043.8,804.9,16
2024-05-16,1935.56,735.85,18
2024-05-17,1932.76,792.96,18
2024-05-18,1682.67,611.17,17
2024-05-19,1618.9,678.88,18
2024-05-20,1623.58,628.77,17
2024-05-21,1612.94,615.97,18
2024-05-22,1571.62,612.84,15
2024-05-23,1646.78,587.74,19
2024-05-24,1671.56,631.16,16
2024-05-25,1701.82,576.18,18
2024-05-26,1753.97,572.82,17
2024-05-27,1771.96,549.33,19
2024-05-28,1754.47,558.66,18
2024-05-29,1799.47,555.06,17
2024-05-30,1878.76,550.02,19
2024-05-31,1896.3,560.19,19
2024-06-01,1910.7,537.42,18
2024-06-02,1903.39,595.68,17
2024-06-03,1931.04,556.66,17
2024-06-04,1977.78,568.45,20
2024-06-05,2078.63,670.14,19
2024-06-06,2056.26,697.45,19
2024-06-07,2145.73,675.4,19
2024-06-08,2078.86,653.14,17
2024-06-09,2083.82,638.92,18
2024-06-10,2087.62,674.56,18
2024-06-11,1958.7,695.75,20
2024-06-12,1895.86,681.38,17
2024-06-13,1905.0,686.13,20
2024-06-14,1853.15,696.37,21
2024-06-15,1842.52,657.99,17
2024-06-16,1833.99,710.23,19
2024-06-17,1805.23,731.37,20
2024-06-18,1592.08,632.82,20
2024-06-19,1623.01,667.36,17
2024-06-20,1614.3,677.11,20
2024-06-21,1598.74,649.71,19
2024-06-22,1650.73,679.72,19
2024-06-23,1606.28,680.15,22
2024-06-24,1736.96,643.72,19
2024-06-25,1746.03,693.24,20
2024-06-26,1753.38,683.5,20
2024-06-27,1833.87,717.69,20
2024-06-28,1938.87,738.01,20
2024-06-29,1928.97,726.09,21
2024-06-30,2020.84,718.53,19
2024-07-01,2083.51,750.45,20
2024-07-02,2094.04,805.51,20
2024-07-03,2096.24,709.83,18
2024-07-04,2149.52,768.0,19
2024-07-05,2119.04,755.52,21
2024-07-06,2159.0,762.03,19
2024-07-07,2136.37,772.31,23
2024-07-08,2354.31,859.52,21
2024-07-09,2295.06,882.06,20
2024-07-10,2319.81,864.46,21
2024-07-11,2329.27,822.41,21
2024-07-12,2301.17,897.55,20
2024-07-13,2184.16,892.9,19
2024-07-14,2173.41,852.6,21
2024-07-15,2197.87,864.2,21
2024-07-16,2167.96,886.32,19
2024-07-17,2102.57,877.99,18
2024-07-18,1904.6,790.19,19
2024-07-19,1919.72,762.99,22
2024-07-20,1856.18,765.52,20
2024-07-21,1950.78,772.87,21
2024-07-22,1990.74,727.1,20
2024-07-23,1967.53,736.68,19
2024-07-24,1966.81,671.68,22
2024-07-25,2107.09,675.74,20
2024-07-26,2110.87,712.79,20
2024-07-27,2176.27,707.23,20
2024-07-28,2154.4,675.27,20
2024-07-29,2202.79,661.27,21
2024-07-30,2308.89,657.57,20
2024-07-31,2371.33,660.43,20
2024-08-01,2330.73,596.23,19
2024-08-02,2394.14,648.45,18
2024-08-03,2361.13,630.22,19
2024-08-04,2401.91,626.53,19
2024-08-05,2607.72,700.29,20
2024-08-06,2624.58,664.92,19
2024-08-07,2515.43,663.96,18
2024-08-08,2608.7,714.92,18
2024-08-09,2522.68,661.11,20
2024-08-10,2534.28,687.45,20
2024-08-11,2469.56,640.93,19
2024-08-12,2428.63,660.14,19
2024-08-13,2422.59,647.2,20
2024-08-14,2278.86,647.73,19
2024-08-15,2268.3,644.47,20
2024-08-16,2190.87,682.37,19
2024-08-17,2189.98,692.43,18
2024-08-18,2003.92,565.44,20
2024-08-19,2001.28,552.1,19
2024-08-20,1939.93,533.66,18
2024-08-21,1911.06,534.63,20
2024-08-22,1963.84,600.48,20
2024-08-23,1946.94,540.21,19
2024-08-24,1978.45,567.44,18
2024-08-25,2049.22,585.8,20
2024-08-26,2073.32,531.02,19
2024-08-27,2118.01,567.19,19
2024-08-28,2109.59,572.23,18
2024-08-29,2187.55,594.48,19
2024-08-30,2180.11,622.7,17
2024-08-31,2191.95,647.87,17
2024-09-01,2179.25,619.23,20
2024-09-02,2152.75,632.49,17
2024-09-03,2170.92,649.02,19
2024-09-04,2224.08,643.07,19
2024-09-05,2356.69,769.19,18
2024-09-06,2304.13,779.08,17
2024-09-07,2312.29,718.47,18
2024-09-08,2295.02,801.42,19
2024-09-09,2252.35,798.97,18
2024-09-10,2185.27,810.43,16
2024-09-11,2130.23,838.94,17
2024-09-12,2059.05,781.57,16
2024-09-13,2046.94,800.71,16
2024-09-14,1968.59,833.75,17
2024-09-15,1927.0,790.68,17
2024-09-16,1927.25,842.96,15
2024-09-17,1887.51,871.49,17
2024-09-18,1640.76,776.21,17
2024-09-19,1622.35,773.14,16
2024-09-20,1618.02,769.5,14
2024-09-21,1564.12,767.68,16
2024-09-22,1687.04,768.14,18
2024-09-23,1646.23,784.81,16
2024-09-24,1728.23,745.86,16
2024-09-25,1732.99,811.59,15
2024-09-26,1816.91,761.82,16
2024-09-27,1825.07,788.22,16
2024-09-28,1876.63,774.87,16
2024-09-29,1860.2,744.15,14
2024-09-30,1868.49,793.7,15
2024-10-01,1946.03,784.12,15
2024-10-02,1894.71,720.2,15
2024-10-03,1958.97,746.97,13
2024-10-04,1939.23,746.44,14
2024-10-05,1948.67,689.09,15
2024-10-06,1987.92,680.33,15
2024-10-07,1966.94,700.57,14
2024-10-08,2107.18,771.6,12
2024-10-09,2092.81,768.84,15
2024-10-10,2027.18,753.98,16
2024-10-11,2092.88,771.09,13
2024-10-12,1979.46,744.98,14
2024-10-13,1910.2,779.9,15
2024-10-14,1926.21,750.18,15
2024-10-15,1908.17,754.6,15
2024-10-16,1812.9,691.06,15
2024-10-17,1772.92,705.69,12
2024-10-18,1580.81,624.09,13
2024-10-19,1600.08,622.98,14
2024-10-20,1631.02,591.09,13
2024-10-21,1594.6,587.1,14
2024-10-22,1664.56,582.79,13
2024-10-23,1707.57,578.69,13
2024-10-24,1768.82,627.29,13
2024-10-25,1827.0,581.63,12
2024-10-26,1871.69,571.35,12
2024-10-27,1974.53,539.2,13
2024-10-28,2004.52,536.87,12
2024-10-29,2026.8,557.26,13
2024-10-30,2034.48,585.47,12
2024-10-31,2089.19,555.64,14
2024-11-01,2100.77,556.78,13
2024-11-02,2186.5,544.81,12
2024-11-03,2214.71,524.59,12
2024-11-04,2247.49,575.0,13
2024-11-05,2419.82,653.0,11
2024-11-06,2442.98,672.33,11
2024-11-07,2431.4,670.53,13
2024-11-08,2338.58,651.17,12
2024-11-09,2331.59,683.21,13
2024-11-10,2320.41,656.3,12
2024-11-11,2264.76,696.46,11
2024-11-12,2249.04,697.74,10
2024-11-13,2237.4,740.9,11
2024-11-14,2194.8,696.19,12
2024-11-15,2175.96,694.63,12
2024-11-16,2125.77,723.55,12
2024-11-17,2166.41,755.06,12
2024-11-18,1971.7,599.25,13
2024-11-19,1936.1,689.26,9
2024-11-20,1932.27,674.62,11
2024-11-21,2043.52,663.22,10
2024-11-22,2092.12,689.26,12
2024-11-23,2076.17,689.87,10
2024-11-24,2097.56,687.79,12
2024-11-25,2192.82,680.34,10
2024-11-26,2220.62,746.94,11
2024-11-27,2244.91,726.02,10
2024-11-28,2332.6,736.69,10
2024-11-29,2313.31,770.33,11
2024-11-30,2355.22,758.85,11
2024-12-01,2423.2,728.57,10
2024-12-02,2437.64,782.28,11
2024-12-03,2470.32,804.05,11
2024-12-04,2494.76,785.68,10
2024-12-05,2394.08,758.06,12
2024-12-06,2625.81,836.42,11
2024-12-07,2668.21,849.95,10
2024-12-08,2550.13,872.24,11
2024-12-09,2508.65,900.78,11
2024-12-10,2412.7,851.35,11
2024-12-11,2448.67,851.67,10
2024-12-12,2417.7,885.57,7
2024-12-13,2370.07,849.98,9
2024-12-14,2267.95,892.97,11
2024-12-15,2262.08,847.07,9
2024-12-16,2233.52,870.45,11
2024-12-17,2197.52,847.01,11
2024-12-18,1944.85,757.43,10
2024-12-19,1971.53,730.76,8
2024-12-20,1934.47,724.53,9
2024-12-21,1900.01,728.13,11
2024-12-22,1999.85,728.05,11
2024-12-23,1998.5,713.37,8
2024-12-24,2037.88,653.99,10
2024-12-25,2026.6,689.46,9
2024-12-26,2098.34,660.16,10
2024-12-27,2144.5,653.38,10
2024-12-28,2201.84,666.28,12
2024-12-29,2198.27,684.48,10
2024-12-30,2208.5,633.1,11
2024-12-31,2166.36,672.91,11
2025-01-01,2223.63,596.96,10
2025-01-02,2182.35,640.12,10
2025-01-03,2199.66,614.82,10
2025-01-04,2284.01,602.71,9
2025-01-05,2158.21,621.84,9
2025-01-06,2082.07,571.24,10
2025-01-07,2154.98,607.78,9
2025-01-08,2248.98,660.15,10
2025-01-09,2250.4,646.34,10
2025-01-10,2130.16,627.71,11
2025-01-11,2102.19,688.93,11
2025-01-12,2105.19,677.06,10
2025-01-13,1965.42,640.09,10
2025-01-14,1958.03,662.02,11
2025-01-15,1931.95,653.0,11
2025-01-16,1861.33,643.42,10
2025-01-17,1867.8,674.13,10
2025-01-18,1651.58,551.62,10
2025-01-19,1660.76,520.38,11
2025-01-20,1706.92,578.23,12
2025-01-21,1745.53,578.59,12
2025-01-22,1685.93,569.33,11
2025-01-23,1691.02,568.62,13
2025-01-24,1741.53,560.39,11
2025-01-25,1753.67,593.69,13
2025-01-26,1744.7,589.87,13
2025-01-27,1838.06,638.22,13
2025-01-28,1916.11,636.62,12
2025-01-29,1862.89,623.16,12
2025-01-30,1911.33,654.14,12
2025-01-31,1951.37,649.29,13
2025-02-01,2003.85,654.87,11
2025-02-02,2085.4,668.79,12
2025-02-03,1977.08,718.17,14
2025-02-04,2003.5,702.51,13
2025-02-05,2177.37,780.79,13
2025-02-06,2146.08,815.84,11
2025-02-07,2127.97,823.61,12
2025-02-08,2081.22,818.71,13
2025-02-09,2157.68,813.64,12
2025-02-10,2050.15,819.64,11
2025-02-11,1970.01,811.65,13
2025-02-12,1991.14,845.72,14
2025-02-13,1925.88,834.2,12
2025-02-14,1891.21,843.27,14
2025-02-15,1861.67,871.21,15
2025-02-16,1845.9,898.52,15
2025-02-17,1807.23,872.85,13
2025-02-18,1605.81,774.78,12
2025-02-19,1691.19,778.41,14
2025-02-20,1694.47,804.82,16
2025-02-21,1763.43,788.51,15
2025-02-22,1740.72,783.66,14
2025-02-23,1778.96,783.87,15
2025-02-24,1894.93,744.52,15
2025-02-25,1910.96,781.69,12
2025-02-26,2006.12,750.28,15
2025-02-27,2031.67,773.94,14
2025-02-28,2148.15,744.15,13
2025-03-01,2156.7,767.76,14
2025-03-02,2186.73,745.22,15
2025-03-03,2235.53,716.68,14
2025-03-04,2225.13,728.26,14
2025-03-05,2195.67,775.51,14
2025-03-06,2275.32,668.9,16
2025-03-07,2331.28,714.15,15
2025-03-08,2365.37,769.56,13
2025-03-09,2446.56,813.16,15
2025-03-10,2354.52,791.75,14
2025-03-11,2380.46,768.7,14
2025-03-12,2353.61,775.58,17
2025-03-13,2344.8,751.59,16
2025-03-14,2293.93,737.26,15
2025-03-15,2304.43,715.03,14
2025-03-16,2270.55,711.57,16
2025-03-17,2201.34,700.88,15
2025-03-18,2041.44,613.24,16
2025-03-19,1984.55,563.72,16
2025-03-20,1979.0,620.78,16
2025-03-21,1962.73,634.24,17
2025-03-22,2068.1,575.73,16
2025-03-23,2036.92,605.52,17
2025-03-24,1995.07,571.79,18
2025-03-25,2137.21,557.22,15
2025-03-26,2146.11,558.5,17
2025-03-27,2196.91,565.94,16
2025-03-28,2246.49,546.08,18
2025-03-29,2289.62,573.94,18
2025-03-30,2441.14,548.6,18
2025-03-31,2443.93,536.61,16
2025-04-01,2444.46,560.74,18
2025-04-02,2455.48,547.64,18
2025-04-03,2505.27,558.18,15
2025-04-04,2483.95,567.4,18
2025-04-05,2504.13,543.04,18
2025-04-06,2485.73,609.22,16
2025-04-07,2452.11,600.26,18
2025-04-08,2643.47,664.39,18
2025-04-09,2561.38,684.28,19
2025-04-10,2537.56,705.66,18
2025-04-11,2456.14,703.72,18
2025-04-12,2412.33,748.36,19
2025-04-13,2305.26,710.01,15
2025-04-14,2361.9,749.98,18
2025-04-15,2326.38,703.28,19
2025-04-16,2298.0,715.68,16
2025-04-17,2186.5,787.85,19
2025-04-18,2022.56,660.5,19
2025-04-19,1987.11,653.52,19
2025-04-20,2001.31,687.29,20
2025-04-21,1949.59,725.16,18
2025-04-22,1965.81,689.38,19
2025-04-23,1936.08,713.82,20
2025-04-24,1984.98,682.19,19
2025-04-25,2035.28,720.56,17
2025-04-26,2070.37,760.26,19
2025-04-27,2036.7,728.04,19
2025-04-28,2109.78,723.76,20
2025-04-29,2164.0,740.54,19
2025-04-30,2235.34,749.46,18
2025-05-01,2179.48,784.31,18
2025-05-02,2243.08,779.76,21
2025-05-03,2215.84,787.22,20
2025-05-04,2221.28,777.72,21
2025-05-05,2198.83,765.18,21
2025-05-06,2366.79,852.7,19
2025-05-07,2361.86,879.49,19
2025-05-08,2382.25,904.36,20
2025-05-09,2279.12,847.36,20
2025-05-10,2227.79,843.55,18
2025-05-11,2216.75,838.11,20
2025-05-12,2156.74,877.82,20
2025-05-13,2100.47,854.34,19
2025-05-14,2059.1,862.55,19
2025-05-15,1965.12,833.58,20
2025-05-16,1923.87,852.19,22
2025-05-17,1950.9,825.55,20
2025-05-18,1689.8,700.67,20
2025-05-19,1692.78,747.29,19
2025-05-20,1700.88,718.11,20
2025-05-21,1683.2,703.67,19
2025-05-22,1610.54,707.98,20
2025-05-23,1668.14,661.1,22
2025-05-24,1730.42,693.26,20
2025-05-25,1740.93,661.5,18
2025-05-26,1763.19,661.96,21
2025-05-27,1737.32,681.28,21
2025-05-28,1813.15,661.26,21
2025-05-29,1877.42,634.33,20
2025-05-30,1863.77,627.28,19
2025-05-31,1976.84,564.76,19
2025-06-01,1975.47,594.94,20
2025-06-02,1934.62,609.02,20
2025-06-03,2001.18,581.31,19
2025-06-04,2020.15,562.23,21
2025-06-05,2216.5,685.81,21
2025-06-06,2263.36,698.42,21
2025-06-07,2218.71,648.87,19
2025-06-08,2128.4,679.72,19
2025-06-09,2095.8,672.84,20
2025-06-10,2105.73,632.56,20
2025-06-11,2083.61,635.94,20
2025-06-12,2076.78,690.27,20
2025-06-13,2065.99,625.45,21
2025-06-14,2033.65,636.82,19
2025-06-15,1925.59,694.43,20
2025-06-16,1949.32,640.39,20
2025-06-17,1914.1,685.15,20
2025-06-18,1661.74,546.11,20
2025-06-19,1633.44,575.56,19
2025-06-20,1713.41,601.01,18
2025-06-21,1674.18,572.1,20
2025-06-22,1723.76,590.45,18
2025-06-23,1764.81,611.08,20
2025-06-24,1838.77,581.83,18
2025-06-25,1924.02,658.41,21
2025-06-26,1931.87,639.84,19
2025-06-27,1967.19,617.4,20
2025-06-28,1968.8,628.66,19
2025-06-29,2111.06,684.7,19
2025-06-30,2146.67,643.85,20
2025-07-01,2172.27,650.41,19
2025-07-02,2271.88,695.22,19
2025-07-03,2221.45,648.39,18
2025-07-04,2262.87,686.62,18
2025-07-05,2293.09,699.21,21
2025-07-06,2287.78,690.69,17
2025-07-07,2323.73,680.3,17
2025-07-08,2499.5,814.51,19
2025-07-09,2501.6,836.01,19
2025-07-10,2457.95,813.39,17
2025-07-11,2407.37,809.34,16
2025-07-12,2367.72,869.38,19
2025-07-13,2362.7,859.24,17
2025-07-14,2308.02,844.92,17
2025-07-15,2286.78,877.74,18
2025-07-16,2277.59,866.72,17
2025-07-17,2244.85,903.98,18
2025-07-18,2047.89,791.71,17
2025-07-19,2004.21,748.24,16
2025-07-20,2082.2,765.29,16
2025-07-21,2007.71,766.54,18
2025-07-22,2081.53,786.21,17
2025-07-23,2076.5,771.37,18
2025-07-24,2165.46,751.15,17
2025-07-25,2198.05,786.06,15
2025-07-26,2210.57,791.53,17
2025-07-27,2310.89,763.0,18
2025-07-28,2296.25,764.93,18
2025-07-29,2378.64,733.47,14
2025-07-30,2364.17,737.1,13
2025-07-31,2440.68,731.28,17
2025-08-01,2424.38,746.95,16
2025-08-02,2480.53,732.62,15
2025-08-03,2492.21,711.66,16
2025-08-04,2529.64,702.37,15
2025-08-05,2660.74,748.5,14
2025-08-06,2777.67,818.2,16
2025-08-07,2598.68,727.91,16
2025-08-08,2624.07,773.89,16
2025-08-09,2587.95,756.22,15
2025-08-10,2553.21,740.37,16
2025-08-11,2469.02,736.95,13
2025-08-12,2446.19,713.62,15
2025-08-13,2368.48,733.87,15
2025-08-14,2405.99,682.19,14
2025-08-15,2273.82,710.23,14
2025-08-16,2251.52,680.43,14
2025-08-17,2200.51,678.73,14
2025-08-18,1980.18,582.61,15
2025-08-19,1941.79,581.61,16
2025-08-20,2005.52,590.72,16
2025-08-21,1958.15,573.95,13
2025-08-22,1961.64,590.99,13
2025-08-23,1971.06,589.89,15
2025-08-24,2036.98,570.85,15
2025-08-25,2053.6,576.97,13
2025-08-26,2083.68,605.15,14
2025-08-27,2087.7,528.93,12
2025-08-28,2161.04,583.89,14
2025-08-29,2152.15,595.17,13
2025-08-30,2203.65,572.45,13
2025-08-31,2216.95,607.27,12
2025-09-01,2176.8,607.62,11
2025-09-02,2313.32,565.1,16
2025-09-03,2260.46,571.39,13
2025-09-04,2235.91,594.06,15
2025-09-05,2411.91,664.52,14
2025-09-06,2443.99,744.35,11
2025-09-07,2376.36,709.03,13
2025-09-08,2306.59,700.15,11
2025-09-09,2222.17,675.98,12
2025-09-10,2176.63,720.8,10
2025-09-11,2079.85,697.74,11
2025-09-12,2077.1,749.36,11
2025-09-13,2062.03,686.61,11
2025-09-14,2013.57,781.24,12
2025-09-15,1970.79,750.67,11
2025-09-16,1895.79,731.99,12
2025-09-17,1905.66,777.98,13
2025-09-18,1706.59,697.73,12
2025-09-19,1590.5,704.76,11
2025-09-20,1679.25,745.1,12
2025-09-21,1750.8,731.37,10
2025-09-22,1685.73,748.39,12
2025-09-23,1633.25,732.85,10
2025-09-24,1725.03,754.69,13
2025-09-25,1726.77,722.96,12
2025-09-26,1808.05,763.3,12
2025-09-27,1828.73,746.2,12
2025-09-28,1945.0,796.51,11
2025-09-29,1978.23,773.07,10
2025-09-30,1997.61,789.2,10
2025-10-01,2057.71,782.86,13
2025-10-02,2017.56,818.56,11
2025-10-03,2054.91,745.45,10
2025-10-04,2136.01,777.47,11
2025-10-05,2078.23,758.28,11
2025-10-06,2068.55,732.96,10
2025-10-07,2004.1,753.4,10
2025-10-08,2182.52,888.89,11
2025-10-09,2132.64,858.87,11
2025-10-10,2193.22,850.43,11
2025-10-11,2044.13,867.34,10
2025-10-12,2094.37,847.3,10
2025-10-13,2047.66,852.09,11
2025-10-14,1939.2,838.98,10
2025-10-15,2008.02,836.6,9
2025-10-16,1937.92,807.09,11
2025-10-17,1887.16,831.95,9
2025-10-18,1750.99,683.83,8
2025-10-19,1713.32,699.9,11
2025-10-20,1748.09,717.0,8
2025-10-21,1759.85,680.4,10
2025-10-22,1777.68,665.13,9
2025-10-23,1805.49,715.74,9
2025-10-24,1920.16,687.42,12
2025-10-25,1953.91,650.25,10
2025-10-26,2005.34,616.86,10
2025-10-27,2038.76,584.73,11
2025-10-28,2108.31,636.68,9
2025-10-29,2133.64,640.87,11
2025-10-30,2182.03,614.05,10
2025-10-31,2311.75,560.49,11
2025-11-01,2319.5,594.94,9
2025-11-02,2297.61,574.53,10
2025-11-03,2284.95,583.23,10
2025-11-04,2288.79,617.49,11
2025-11-05,2518.12,677.84,9
2025-11-06,2537.41,669.57,12
2025-11-07,2523.21,653.05,10
2025-11-08,2502.86,661.07,10
2025-11-09,2482.48,634.7,10
2025-11-10,2403.64,662.23,10
2025-11-11,2459.79,645.96,10
2025-11-12,2366.77,633.09,11
2025-11-13,2352.09,670.84,10
2025-11-14,2290.07,606.29,12
2025-11-15,2299.95,646.61,10
2025-11-16,2343.87,676.01,10
2025-11-17,2225.86,694.06,10
2025-11-18,2028.69,592.76,12
2025-11-19,2043.08,573.47,9
2025-11-20,2075.64,593.58,11
2025-11-21,2091.01,608.08,11
2025-11-22,2102.09,643.46,9
2025-11-23,2172.26,637.26,13
2025-11-24,2269.01,645.67,10
2025-11-25,2252.82,635.26,11
2025-11-26,2299.96,619.08,12
2025-11-27,2360.35,620.72,10
2025-11-28,2413.94,654.17,11
2025-11-29,2478.37,685.39,11
2025-11-30,2472.23,668.16,11
2025-12-01,2490.3,700.93,12
2025-12-02,2474.15,679.87,11
2025-12-03,2544.26,692.09,8
2025-12-04,2488.88,745.72,11
2025-12-05,2478.33,739.86,11
2025-12-06,2687.0,814.13,12
2025-12-07,2706.85,810.05,11
2025-12-08,2643.34,856.18,11
2025-12-09,2575.28,861.03,11
2025-12-10,2496.12,861.68,13
2025-12-11,2534.55,848.96,12
2025-12-12,2428.85,833.4,12
2025-12-13,2370.84,861.08,11
2025-12-14,2353.04,895.58,12
2025-12-15,2274.66,847.09,11
2025-12-16,2226.35,869.86,13
2025-12-17,2198.95,905.77,11
2025-12-18,1985.92,773.28,13
2025-12-19,1955.01,776.59,13
2025-12-20,1945.2,748.34,13
2025-12-21,2025.13,789.66,10
2025-12-22,2025.0,756.81,11
2025-12-23,1990.32,735.33,13
2025-12-24,2073.61,744.28,12
2025-12-25,2081.14,764.91,12
2025-12-26,2089.55,719.99,13
2025-12-27,2089.56,718.1,12
2025-12-28,2175.19,754.18,12
2025-12-29,2256.72,733.06,13
2025-12-30,2215.88,706.88,11
2025-12-31,2268.52,711.84,13
2026-01-01,2237.36,748.73,13
2026-01-02,2280.31,729.99,14
2026-01-03,2237.53,690.51,16
2026-01-04,2144.57,701.74,13
2026-01-05,2180.84,677.27,14
2026-01-06,2179.98,626.36,14
2026-01-07,2175.26,613.24,15
2026-01-08,2277.98,717.12,14
2026-01-09,2235.81,693.54,16
2026-01-10,2162.72,725.48,15
2026-01-11,2185.31,698.99,15
2026-01-12,2131.37,712.37,13
2026-01-13,2005.97,705.04,15
2026-01-14,1931.72,703.3,14
2026-01-15,1882.66,660.93,14
2026-01-16,1935.46,686.59,14
2026-01-17,1895.88,648.65,15
2026-01-18,1659.68,590.39,16
2026-01-19,1691.91,597.37,16
2026-01-20,1644.11,582.81,16
2026-01-21,1728.81,560.16,16
2026-01-22,1709.69,574.42,16
2026-01-23,1714.48,526.87,15
2026-01-24,1774.54,521.33,16
2026-01-25,1812.6,570.49,15
2026-01-26,1881.16,589.95,16
2026-01-27,1951.54,535.81,16
2026-01-28,1990.87,565.72,18
2026-01-29,1995.65,578.25,16
2026-01-30,2017.14,559.0,16
2026-01-31,2031.46,569.66,17
2026-02-01,2010.09,595.87,15
2026-02-02,2084.08,590.63,18
2026-02-03,2059.48,597.18,15
2026-02-04,2128.12,580.06,17
2026-02-05,2256.68,698.44,16
2026-02-06,2270.8,698.25,17
2026-02-07,2202.45,707.68,19
2026-02-08,2165.43,711.91,16
2026-02-09,2176.58,732.04,16
2026-02-10,2129.79,722.55,17
2026-02-11,2096.13,751.06,19
2026-02-12,2048.29,751.97,18
2026-02-13,2049.61,748.7,18
2026-02-14,2020.27,735.48,18
2026-02-15,1903.96,808.2,17
2026-02-16,1961.43,812.59,18
2026-02-17,2004.93,787.03,18
2026-02-18,1751.83,737.99,19
2026-02-19,1745.59,708.33,19
2026-02-20,1826.21,731.57,17
2026-02-21,1883.78,733.63,18
2026-02-22,1891.19,745.64,19
2026-02-23,2000.24,771.83,17
2026-02-24,2071.58,754.03,17
2026-02-25,1994.4,760.01,18
2026-02-26,2103.86,787.76,19
2026-02-27,2091.88,775.97,20
2026-02-28,2246.43,764.07,19
2026-03-01,2246.44,784.11,21
2026-03-02,2294.4,801.62,18
2026-03-03,2384.68,803.21,20
2026-03-04,2323.13,750.26,18
2026-03-05,2330.56,750.01,21
2026-03-06,2313.21,797.93,20
2026-03-07,2435.5,766.78,20
2026-03-08,2607.03,811.13,18
2026-03-09,2542.52,839.2,20
2026-03-10,2483.9,840.67,19
2026-03-11,2528.55,837.88,20
2026-03-12,2563.31,855.42,18
2026-03-13,2424.69,811.43,20
2026-03-14,2357.19,845.24,19
2026-03-15,2411.21,823.26,19
2026-03-16,2300.36,780.61,20
2026-03-17,2304.7,793.47,20
2026-03-18,2019.26,712.68,19
2026-03-19,2092.58,693.74,20
2026-03-20,2058.16,692.12,22
2026-03-21,2155.03,661.68,20
2026-03-22,2093.11,677.6,18
2026-03-23,2178.62,647.45,18
2026-03-24,2178.59,703.15,20
2026-03-25,2223.3,609.18,21
2026-03-26,2278.1,688.86,20
2026-03-27,2301.5,600.16,20
2026-03-28,2325.09,640.98,20
2026-03-29,2362.73,623.55,21
2026-03-30,2449.53,578.11,21
2026-03-31,2401.16,604.6,19
